USE nexusdb;
SET NAMES 'utf8mb4';
SET CHARACTER SET utf8mb4;

INSERT INTO roles(id, name) VALUES
(1, 'ROLE_ADMIN'), 
(2, 'ROLE_EMPLOYEE'), 
(3, 'ROLE_USER');

INSERT INTO users(id, email, password, username, roleId) VALUES 
(1, 'admin@nc.com', '$2a$10$a2Zdg.8XKjHw3fu8QJNe6O3Vag7C5NwIWrP/fyJoricOQoJCeuebq', 'admin', 1),
(2, 'manager@nc.com', '$2a$10$a2Zdg.8XKjHw3fu8QJNe6O3Vag7C5NwIWrP/fyJoricOQoJCeuebq', 'manager', 2),
(3, 'staff1@nc.com', '$2a$10$a2Zdg.8XKjHw3fu8QJNe6O3Vag7C5NwIWrP/fyJoricOQoJCeuebq', 'staff1', 2),
(4, 'staff2@nc.com', '$2a$10$a2Zdg.8XKjHw3fu8QJNe6O3Vag7C5NwIWrP/fyJoricOQoJCeuebq', 'staff2', 2),
(5, 'staff3@nc.com', '$2a$10$a2Zdg.8XKjHw3fu8QJNe6O3Vag7C5NwIWrP/fyJoricOQoJCeuebq', 'staff3', 2);

INSERT INTO users(id, email, password, username, roleId) VALUES 
(6, 'argerich@example.com', '$2a$10$a2Zdg.8XKjHw3fu8QJNe6O3Vag7C5NwIWrP/fyJoricOQoJCeuebq', 'martha_a', 3),
(7, 'horowitz@example.com', '$2a$10$a2Zdg.8XKjHw3fu8QJNe6O3Vag7C5NwIWrP/fyJoricOQoJCeuebq', 'vladimir_h', 3),
(8, 'gould@example.com', '$2a$10$a2Zdg.8XKjHw3fu8QJNe6O3Vag7C5NwIWrP/fyJoricOQoJCeuebq', 'glenn_g', 3),
(9, 'rubinstein@example.com', '$2a$10$a2Zdg.8XKjHw3fu8QJNe6O3Vag7C5NwIWrP/fyJoricOQoJCeuebq', 'arthur_r', 3),
(10, 'zimerman@example.com', '$2a$10$a2Zdg.8XKjHw3fu8QJNe6O3Vag7C5NwIWrP/fyJoricOQoJCeuebq', 'krystian_z', 3),
(11, 'kissin@example.com', '$2a$10$a2Zdg.8XKjHw3fu8QJNe6O3Vag7C5NwIWrP/fyJoricOQoJCeuebq', 'evgeny_k', 3),
(12, 'wang@example.com', '$2a$10$a2Zdg.8XKjHw3fu8QJNe6O3Vag7C5NwIWrP/fyJoricOQoJCeuebq', 'yuja_w', 3),
(13, 'trifonov@example.com', '$2a$10$a2Zdg.8XKjHw3fu8QJNe6O3Vag7C5NwIWrP/fyJoricOQoJCeuebq', 'daniil_t', 3),
(14, 'cho@example.com', '$2a$10$a2Zdg.8XKjHw3fu8QJNe6O3Vag7C5NwIWrP/fyJoricOQoJCeuebq', 'seongjin_c', 3),
(15, 'langlang@example.com', '$2a$10$a2Zdg.8XKjHw3fu8QJNe6O3Vag7C5NwIWrP/fyJoricOQoJCeuebq', 'lang_l', 3);

INSERT INTO employees(employeeNumber, lastName, firstName, reportsTo, jobTitle, userId) VALUES 
(1, 'Smith', 'Admin', NULL, 'President', 1),
(2, 'Davis', 'Manager', 1, 'Store Manager', 2),
(3, 'Miller', 'Staff One', 2, 'Sales Rep', 3),
(4, 'Wilson', 'Staff Two', 2, 'Sales Rep', 4),
(5, 'Taylor', 'Staff Three', 2, 'Customer Support', 5);

INSERT INTO customers(customerNumber, customerName, contactLastName, contactFirstName, phone, addressLine1, addressLine2, city, state, postalCode, country, userId) VALUES 
(1, 'Martha Argerich', 'Argerich', 'Martha', '+54-555-0110', '707 Argerich Blvd', NULL, 'Buenos Aires', NULL, 'C1002', 'Argentina', 6),
(2, 'Vladimir Horowitz', 'Horowitz', 'Vladimir', '+1-555-0107', '404 Virtuoso Drive', NULL, 'New York', 'NY', '10019', 'USA', 7),
(3, 'Glenn Gould', 'Gould', 'Glenn', '+1-555-0106', '303 Variation Way', NULL, 'Toronto', 'ON', 'M5G', 'Canada', 8),
(4, 'Arthur Rubinstein', 'Rubinstein', 'Arthur', '+48-555-0108', '505 Nocturne Lane', NULL, 'Warsaw', NULL, '00-001', 'Poland', 9),
(5, 'Krystian Zimerman', 'Zimerman', 'Krystian', '+41-555-0109', '606 Ballade St', NULL, 'Basel', NULL, '4051', 'Switzerland', 10),
(6, 'Evgeny Kissin', 'Kissin', 'Evgeny', '+44-555-0111', '808 Concerto Ave', NULL, 'London', NULL, 'W1 2AB', 'UK', 11),
(7, 'Yuja Wang', 'Wang', 'Yuja', '+1-555-0112', '909 Encore Blvd', 'Apt 88', 'Beijing', NULL, '100000', 'China', 12),
(8, 'Daniil Trifonov', 'Trifonov', 'Daniil', '+1-555-0113', '1010 Etude Street', NULL, 'New York', 'NY', '10023', 'USA', 13),
(9, 'Seong-Jin Cho', 'Cho', 'Seong-Jin', '+82-555-0114', '1111 Prelude Rd', NULL, 'Seoul', NULL, '06000', 'South Korea', 14),
(10, 'Lang Lang', 'Lang', 'Lang', '+86-555-0115', '1212 Rhapsody Way', NULL, 'Shenzhen', NULL, '518000', 'China', 15);

INSERT INTO productlines(productLine, textDescription, htmlDescription, image) VALUES 
('Sheet Music', 'Classical sheet music collections (Urtext), finger exercises and technique books.', NULL, '/9j/4AAQSkZJRgABAQEASABIAAD/4gHYSUNDX1BST0ZJTEUAAQEAAAHIAAAAAAQwAABtbnRyUkdCIFhZWiAH4AABAAEAAAAAAABhY3NwAAAAAAAAAAAAAAAAAAAAAAAAAAAAAAAAAAAAAQAA9tYAAQAAAADTLQAAAAAAAAAAAAAAAAAAAAAAAAAAAAAAAAAAAAAAAAAAAAAAAAAAAAAAAAAAAAAAAAAAAAlkZXNjAAAA8AAAACRyWFlaAAABFAAAABRnWFlaAAABKAAAABRiWFlaAAABPAAAABR3dHB0AAABUAAAABRyVFJDAAABZAAAAChnVFJDAAABZAAAAChiVFJDAAABZAAAAChjcHJ0AAABjAAAADxtbHVjAAAAAAAAAAEAAAAMZW5VUwAAAAgAAAAcAHMAUgBHAEJYWVogAAAAAAAAb6IAADj1AAADkFhZWiAAAAAAAABimQAAt4UAABjaWFlaIAAAAAAAACSgAAAPhAAAts9YWVogAAAAAAAA9tYAAQAAAADTLXBhcmEAAAAAAAQAAAACZmYAAPKnAAANWQAAE9AAAApbAAAAAAAAAABtbHVjAAAAAAAAAAEAAAAMZW5VUwAAACAAAAAcAEcAbwBvAGcAbABlACAASQBuAGMALgAgADIAMAAxADb/2wBDAAoHBwgHBgoICAgLCgoLDhgQDg0NDh0VFhEYIx8lJCIfIiEmKzcvJik0KSEiMEExNDk7Pj4+JS5ESUM8SDc9Pjv/2wBDAQoLCw4NDhwQEBw7KCIoOzs7Ozs7Ozs7Ozs7Ozs7Ozs7Ozs7Ozs7Ozs7Ozs7Ozs7Ozs7Ozs7Ozs7Ozs7Ozs7Ozv/wAARCAIwA0gDASIAAhEBAxEB/8QAHAAAAgMBAQEBAAAAAAAAAAAAAQIAAwQFBgcI/8QASBAAAgIBAgQDBQYFAgUCBAUFAQIAAxEEIQUSMUETUWEGInGBkRQjMqGx0UJSweHwM2IHFSRy8UNTNIKSohYlRGOTslSD0vL/xAAZAQEBAQEBAQAAAAAAAAAAAAAAAQIDBAX/xAAjEQEBAAICAgMBAQEBAQAAAAAAAQIRAyESMRNBUTIiYXFC/9oADAMBAAIRAxEAPwDjAbRgJOUjp9IwwZ7XjACMBGAhAgACMBCFi3WrRUXc7DoPOPQTUXpp6+ZsknZVHVjM2l01motN1pyT1PkPIQaei3W3eNaCuDgD+UTqpXyKFUDAknfbXpFUKoAGAIcQjpuDGABG02yUCNiECECUKBGAhAgtbwqy57R6HP1z89nIDsv6zZp6vCpVe+MmYtLX42pBO4ByZ1MTGPfbVv0AEIwdwciRlJQhTgkbGUiq2lK1rA5UX3j1z/5mrUkaMSYmZdU61lrqivL1P+fH8pordXZgv8BwfjEpZRxCBGxJKgYkxGkkQoDDyMhPmDHxJiVSjB7w4jcue0HJ5bQiYkh5WA6/WTcdR9IEgxDn5fGH84C4kxGxJiAvSTEbEBEAYz0liqFHrIqcoyesJkAMQyxK7LrAlSM7HoqjJnY0XslxDU4bUcumT/du30Ezc5j7amNvp569GtpZFcoT3U4MSngHE+NX11pRY2lrAyT/ABn1PSfRtB7LcN0WGas6iwfxW7j6dJ1wiqoVQAB0AHSefPll9PThx2e3g6PY/ibZUrVSqjYs2x+kxp7PcX1Fz0afT8rK/K1tmyL6+vyn0nEH4TM/NkvxYuDwr2P0Wh5bNS7au7uX/Dn4TocZ4TXxThzabCq6jNRx+E/tOjJOfld7a1NafJXR6rnptUpZWSrKexknrvbLgvOn/NdMvvoMXKO6/wA3ynkQeYZE9uGXlHkzx8aBGZm1A+8T4zX8pn1K4ZDnvOjmt3542JCPehgDEOIl19WnUva4RR1J6CD7Vp+VWNqgN+Ek4Bg7WYgxHG/wkxKExJiNiJbbVQnNa4RR1JMA4kxGG4yOhkIgJiDEfEhEgTEGI+JMQExJiNJAQrFIlkGIFcBEsIxFxArIgxLDFxATEq1aeJpLk/mQj8pfiAgFSD3ikfO5I9yFLnQ/wsR+cTE+c9aSSSQqSSSEwJFIhzJAGIOURpIC8shEMkBCIMR8SYgIBLaNNdqrlp09T22McBUGSZ6P2b9hOKcfdbSh02lJ3tcbn4CfWeAeyPC/Z+kDTUhrce9awyxktak28N7M/wDC+y0JqeNnkU7ihTv8zPpOj0Gm4fQtGlpSqtRgKoxNnKPKAiZtbk0Sc/jXBtHx3h1mh1tfNW26sOqN2I9Z0SIDgDJ2kafn32j9ndZ7OcSbSakcyHeq0DaxfP4+YnHafob2g4BpPaHhj6PVLg9a7APerbzE+Ecd4Pq+AcQt0Wtr5XTdWHR17MPSblc8sfuORqLOVcDrMUe1+dzEmmQkhhC56QooN5aJFXAxDIiQQyQBJDJA+lAScuY2IwE9zyAowN4wEIEJIUZJwICuy1oXY4AmJEs12oDHZR+EeQ8/jGYtrLgij3Adh5+s6VNK0pyr8zJO2krqWtAqjYRwIcZhAnRkAIeQGMBCBAQIexjBTH5YQIAC7TDxKzAWoH1M6BIVST0G5nHYNqtTt/EfpMZX6WNmgp5KS56t+k1ASKoVQoGwEaaiBiHEOJMQheQEYIyIVRUBCgDJzGAhxKpcQ4jYhAhC4lI1CG5qz7pHQnbPwl1riqsvjOOg8zM5elnUNVuTsfr/AHktak2vLoFBLDGRvnzj4mR9LXYCqPylTnp0JziWmu5KbOV+dyMID2k2movxJiZQ1mlblYPYgA3x0wP7fnHGrAOGrKtgbE+faNw8a0YgxFS+uxQVcb7iPNJ6CAqDGxJAXlx0Jgww8jLUrexwlalmPQKMmdbR+zHEdVhnrFCHvYd/pM3KT21MbfUcQmW1VMzAKpZj0AGTPYaT2R0dOG1Nj3t5fhX952dPo9NpRiihK/8AtG84Zc8+nXHh/XitL7N8S1ZBNQpX+a04/LrO5pPZDSVYbVWPef5R7q/vPQdJMzjly5ZOuPHjFOn0mn0icmnpStfJVxmXSZkmPboSywVLzEE+gEZW5lDYIyOh6iEQwgHMAGYx6QCQFTvgxsRTGByJQGRXQowBVhgg9xPmHtJws+zevRV5jor2xWSc8h8vl+k+ozncb4Pp+OcNfSahR15kb+Rh0M1hlcb0zljMpqvmwAMy69SVT/vE2WU26TU2aW9eW2puVhM2uGaF/wC8frPfvc28Ou1/8ePWNiRh7/zjASpXP42M8G1I/wBoP5iVLdUOB1rYhcNQBgrsdvPpNPF1L8L1FaglmQ4AGSTE0dqVcHpS1WytQUpynJPliYv9OmN/yTQk8N4PWdW5YICSy+8AM7DM1LrKntrrHNm1Synl2OJyKdJqaPZvU1XKQzgmus9QPKdfSsV4ZUVXmZaR7nrjpGNvoyknYHW0fZ/tGT4X84G0z8bw/BbyMEYBBHxEz/8AxHALQAFsZG+5RcYPljrLbyLfZwoDlvAAx3zgbRbuLMZK0/a66dGl1gbk5RlgMgR9RqqtPR49hPh4zzAZmS8eJ7PFce8aAMd84g1Y8X2cKYPP4S+7jfIxtLtPGVqu1lVNIucMKiR7+Nt4L9XVRWLbAwrJA5wNt5m4gpt4AUUEv4a4UDfO20nE1N3AyqKS/KuFA3yMR5UmMbWcBgAOZmGQB5QK/PzDlKlTggzNdVVqa6BZ4iELtYhIKnA2MbRU2U2WKb7LqsAqbNyD3GZds6mmnEmIxEE0yXEkJkxIFIgIjYkhVZWKRLcZikQKsSRyIOWEcu/h2lvdjZQhJPXGDMjezGltXNdllZ+onXcYcy2noRMXDG+435WPL3eyuqX/AErq3HrkGYruC8QpG+mZh5rvPdRSMzF4cfpuclfOnptqOHrZT/uGJWZ9HatWGGUEeomS7hOgu/Hpaz6gYMxeC/VanLHgpJ7C32Y0D/gD1/Bv3mK32R3zTqz8GWYvFk1M8XnJJ17fZnXofc5LB6NiY7eF6+j8elsx5gZ/SYuOU+mpYyZkh8Ny4r5G5ycBcbme69lv+GWt4nyarivNpdOdxXj33/aZvSvJcK4Rr+M6oafQ6drXPUgbL8T2n1P2Y/4Z6PhvJqeKcuq1HUL/AAIfh3nseF8G0PB9Kum0OnSpF8hufie824mLXSYqkrStQqKFA6ACHEYiDEjQYgIjTFbeTaqswSsnHSBYdRVzlQ2cHGYh5dSHrbBTHUGZ9ZwpdQNrOVRggAdD/WWaJXozWygIOkqbXU1vVUqO5cj+Izie13sppfarhTaa0ivUICaLgN0byPoZ6DY7iDEix+XOK8K1nBuI26DXVGu+o4IPQ+o8wZjxP0N7b+xem9q+H5Tlq19IPg246/7T6fpPgWv0Gq4ZrbdHrKWqvqYq6MOhm5WcsddxmxLKl7xFUky8DAmmAkhkxIBJJJAkkkkD6cBGAhAhOwzPc8gbAZMxXWtqX8NPw5xt3MTU6vxbfBrJx0JH6ToaPSilAzD3iPpMz/V/41rR9NpxQn+49TLwJAIwE6omIQJAIwEIgEOIQIZAMQyRgJUY+IW+HTyA7v8ApKeHVbm09thKdXYb9UVXoDyidSmsVVKg7Dec53dtU0gEMOJ0ZCHEOIQIAAjASCHEAYhxJiHEBSoIwRmL9nrJU8oHL0x2j5GesYSCsVAWtZnJbH5SoJapJOcsOqnv8JpkxBtVWSCebnIAHUQWNWz8rVhvPb0/aXkRGRSckDPWCVnNWns90e6ebPz/AMH5S+tBXWqAkhRjebuGezmq4jYHpqKV5ybH2X+/Uz1/DvZbQ6PD3D7RaO7/AIR8pyy5McXWceWTyOi4RruIEfZ6CV/nbZfrPQ6L2OpTDay42N/JXsv16/pPThQFAAAA6AQThly5V2x48YzabRabRoF01CVj0G5+cvMMHecnQskbEEgEkMmIAhkxJKDJJJAMkUuoOCwye2YQcgHBHxgSQbHMMkB9jJiIpwcGPIPL+1/Ajq6xxLSj7+hcWKB/qJ+4nhLLK9TWFrsVvfHQz7GZ859qOAHhWuqu0dYXSX2jCgbI2dx6Z7T0cWev81w5cN9uc4+8PxkjWjF7A+cgnrjy0BDmDEPeVE67wbxpMbQpQN9pMQgQ4gCTEOJICwGMekUwBiCNBiACIMHEaCEJiSMRBiAIMQ4kwYUsU5Mc9IpEBMQkQ4ggZ7R958RGp6kSXD3gfSSn8cir8Zg5Y0mICERcSwwEQExBiPiAKzsERSzHoAMkwpCJq0HCtVxO3w9PWSP4mPQTvcI9kbLuW7iHuJ1FQ6n4mev0+lp0lQqorCIOgAnnz5pOo7YcVvtxOE+ymh0BW62tb9QNw7KPd+E7oUAYG0bEmMTx22916ZqTRYIxisQqlj0EjQYla3VsSFYEiUC59TYat6lxtvu0xW8P1K2Bg/LUmRyIx3Hb5wm3UR/EUnlK4OMGUavT+KuVAyN4+lfmqCsMEdNpdKMtNhQBLCM485VZp9T9rawXKaCoArC7g+eZbqtN4m+xTBDKRnImbR6rwytTsWqb/Ss8v9p22grRVchY15/D+Ut6yvUVkKWQ4J64Ep0mptstsrtpNYU4Ric8w8/SBpInkfbv2F0/tVo/GoC1cSqX7qw7Bx/K3+bT2EBkXb8t6jRajh+qs0uqqaq6puV0YYIMrxPvHtz7D0e02lOp0wWriNS+4/awfyt/Qz4dqtLfotVZptTU1V1TcrowwQZuXbGWOu4oxJDBKykEMECSSSQPqYxOfq9UXc01Hp+Ijt/eDW64lvApO/dvKPw/Rg4dh7oOd+89n9PNJpboNAisL2XftOlF2hnSTSWmhEUQyoYRgIoMYGAYwEAjQgYlert8DTM+d8YHxl2Jy+JW+JcKgfdTr8ZnK6iwvDqTZb4hGy7/ADnVlGjp8LTqD1O5miJNQtQCHEIEM0gYkxDJAgEOIQJIRAJXeyheRsjm8pZCRmRWZC3JhLMlsFSR2zvDz2KvvVE+qnrLuRfLtjaKtXLuGk01uBXarnAJDeREsyR2z8IhFoYkYI7TrcG4JqeKuGx4dI/E5H5DzMXKSbpMd+mHS6e7W3inT1M9h7AT1/CfZSjT4t1uL7P5P4R+86+g4dpuHUeFp6wo7serfEzVPJny3L09GHHMQChQAoAA6AQ4kknF1SKY0EbAiPalYJdgMDOO8oto1LXsa9Ryqy7DkBwfjmV/YNOrs9ha52Jzk58/6YHyEINGvGpsASpuXfLZ2x2PzBB+BmsykcyDlVVqQdP/ABF5Rzg8rWHOcnoJQ5uXooLnyWOhYjLDB8syBQoAAwBDCpJJJnaAZV95vzsAoHRRvA2pqUkAliP5RmUVO99rsrAFSR/2j/BmBqHJWme0PibgAZicpGFIycduktUYGMD5SAyQcwJxneHECRlOYsmcHMB5k4rRXfw29bEDAIWGexAyD9Zr6iU6sZ0dw862H5SxHzPU/wDxLH1ix9X/APEtExPpY+nz77QdYYMSCVBk6iSSBIIcSSKkBz2I+caSVCe95j6RSGPcfSWGIesilw3mPpJg/wA35RoNpQuD/N+UGD5/lHkgJg/zQcp/mjmKRIFwR/F+UGG/m/KNJGgmG/m/KAhv5vyj7wGUKM+eflJiSSQU6hTyqVIG/eY9HrDdqLauTJqbl5h0M26jIpJUZI6Cczh1b6TTubVPiM5ZsDOZm27bk6dOjU16jxApwam5XB7GWCxCcBhOZw5eXhzm0lH1Njc3mCeksr+11aimjUiu1DnldRgggdxJL0txm7p0MwEx6qrL7Vqprax26KoyZ6rhHsgAVu4geY9RUOg+PnGWcx9pjhcvTgcN4Nq+KOBUnLXnexug/ee14V7P6Thigqge3vYw3/tOnXUlSBK1CqOgEeePPluT1Y8cxDEGIZJxdAgMjutalmOwmTnbWB0wa0GxGfeP7QNAsRs8rA48oqutoPp1BnL+y6lLhY5K1AHNatsDnb4zpUOHrB5eU9xiUZtRQVtWxFBYdCO0vW5CRWzAWMMhSdzLiARgznW6e5LSAzcjbo645kPz7QCPtddlpvFYr5/uymc8vrNSOG+I6zPZUnEdOKNTzVuG5iqW4Jwdjt2kattO/Mu6nt/WBq6iYdXpqkSwirmV92UDPzxNGl1dGsVmosWwKeUldxmXMAwwZFc7R6pvu6byGLD3LB0f5djiXXVNjNZAles0zMAAgao7Mo6/GHS22jNNvvMv4X/mHrCHrtBJQncS3Ex206ldYCqoaCu7ZPMD+0vrtUfd8wyB5wqzE8h7cew2n9ptMdTplWriNa+4+MCwfyt/Qz1+ZMQsfmDVaLU6HU2abU0tVbW3KysNwZRPvvtl7HUe0WnN9AWrX1r7jno4/lb958W1fDm0+rs0mrqbT6is4ZWGMGalZuP3HKklltLVsQdx5iVzTISQmSEe74fpDYeZ84zlmP8AEZ2kAAwvQeUKgAYAAHlGAnukeW3aAQgGERgJpAAjAGECMIC4hAzGgJ94iNhlEYQLGEqFtsFVTWHoozORpkOo1WW335jNfFLcBaQeu7f0jcOp5Ki5G7dPhOfvJfpsEMgjYm0SECQQiUCSHEgEInaEQSSKMknaCVBkgm7hPDm4lrVqGRWu7t5D95LZJurjLldRr4HwNuJWeNcCunU9f5z5Ce3prSmta6kCIowAB0ldNSUVLVUoVEGAB2loM8Gedzr244zGaWSQAwzDSSSSQJK2tw3KFLH0jMnP1Y48gZAoUYAwIFVm4BsJXfYLneRVbcIqoPM7mXGDpCKxUM5b3j5mNiE4HUxC/lKGilwO8XlZupwIVqAHc4hSlyTsIDUzNlmIHlmW7Cc/U8TtS5qNNo7LWXq7YVPke8iNSUAOSwyB+H0/vnv6ywIinm/r0mNuIpVp3tvsrrFSBrCrZAGMneWKLLebfNbAFWU4/wA/vAtu1ArwqjLHocbSui262sG5OVvIdD6y7ws7tIOZGVEC4J3J8oVAhPp6yxTkb9e8D2LWpLGVC5i/Nyco7juRCL5IYMQqL13kvGaLB5qf0kkf3q2HpA+Zav8A+Jb5RJbrVxqG+AlWMT6WPqPn5e1eouGnpa1gSFxkD4yNfWjcrsFPYHv0/eO9aWoUdQynYgxfArLByuWAIznsev6S9pNAupoKBvFXBGdz2/wiMtiO7IrAlQM+mYg0dCoyhNmABHmAMfoI1VFdJJQHJAByc7DpHZ0sxJJCYQJVfqE06BrDhScZ8pbFs5AAXON9t8bwsVHVUBeY2qBjPX0z/USHUU7feDc4+f8AgMrNWhIC/d4YbDPmMfoPyiAaV/FdKec1HJx3P4tvrJ21qLBq9OVDeKACAfkcY/UQvqEFaunv878g+PSUq+k8FPcUVWLnJ2GAM/pC12nVvD5AQp5/QHmx9cmNmhXW0leYttkYwCc5zjt6GCzWLVqloYYLgFWPQ74xCG0StsawQfLuCR+uZa9VVw5mRW5hjOOo6x3TpUNXXzMrnkIcoO+en7iA62gcp5/cYH3jntLTp6ScmpSSc5x8P2H0kaiptjWp69R59Y7Toi31WOUUksBk+6dv8xHxJyKGLBQCRgmEy9oEUxpMbQhIMRsbwYhVdw+6MzianGUI9JVotHqdfctOlpaxz5DYfEzNsntZ36WYDLuAQfOdbhHs1qeIsLOTwae9jDcj0E9Bwb2Sp0qrbreW60fw/wAK/vPSBQoAAxiefPm+sXow4vvJh4bwfScNr5aKxzd3P4j85uxDJPLbb7eiSQJIYj2LWpZs/ISBjsMxC6hS2c48pntazUac2KjEDcICMvjtMajV12u1zt4exVRgeexlHSJW1NtwZkdGq1IdVJyMdZspKtWGUYB3hZQYFZPMhwN/KYtK2sYtZqa0pB/DWDzEdep6b7RrPGrvKoXXcOCMEN5qc9JpRvHpDFChI3VsZX6QHRg6hgcg+UjKGGDM6/8AT5LNtn5ATQCGGRIrmWUXV34yc5zXcFBIGd1OZqqsTV18lihLF3avmBK+XSaHQOpB/Kc0U302YySybo4IHOPJpUW+G2lsyg9wncDYD1gXUaq3WBEoUaflybC3vZ8sS+i0amv3gFcbMoOeU+UqfxKbeYZYMdx5DzgaMTHqdOQwasYByCQcETWrhuh38oSMyDBpNWQVovYEn/Ts7P6fGWX08qtZUAGI6kTPrdPTQHJ5gj7nHRD5+kfTawjw6bwFZlHK4OVcyiafU3Pe9dtHhov4X5s837TVK76m5c1kKT6Ra7gWKE7riRVpnmPbH2M03tPpfEr5aNfUp8K4D8X+1vMfpPTyGF2/Nev0mq4ZrbNDr6WpvrOGVv1HmJlso25l+k+9+13sfovanQ8tgFWrrH3N4G49D5ifEOI8P13A+IWcP4hSa7UPyYeYPcTUqXH7jlsMSTW1aXLtsZJrbGn00DEMAjCe94xEYCARwIEEIEmIRAOJk+0ct9ins2JrnEucjX6geTyfY6q3jzlq3DGSdpyEsbzlltx8Hkzu23y7xbqHsjM2r1WR/GdvhOygCoFXoNpy9EMMXPwE6le4zGM6KcRgJAIZpE7QySSiQwSSAQMQqlj0AyY016PhGt4jtRp2KHYs2y/WS2T2slvpgRy4B5SMjO/aRbUYAhhvnHrPW6P2JqX3tXqGJI3Wrb8zOvpOA8L0QXwdFVlF5QzDmIHxM43nk9O04bfb59hiMgGe39ndCNJw1GYfeXe+x9Ow+k64pr6ci4+EfkGNhicOTmuc06YccxuyCMDBIOs5R1PGHxiCMDNIaSQSSCSRPEyfdGR59ol1lwKeEgYFsN5gecC0kCJzFugxCE842ABCK/Dy3MSemMSE1p1ZRuBue56SC5SzAA7d8bTBra2e4XCk3MoHJWWHKCDkNv3B7yi9+JaGtcnVVkYB9082xbl7f7tpQeI6jCn7Ea1ITJttUYJbBG2dwN/XOINJpdXzc13hVpjAqrXAHz8/yjJwfTh/EvazUPnY2NsPgPKBit11qWAanU+Hbzg/ZqV5zgZ2zjvkHO3TaaNNoE1FaXao23NyBeXUKARsQTy42JBOZ0gihuYKAfPEXxqyodXDKehByDAqGi061siUVgMACOUYOBgZ+W3wlqFERVHKgA5QvTGOwmKriYs4hdoXCpdWA6qMnmQ7A5I65zt2nOGj1Wp1rae/xQdLat2m1SHdlOcgk9/xKR5EQO816KrHOy9fSIzFxnmx5EQJQviG3mwSMEDptL1VVGwkGfcugZSCem3QwamrwyupU3OaVb7pOj5x27nbb4zVDCosJEXmGcZGT2zGDBuhzFAkPQwyAQPm3EV5dWwEoxNvFwF19i+RmPG0+jj6j5+XsIYZNppkJMQ4kxKBiSHEhgARbaltTlcZGQfmDkR4e0gy/YdOAB4eQoAAJPbP7mNVRXTnwxjmxnfyGBLjFjUXdUnSUFAhqUqCSB236/rFOloySawc9fXfP6zRmKesai7qr7NTnm8MZznPrnP6ywDEmfWGE7AwGHbzikjzEokEOR5iDI85AII2R5iDI85ELJNWh4dquJW+Hpay3m3RV+JnsuEezOm4fy23Dx7+vMw2X4CYz5Ji64cdyee4T7L6nX8tupB09B33HvN8u09jw/hul4bQKdLSta98dT8T3mrEk8efJcvb1Y4TH0kkkk5tp3kiu4QZaYLOJ+C6C6tlNjYVVXJ9PnA6JlVihx8ItLPYef8ACD1BMuIgYaGNN5q3wxzjy+nSWau+uml7GZRyKWOfIS9lHXvMD6gKQ7gMlTHxDvzL5YA6wG4frG1NAtKMqtuCRjmHYj+83DcZici8o5Rj4RKndSfEwBnYDtAXW1vZThBn+ZQcFh6HsZh0tf2XTVLpPEK0gjwnbHN6EnfOZ1usrdObpsYCWqtlO7cpPQ+RmPTWWh3TDcuerbERnuZXao8rEMCwcdV9PWXU/f0hwSR2YjBPxEDQCGGRK7qzZWyq3KxGzYziKCUb9RLQcjOZByKdM2nexqqvBuL87hT7th+J7H8pq1K26rSAJcdNbkEkANjzE1sgYdN/Oc+97NPYFUgWN+FnGVPpKK/HGk1aVXWhXuJ5AT+LHlOhW4sXPSV1tVqkDGvDqSAGXdZjpfV1AtfStZ5zhVbm93tA6JUMCCMic7W6QrWFrrDU9GrA6eom9bAwyCIx3Eg5+muuTmqu+85RlXzufQiVWrbc4anGAcOCN1M0arTN7r1gbH3hnG3eZtJra6rbdLbcD4XLhmBHXoCTsYGqtyByt9ZbEsrByV+kVH/hMKsnC9qvZXRe1HDzRqAEvQE03gbof6j0nd6QGF3p+beL8K1/s9xN9DrqyliH3W7OOxHpJPuvtV7L6L2n4cdPqAEuTem4DdD+3mJJqZHhK8gIwgAjT6L55hGigRoDCEQCNAmJwtRtxHUD/d/QTugTharbiWo/7h+gkoesRGPNYT2Gwh5+Sonv0EVBgfCZvd0fTXpyNlnVqHuzkaZSbBOxWMKJqIcCMOkAhmhMSQZmjR6DU8Qt8PTVFyOp7D4mLdQkt9M+Z0OHcE13EiDVXy1nrY+w/vPS8L9ldNpcWazGotH8OPcHy7zvABQAoAA6ATz5834748X643D/AGW0Ojw9w+0Wju490fL952goUAAAAdAIZJ57lb7d5JPQGDEJlb3Krcu5J8hMqbvDM/i2sSUUEDy884xmXrnA5uveSgMIssIiMMSKgMYRIwmkM7hFzK8s+ecYXsv7xfH8Q4qwwzhjnpHytSAu3zhDBTnJO3lA1gUlUXmbuAZRfrErQvY3hV9Mkbtt2ldGoe5A60+Chbbm6sP6SjR44R+R3XnYZCic/V/aLbilj2NWQxWulOuBnc+vTB6zZqdM19YZMCxDlSf0+Bj6UU2A6itMPYAHJ67bYPw3gZ6RZTQ5OnautEBRebLHbp6YO01lFI2xzA7H1juyoOZiAPMzJprqSrrp2VlVyCVOcHO4+OYGg2KqguwXJxue/lK7NQFDBfeZRnlHWZ9bVqbtNaulcJc6kKzDIVu200V0sEQ28vPyjm5eme8DNpdZ/wAw0lOqrDKlgzyOuGHpjzg0mhXTVnTIjeDuy8xyFyfwjyA7TalQQsQdm7eUaBlu0db2pqFSs6itSqWOueUHGf0ENOnKWeLbc1lmOUbcqgegH9czQRBIo4kziJ4isMhtj0x3iElm90HGCCOuYFjuVTmAzEdyACmWIOcefpJ4ahQrHoNgOsJZa+XJVAx5V5juT5QiLWSFySeUYBO5lqqF6dT1ma7VGu0VrVZaxDHIIAGBnBPr0lVmqepF1V9ng08gDIBzYYkY36ny+cDoiQSqosPdboen7S2B8+44vLxS4f7j+sw9p0faBccXu9WP6znjpPoYfzHgz/qhJiGSb2ykkkkCSGGQyBcQOGKELgt2z0jSZlGbN3T7OvTf3u8H3uT9wnp700wGTTW2bF3OQErK52J8orLcCSAjDmOBjG01YgxBtQq2596qsDfv9IhGoI91KwfOaZITahluDtycjDO2R2x+8RV1Ab3lQr39N/2mnMkaXZCo8h9ICo8hLMTZw/hGr4nZihMVg+9Y34R+8WyTtJLeo54TmYKFyx2AA3M9Dwn2SfUct2vHhId/CH4j8fKeg4XwDScMAZV8W7va43+XlOoJ5c+bf8vVhw67yU6bS0aSladPUtaL0VRLpIDPO7pBDAXUNykjPlIJAxIU8vXG0BsUPynYwkQMCnw9UDYrPzD8ZJOP6eUvbSadiz+EuWbnJ8z5/kIb6RYQc489o6NyjlzkCBnDJo0d3LMAMlUUk/QbmX26iqkp4lqgWMFUE9z0gvoW0q+Srr0YdcdxApRXwV6DOTAumHiLWLUy6cpVc4wtjg8uc9Nv0m/YxHRXUo6hlIwQRkGBlGotoZBcAayApZVJIYnbYZwP0lfENVVplzeFSssBz2NgFs7TWa+RcJ5d5lbUIeX7QK20/Q2MQArA47+sC3Sag20qz1tXkbh+oM0ytkGNhFqsbJDKVUHYnvAGoBRDYtZdh2HXEwaRrqa2cagXo1hbDLjC9wAO/wAZ1ZS1CZZkUKzbkgdTAHOl1SumfeGQCMH5iYtHxBdTY/ghnRTgtj3c5wRnzEt8Z6GdFUWWDB5SeU488y9Gq1FXiUsGUk4I84FisCIl1KX1lHXIMqq56mIOOQdPMzRkEZzIOZqF+z3Aoqpay8q2sMg79DNVVyalSCpRwd1br8fhLrakurKOoIPYznahTRepGa2ICraBknf8Jz5wFt0jpfVbzvyo3+mhwpyep85qfV01adr3cCtRknrDRqE1KmtwEuAy1fMCVHYyq6nw2DBAR3+Eouptq1ulFiAmuxduYYyDMV9C6etg7c9bHCh+3oT5TdTatlYK9CIzKrqVYAg9Qe8g5Wj1Vunpqq1iBNsc4fIG+w33+c3OmdxMPENMRWtKNZTUSALKzupz0PpLaL7q7TVaS6H8D7ZHof3g9LVsxs0tmDiCaxraxp61KsfeZjsmPTvmX02gM1ZOWHWFXkSSZkhXzYRooEYT6b55hGEUCMIBEPxgEYSoInB1Y/8AzO/4r+gneAnC1x5OI3semAfyEzSK2PM4UdF3PxluMYEo0+SeY9ScmaBvvM4/q38adIvvzrrgCczQjJnSGwm4hoVVrHCopZicAAZJm/hnBdZxVgak5Kgd7W6fLznsuGcE0nDEHhpz243tbqfh5TnnyzF1x4re64XCvZOy3lt4gSidfCH4j8fKes0+np0tQqorWtB0CiNGE8uWdy9vRjjMZ0kkBIBlb3hebIxjoT3mGljMFG5lNlxwwXCkdCd8/KKiPaA1gI3JHN29ZclarvjJ8z1lFRR7mBYFVxjc4z8oXpTCjGQD0MsexUUk5OOuJjfVWuHLVCugLkvY2CR8PL44hGoPUqKVYcpG2NxiU16+qx+VDzEdWXdfr0+Uq0NFtddlLBTUD910GF/lwAMAdO/SWPozYWH2ixAVCgJgY3zkbde0mhrgIzFUgHk8ukeZVVjeIzMTyVnfufIS4iVogQYHzJ7yyiIFqDDGB1lNur0xIDe8QOYbf55Sy1x4DOvvBd8jf4zncODre1VjqyWu9lY2Pu82QR54yPymkXa1Vfw7VVTqH+7pLgsqsdxnHbaak0R8YW23u7K/OoHuqvu4xgde5385c6c1LIPd5gRkdot2pTThS2feYIOVSdz8IEDsljLYcljlcDYDaZrXOl1HjKPurSA/+1ux+fT44kp1F99yc9IqBViFZgXyDjoNsY3+c1+ErKQ4BB6gwOVeFF7G6n7TfZsiqhwEDZXOdtjuTN2jqvCMdQqIS2QqdvjNXKB2hxClxtgSYhLYOAMmVlgWZSSCB5bf3kRGdVBJIwOpz0i2My1lguT5Z6xSXanl5VY4wdtjG5MDLt9YCJaLKw2Nz65EC1tyleZiCSckyxQBjlUyr7bQK3sLMFQ+8ShGPXcdPWFWLUFX3jmQn15V85nTVWX0My1PUwLLy2AZOCRn54yJj5K9RWtdx+236UIzHlxzHqGx0B2JxKjZdfYBbTplKW+HzJa65TJyBnfJ/wA3ivampHMjV2tS2NsHkfH5Hfp6wrprNTpqzqOeixSHZarPI5wT3B7iGzU1adylNLW2NvhBt8Sx2/rAUaW7VaEV6hwljLhzUSADjfB6/A/CHT106bx35fvWObAG5mOBgHfpsIC7Wp4TMazscVvgj0z/AFlGnFgspqpo+zh7HJ5q+bmRds5BwCcgjO/XaBpF2otOXVaqwNlO7H1J6D5ZmymwW1LYCCGGQQcg+o9JhHDh98WuY3XOOZ0GPcDZVcHI6HB88mb0UIiooCqowABgAQPD+0Qxxe34zmDoJ1vaYY4vZ8v0E5I6T34fzHhz/qhJDBNMJJDBKDJJJtIoQyYklAgMaKRIhYCY0WUCDrGgxChJmHEGIHZ9nuHaDXWk6m8F1OBR0z5ZM9tXUtSBEUKqjAAGAJ8wFtumsXU0fjr6jOOYeU93wDjlXFtIp5vvAPmf7iePml3v6erhs1p1pIYJwehJDJAwyMecIo+089nh1Ix/3EYH95g1Wn1qc40oYNkP4pwec+W/TH9Zo1FXhW12qSCpPTG/z+U11uLEB65H1gZdIcHksdnfuWIz+XSbM5mS9rOd6KVZHKZS0qCufr1Eup5yg52BsxuQMAwM2urdhh1aynIPKjFWBBzsR1+EqstSkret33BBV1CbhiRuT1HwxOj7tgII+IMpuSyutzWRzYyGx19D+mZBYDjCn84tlSuQxUHl3EwV2LQouXNdfORbUVaxlZiOhB2GT5Y3m+q3nByMYON+8qAloDMCCAO56H4RPtqeKUsU1LkBXcgByew9Y2ooFqYBKkHIYdVPnM5reynFoVXHRsZ3HQgfnIrd2zObxBrNOHs01IufAJpTHM3bO/8Am00UagbV2Ei3JUCzCm3A3ZQD6y2yqq9RzDp0YHBHz7QKhquV6w6FVcbt1CnyJj3KChPNy57jr8oj6ceCUcC1SMEMNseokUI6PUScgcuQOnwgGm8HKkjAOPWXmYdFoq9NX+N7rgOV7bcc7eWZoS4K5R9t8Lk9YC6lDyeItXO69AOuO8w6O7UpRzNqF1B8Qlvu+U8v8oA7j1nWlT0rzMyqAx6nHWAg5dRSHAI5hnDDBHxEyaqthXyVVknZfxYwPOWve9LsoQO3LlUBwW8+vylqPXqa+atgcHBwc4PkYBoLNSvPjmxviS2tbUKuoIPYxRlDLQQRkSDlA3nWhkt8MIhDUFRknsc+U10XrqFNb4FqgF1HQfA9xLraK7WVnQFl6HuJmv56TlFPxEDIW1aOfGSusCzK8jZyvbPkczfVatqBgQc+UzCuvVPZQbA3LhsZ95T2lnh+AQBtjv5wNBGROTrdM51tZLWIitzKazs23Rp1EfmEJAI3hXO02psru+z6gluYnw3Pf0PliWX0Lzi0DJH5SjV6RUaxmb7hhzMCfwnzEfR6pnJ02oI8ZRnO3vr5gQno+nvFq4/iHUeUkqvK6exFV0Qu2QD1Pn85IPTwgjAQCMs+m8IxoIYBEIgEZZUETz3FSf8AmNiD+Llz9J6KeQ9oeJ1aDjJV15sqvQ795yzvTWPttqGE+O0sBnO0/F9HcBizlJ7NPacB9itdxUJfqc6TSncFh77j0Hb4mLnjIswytYOE6a7VXCqitrHboFE93wn2Srq5buIEWN1FQPuj4+c7HDOEaLhOn8HR0hB/Ex3ZviZtE4ZctvUejHjk9oqqihUUKo2AAwBGggaxVGScDOJydBgssCKT1ONgOplT3sLCiLzbbYMNdP3YDgZBzgfHMgVs24CDoc8x6S1KVU8x95vMwkqgGSAOgmR9Y9r8mlAfzc/hHz7/AAH5SjazBZmtd3DKjchHQ4ztKF1ivrKqa1LrYHBtTdUZeoPkes2FAo5h1EI5S2WVX2Lp9HdbYlyLZZYfxI38QPcDy2xNd/CtJqbXe8M4ek1Mhb3WUnPTzEa3Wsgu8LT22mtQwwAA5PYE9/3lb1uC99itqLE5gioeXCkjbGcdO/xgWG2pX8OosfAAJUeoIA36/wDiI917003Y8IAhra2GWAxuNjjY4336GNQtFXJpalyqDl5V3CgdMn/DNNdCV2WWAsWsxnLEgYGNh2gKqkkMMeYMuEHKFHXAHnFFinowPaZUx3iGWRSJBWtaK7OBgt1Mqqaup/c2Sxjjyz6R7ay5UcxC/wAQ84NRSL9O1WcdCD5EHI/OagS3XAMVrUuFzzFeoPUfLGd5VbRqLq67qgPHVSo5mIUZxk474x/nSXabSioliAMgDA8tz/UzUJdoy6Phy6dvGtc3ahvxWN29AOwmySVPqFU8oDM3kBIq0nHWVG9GXNbK+46Hsf7bwXqbk5VODnO4yD8YwqGcn5DyhCsodlIzlDkYMYoBuxjuyou5A7CZrtXRpxzW2Kp7Z+IH6kSgXauupvDUMX/kRct9O3ziNqWr0zW+AXtCkrWHBJ8hnoPLyzENr2au1a2qsStMNWp98P1Gew2+e8XT6F/s2lXH2RUGXoXDDJG659Cc5HXEA/abG1VdZepQaiz1c2XByMY9Ou/wlFemv1WjRlLqt9hexdUo5lQ5ygA6duufnL7qQHLi0Vcq4dkrBcjr1PQemItOpbC11UWioZJssY5+h3PzxAejRLpyrtc7lUKBS3u4znp3PrHe0rlKguSPdz0z8PKZz42ovdPtC1qDyla8FvTLHpkeQ284i1fZjey6KxkQKcqeZ7Tk5HXO2xyfOBRdfT4r16m23VWrgmpUPLv0HKNj365O0vejWaj7vlGmq8QAuln3nKBnYcuPxbfDebq6XrstY2cyOwKJy45NsH4ywqT1JPoNoGfS6ddNZezKj22vzFkTBI6KD8BtmW0UJRStNSCqpPwovaWgADAGJOYAyAgAbAYEYHEoa9eQMnvgnttEFtlrkIA64+WfjKPKe1GP+akg7YH6TjjoJ2faWs168LsfdHQYnHxsJ7uP+Y8Wf9VMYgjQTbCSSQSoMkmJJFGCSSBDBKV8RM8ysx5zuD/DviV2rc3jchO4UrjzHWDTQYMSl31OCVRc74H6f0hQWglSPc5mOSdyCT/TEbNLcSYmetbkCqcHBxzHuO0A+0Bw5GSRggdBv+0bNL5JTXZa1mHXlGN8Dvgf3l2YKglVOou4RrBq6Obwyc2Kv6j1lshAIwdwZLJZqrLr0+hcJ4rTxTSrbWylsAkA7H1HpN0+XcM4jdwHXKysfs7N8kPf5Hv9Z9J0Wtq1+nFtZ/7h5GeHPC417MM/KNEhkkmHRVqG8Oh7BU9pQZCJjmJ8hmYX4jT9q+xqzteQC1deOasHoW8hOniYtZVqF8XUaZ0LeEQKnwqs3YlsZG0B9LZa6tVcuXT+MdHHY/HzEqsS+222l/u6eUcr12EPnv227d5nosYaAWajXV5twRZWwCITjAB7jPTPnLXr1erUV2JWK2RktIYjJxsRjfH9/SQaEuVrzSrN4iqGyQcEfHoZcG5vQjqPKcvTpefAdcpbR91cHD4Yf7ckZ3AwTnvOmAWUEHDjv5wM2stdF8OphUzkAWsvMoOehG3X9YNO/Mzh0dGDEBXIyR/MME7GaXVb6yrKDnYqf0mGytW1lfhBKrUGA7JzNYg6qDnY5gbg2ZVqNP4qe6SjKcqw6qYtFhtrDNW1TEbo+Mr8cS0W52A5iIGY1WvUvvrTbn8YAbf0zL1tqtezwLFd6zixQe/r5RLKTbWSpatj322+Xl6TOy3WVcxrIurbIUWFEY+pHUQNxYFOZQT6eU5ostW4W8lvI55LKwueRvPPXB2m+q1L08aplYg8rhTkZHUfERbgzV/dvyZOQcZAPkfSAUetmDAgnGAQYXrHNzgDOMZmIVvp1W1KCi7iyoMAq75LDbf+81UWkqA53/p2gKdUunTmvIVS2BjJ6nAmgMGGRM19T1ub6VL5Hv1/zeo9f1lSahvGRwxeqz3RyJ+A+ZPlA0X1oy87JzFNxgbznVXalNRddX4VlDKOWtdm5u+T0E6qtk8rDDdvIyltLX4jWKuGbrg7H4iBEsq1FZetwcHBwfwnuDMer1tmjrNlentvIIHJWMk52+ktDNVZ7yZBBOB5/DvLlZNRStiAgMMjmXBHxEA6d3spVrVVX/iCnIENiB1KkbGUK71XlTkg79NhNIIYZEg5GpJ0KIw8e5q3GFqGWI8j6TettWpVlVgWT8S53U+sXV6U2HxaW5LR9HHkf3mLUXjRX02MXUu/Ka605ubPTO3bzgat63lwbIyIrFbU5lIPwlSsUPpAtdVdSGGQZx76PspSqtyLAS1ROw2/hPpOxmUamlL68MN1OVI6gwrFcKtZQmtGmFt1SNyKwwwPcDPwkllKLU9hrXBc5Y+skLHhAT5RgW8vzgEYDE+m8Ajm8hCA3pII0IgB/m/KOBAJo0mj1GttFWmpaxu+BsPie0W6NbUzy3FPYvjXtX7T8vDtNikVqH1Fnu1pue/c+gn1jhnsjVVy28QbxW6+Guyj4nvPSJWtaBK1CqNgoGAJ5eTkl6j0cfHcbuvG+yP/AAx4N7MBNRcPt+uAz4to91D/ALV7fE5M9pJDicHZBJnEUnbrgecHNnZRAlrEKBzYOR84hFl3X3F/OWCsfxDMltq1IWIYgdlGTAKIqDYSNYBsOs5913O6farV09bnlWoPhmOM4J+AOwi6e3UazWq1J5NPQ71XLYmGY7crKfL95dI2OC5If3lYcpBlT6KyzU0OL2qSjOUTYOCMYP5GazyqhB6Y6TG2oPOtraipdOq4bP8AESRynmz8seZhV+n09GkVxRWqmxzY5UY5mPUynUC3Uv4KvyIV95kbDg5GAPIEZ3mgD458u8Q6NS7Mp5PEINvIMFyBgb9eghEahmVXVn91+fkQgc23Q57ftHortzz2suCMBFGw/cyxFWpAigADoBFa8cjNXhiuR1wMjtmRTKqU14ACqOwHSVtqCoJ5cAdz+0LobQMnbG4hbwq1NlnKnYljAratrznB5GXY9x8o4pXmLEkkjEiahXPuo4TszDAPwHWZNSthZcIdQS+Crvyqi774A97sJdI6GdpDMelsu5M2qijm91V7L+/wmyYsUhEUSxhExEBBkZwiF26DcwDrK7W5wawSMjqDNBvHV1YFWUZ5QTtmV06Zg/M7nAJKqDt8T5mWU0kEvYcse3YROI26inRtZpalutUgitmxzDO+/wAIRpAUbDEo1WosqpY0V+Lbj3FJwCfUypnTXaRXotArb3lephg49ZoVCwz0Eox6ig6zTVJq/fZCrMUyuHG+R3G/5GB99Xvm3lUclKKOZW3ySeg2I6zcSiggDJ8pSXflKpjmxlc9D8YApLVc9lwqUtgkJ2x3Ld+30lV9motI8GxEqIB5x7xI9O3zOfhKbqiUL2K2qsxmtPwrnGQMf1OZctRbWoba7UWuvmDB/cLNsRjuRjyxvAr03I6+69mFc1l7AdyNu/UfDbykXStXqNIlpvuNaktcDyqW5cZYA75ycDBl6aTn09dWoxqTXZzq9igYIbK4Hptj4TRyA/jPMfygYq9EH09ldwQs9vO1lINZYA+7kg5JwAD+02wxWYCZBkJA6mJzltgIh05syWZlJGMqd5VF7GKkV4DY2JGfykQc+cHYHEtCgdBIAFzgY7mEVnT1scsC3oTt9JbgEEecRrAOm59IhcsdztKPKe0C2Jqq1tsNtioAzkAcx88CcjoJ3PaZSNXWcdVnEA2nt4/5jxcn9UpgjGCdGAkkhgSSGCBJIYsCHpBiNBAUjG8HWMd5yV1llrpqVXHNpGcITtkESW6WY2umRBBU/i0pZjHOobHxjSs+gxIRD2ghQxJDiCEB0W1CjDIMv4Dxm7getXTWtmljhCTtj+U/0lMS6lNRUa7BkETGeMymm8ctV9P0+or1VK3VNlWlk+fezXH7eHar7FqyWB6E/wAY/wD9h+c9/VYlta2VsGRhkEd54ssbjdV7ccplDQEZ2hkmWnO1fD9Kl6a0aRrral8NUQ7KpO+FJA9flBZqwcIjWBmfkBrXm5SBn3vIbTozBqNHya4a6qiouK2DsMixumAOx6d4F+nu8cGuxQlqfjX+o9DKbbbi1lWmAW6vHvWoeQj0O2dvKVaXU36hb3QrWoblTxK2DgjqGB9fKaEsOpqcqPCvUYZGGeU9j6j9ZBaWz72QGA+RES2pLlDgdwfUEdx6zn+CdaarXUe/U1VqvWyMd+wJ23B6/WbtLZQdOh0rh6kHKcHm6bdZQtiJp1e/T6VXstYeIVIBI6cxJ64ErayzlV6cWAdUXow8wfObHXlBOOZG/EvWYrdMdNWbtMy+EoGKSQlaKOpGBnp26SDXTalqBlOQRkHzi30+ImAxQg5DDsZl8dmRNRp3F1eMkLjBHmD5zbXYLEDDuMj1gYgl2Vu8IePWcEGwqhz1O313msPXaviVMtinY8pyDj+sXUUs6fdvyMDkHt8D6TKpsr5b1pcFCRZUGCrkndvXEDWGKDA94Ee6SfyMwraavEuH4OYeJWxC+B5nPcd50PdZc49x98Sq1DUGsWoWHGPUjygPXYGUEHKkZBHeZtdSShbkFlRGLK8dvMftK1u8BUc2q+ndiA7kKUJPurgD5ec1+IFwp3J6CBmodlc1WF3qYcyOQAE6bZ6zWpOeVuo7+YmXV02NWSC2CCGNf4l9R5wp44uryQ1YGGLbNnzGJBZqqq2r53PL4fvBh2nPpvso1Wpc6QirClWRuZrT8J1jvMn2MVsxrblRt+TyPp+0Cxyr1eIOmMzPRqUBw1oJbJA74jU+DpudABWn42PQb9TKBw8V6rx0s5qyMopAPIT1KnyI7QOhkEZEw6rTutvjU5IY/eJ5+o9ZorbfEcwrm13V6XWLSbKqxfk+FjDM22/0mm1Mbj5zJbTyasravOCCa7Mb4PVc9v8APKW6Z2Wk0uh+791MtzFhjqYRalmRiExEr5W5mOT+keZtWEI9JJYFJkjavnQjRRLKqrLrBXVW1jnoqjJM+q+eEt09F2ptFVFbWOeiqMz0HDPY267FvEH8JOvhqcsfie09ZotDpdBV4WlpWte+Op+JnHLmk9O2PFb7ea4Z7HscWcRswP8A2kP6n9p6fTaWjSVCrT1JUg7KMS2Sea5XL27zGY+hhglVupSs4wzN5KMzKrukznU5s9zBXBA/3H/P1iYt1O+wUHpnIz6zRXUtSgDBIGM4xAVR/D5DYekcOiKSzAcv4vSRnA93O56Tl33INWleqJeyxWatOXFY5fPzO+d/KUdM3BschyCMgjvEYEtzdjs0xafR3ajWC7WEIaLS2nFbY5kZQCGHxzOmxVRy4z6QM50VNrh71WwowdeYfhI6GXAqi8iDAExi+gc2sbU5r5QoIfKEZ2Ix3ztNYXt1PkIRluJv1IpTUcrJy2WKuMlc989jgj5S7T16ZqvDqVCleFHKvujHTHwlj6dbQA7Hl/iVdg3ofSOAqDCAKB5doDbKIj2co6ZPkD285ObOw+sIQZGRuOkKgy3oJPDRTzN+cTxh9pNOHGEDFuX3dyRjPntK3sdqLk1DLWpLKGRiML2385EX2310tWrtymxuVfU4z/Qyi9rGuq8NKyFb3iwycY/h9c4ldRssVFqrYIuBz2Zycfn9fzmo19D1YbyjO9pWxq1rdvd5iQNuuOvnBUrs1d1rlbBV79CsCBnv0yTtj6yrW/aPAylrFFUkrUubHOegkr0a6d6zQ/hEtly3vM4wcjPbfB28oA+26u48um0oqXrz3nG3nyjeatJqBchHvZUlTlSuSDg4z2z0MrqpQ621105WzlUG4rjmG5wD6b/WXUVWKg8Z1ZwScoMDGdvykpF8VhGkO4mVZLrHDeEmzHcHG0urTlALY5vSF1yQwG4lF+sSnC7sx7LuQPhLAtvE6UcLWRZi3wrCv8DYBwfqPrLGDFuYDJHb0nO0HC66tbZq6soLQQQrZRssXDfHLGdbK1jlHWVEqrSpAAAFA90AbAekp1tyJpnsttNVSe87ZxsOu8V3dA2KzYOoA/MR9JztUE1IQXAZZVOQN/rKKFe8srla66UZubmOSyY2I8vOW6atKn8FEeyl1Nnis3MDk9MnffMi6QWWs14S4gsqbHCo2MgjOCdpsACgKBgDYQM6aHTVtSa6wngIUrCnAUHG2PkJdygdt/ONFLgdN5FQxHsVFJO+OuIg5i5LZHMceks8MD1gV5Z+nSRawOpJga9PtI0oYiwpz/hPTOOvSLqai9YCWvWwdWyp3bBzj4GNIuGBkDtKLtQyeE1aeIrPyueYDkHn9dsesyHVK6pxGjT3uzKK+Q5U4LdeVsYx1z1xBYU0dvLyU06WwO7vz8p5yR275yTnMuhpvtFdy2IruwGOQHYywszdTmUaLT1/Yq661sSuscqeIDzYHQnm3+s0Gyqmk2WMtar+Is2MfMwItZO52lgVUGemO57Tn1cZq1Go8PT02vWM81xXCr/eY/sb6jWhNfdbe+DYqKhWpQCO42zvt36+UDH7TWpbrFVCc1qFbbG/WcPt852eOLcFobUeGHKnaskgDmOOvfGM+s4/n8Z7eL+Y8XJ/VLFMcjaKRidHMuIZDJCpIMyA4hgSCGTON4ClgvUgfGLzL/MPrHxBiApYdiPrMNOhSspzMvKiMnKpODzGbyBIceUlmyXXpWgRFVFwFUYA8hJzL3IjYkMoHOuNjF5h5iNJAUuB3EHOvnGkMBC65xmTnXzjGDECjVVJqK8cxV1OVYdQZ3/ZX2latzo9Y3vL+Lyx/MP6icfvKNTQzst1Tcl1ZyrCc88PKN4Z+NfV1IZQwIIIyCO8M8h7Le0Ysr+z6k8nKeUg/wDpn/8A1M9eDmeGzV09uN3NpBDBGlc7V6HUeEw0d3MXLFkuZjnPUK2cpjtiX04prFaFuVQFLOSSfmdyZpnN4jpOXTWNXdegsfmt8MNY+CMe6Acr2O3rtBpeypqLlRbbK3qPMRnHOCMb+Y/Qx/dpOThRnHxmCu/R6bU6Xh6i6x0B5WAZyuBvzN2+B85rQJfdaHZuYHepyDjyI8xIjTWwK4HQSFCpJQZHdYg9wgdMS1TkbQrFfpTltRpiWs5QBW1hCbenY+sqTVm6tb9O63KpIdKznp1wfMEdJ0HTqy7E9c9DMWrpY/f0A+LWpHh8/KrDr06fOBqqtW1AynIIyD5yvUraED1blTkqf4h5Z7Sg32eGtoUED8VY3b5evpNdVq2oGVgwI2I7wMK310UI1XJVplJ56xWSwyewHTfrtOiPw7jfvM7jBbwgN9yfWNQ1wdxaUKbcmOo88xoSxa6a2fw8jOSFXJJmNrmrra9vD8Mv7rVAtlTsMjtvOkwDDBmQacC1+VuQvnxAOjeo8jAsqs5hgjB7RNRWWTKgFlORk4GZhW77JXjmNmnXmza34kOccpUD16zoq+Rg9f1gCtiFCucnHURzMuqIoAvYMQu2R2B6kxKb7Vu5bc2q3MRaqgKozsDv136yA6qlmZbFIwMh0O4YGV8Pu8WpwHLKrkKCuOUD+H5TY3ScjT1Cu696iab2/wBVScpzY2bHyG/eCtt6NzqVcqo6gDrLUcMOu8pqvF2n5m2ZTytlSvvDrgHtJRUUyegOTj4yUWuAwIMrVFQYH1lkHLmZ2pY615O8dawNzI7hRkkCFA4UbSTmaviGorLCrTs5G4XuRJNaHn+BcAs4uzWO5qoU4LYyWPkJ7jQcM0nDq+TTUqnm3Vm+JnP9nbqH4RpzpvwBcEeTd/znaByMztyZ21jDGYzoYrsyISq8xHYd40M5tVXUbSmbVCknYDtC9qIcE7/pKj4g1JVRsRkkmN4AZ+awBhjYH/PKVFRtsvblrPKPPv8AH6/pLatMla4IBz2A2/vLfdXOwGfziG3LcoGNs584FhKqMdPISl3axCEPIemcZxIiNzElicnO/aWBRWeY9D1+MBfDZl64I3BiGxFbNnLWpwoZiNye0te0KVABJY4yB0lTVCxxzIHAPMMjPKw7yixSF2UY/WUXEWWpQLLK3b7wFAdwpGRnGN5bp2aysO1Loxz7r42374+sselbV5bPeB6jOx9IFemFDVclIUomwKjb5dtvSaOgi5RBgYGOwlbWOX5duUj3QOpPf+kB7LRye6c52yO0XOfX+kNYWqv3gqADp2AiuzC2rwxWaWDM7Z3ztjHn3kButNND2pU1hVchV6t8MzPqSGLi/lFKlGQhiGZgc4PnuBtNLMW26CVJpF8XxWyzdi2/KPIeUojs7EFcZYYXmGwMNejAYWXN4lnmeg+A7S4qvJjoDKLQL1CuTyqcMoOzfH0hFqaipywRg3KcbdPrM9t9up5q9OSiNWGXUKVIO/QfLv03iUafVOaTa6IqZzXUMqdiMZI6dD8ZcuhBwrn7pBha1GBj18/h0gRq7XrPgOiliCpYZA332+EuOnqaxLWQM6Z5WI3XPXEsACqAoAA2AHaKHyucb5xiA0BYCDdpXfZVpqXvucLWgyxPYSKNbtnDDOSd/KWzE1upa3lRBTWhVix94uN8jHbtvNisD0MlghEwHT/9dzEYzkhs9fTE6HUSm9Watgmzfw/GSBDfXX90rBWAzj0/wGJVb4lvh4YHl5iSOn95m0mk5ixtyzB8hm6jYbfXP+ddz1c4UK5TlOcjvNItVQBtK69JVXY9oXNjjBc9SMkgZ8hky0Q5GIBxiLzjGQcwFs7CFU2gKSzegjBB33jQFgBuYVMbSt7q0tFbOA7AkLncgddpGsJ6bCY76LDm3T1VPqOUit7NsE4yM4JwcdvKEPrBddURp7fBsBGH5ebbO4x8IeR7OhwD5dfrLqxXZWrjdWGRkdpS91VN1zm02OEB8JcFlAz29cyhbdLc3u12rWhG55cn4DsPj+Uqs/5fwsC7UWDxMbWWHmc/D09BtM41vEtTYLBUul0ynJ8QZdh/T/Osro0VF+pq1enoW1dT941lrEFVxkEAjrnHljJgX63iGsIX7HXUtLIGOotbYA+n033EWhLjYdLebNSxTNljV4Q5PT5eXlC1VbaPV55teyWkvpzysVOAeQDYeR385vFVo1fiB18EoQU5d+bOxznpjO0DBbpkbRaxNRjU1b/9Ole4Tl/DgbnOCfnNwS0312IVSkoedGB5s7Yx5d8yxKaq7LLErVXtILsBgtgYGfOPA817R6evTrStfNhmdjzMW3Jyevx6Tg+fxnpPaoDw9OfU/wBJ5vHWe3i/l4+X+gIikRyIpnRyKRBCZO8KEkmO8mIEzJnMkEAyRGcJjOdzgQpYrj3TnzgEiCEwQgGSQyQBBiECAwBJJJChIRtJJCBBmQwSiqxHrtGp05xavUdmHkZ7L2b9oE1FKU3Nt0Ut1Q/ymeSlal9LedRSM5/1E/mH7zjycflOnXjz8a+rwETg8A46mpqSq6zIYfduf0PrO+Z4vT2SyhJJJCufqabqDqNTp1rbnUE14CZYdWLfD9Oso0rHS6dLdfrKbrCx5LQAigN0Ub79u+86xAIIIBB6gzm6nhdL6uhxpEsrrXABbC1EdCExjO53EDVTcLwUYctqfiXy8iD3B84tl405TmVzzNyjlQtj446D1mVdcV4wNI1TEtWStjDlG2CceY3HTyl2kSpHurCeHczc7rzEhif4hnsZKNYsDAHzhZFcYYTDZbfVqHrqrr96olSz9WHYjHTcb5j6DUW26VLbqmrJ2YHsfP4QAeHiu8WadxVzPzW+7nxNsfLoIqPpy1qVWIwqYh1Q9G6nP1m7Yic7iuhq1GjZWoa3DBxWlnh87DoCf3gNp9TVZcGHhstoHh21nKt6H1l1ylRzKWwDnC9T6TCdbQNaugSlntQK71IBisHoSenXsDNtWo573osAVxuu+zD0gW0uWQc45W8s9JLFJ3X8Q6evpKbyagHBPKvUKMky6t+dQSMHyMDP4KeM1ysV5xiwevb5iZdKwBKJbbaasoXsBByOudt+026ilLFYMOZGGGXzmGxbaEXUW8rNSeVrXt5VNZxlvLI2+hkG84dSCJzbq0qC0VqGtr+8qFjEAY7ZHbebVcbEHIPcSvV0i9FYNytWwZW8v8EA6W9LkPIcgEgbEdNiPkYbaUZvE5Rz4wDK9OjC2ywu7K2CAeg88fGaJNqpSvHvMeZv0jxsR1r7mZCBCZYFAELMqKWJAAGSTMT8S04fkDEsRkKBuflLINRM52qruB8UNkqc+f5TVS7OMlgQe3lH5kYkBgSOozNG2WjUi/ORjHpJBrNO71nwwGGDzVnbmHxkgeZ9l+I/YeIHSO2KtSfdyfwv/ee+pbInydkyAQSGBypHUEdDPoHs9xQcS4eljEeKnuWjyYfvPTzY6u3Liy3NO7JADkQzzupH298dR+cypr1Oss05ZQVAKnPXOdh8sfWa3QWIyHOGGNjMCaI/aOY8nOGHM2PxAdD8en5ypWrkLuGy3u9s7Sw15wepXpCWC7D6SvndmIIwu2DnrAs8RcArvK8m5PfUrkdD1hStgTn8JORLVUDpAVKzyjnO8sAAG0kRrQrBQMkgn0lDFlRCzEBRuSZW1rEsqp0x36xVWy4K/MBzLggHIHwlqVpVuOp6k9TAo+zM7rkkADBJOeby+cLXVVFa1YeLaG8POfeIG+T2jai51VPBCuxcBgWwAM7n5eUzo1dIXTaavPIcBV2VR6n/AAwBYV5Q2rbna6nw3qXJRvPC989Jaisa0YIV5eq7bD5S1NOoc2coDN1I6y0kJCKlYHmC4yvUnoIlOpSwnwy1i/8AuY90n084LEWwGplBXPMB2PxiVaX7QOey42Vm0W18nugAYwNuvnvAqtvTV1HmcDSOro/MGVic426bdfjtNI0tWo03I6uqOgUqCVOP1EsGmq8UWlcsOmTkL8BLSwDYMAgYGB0EhOIvMScCEL5yKBy22NoUQKBk5+MFli01NY5CooyxJwAPOZ01vjMwqqY1hcizOxPkB8N/nCLL9UlRKIvi2ryk1qwBAJxk57dfpMrIUY6i4tdbXzheQY9wnIHLnfoN+sqC6o8un04OFUK19p5mYY6+p/vNWl0I0/MzWPY7/iZj1lGPl4jrMe99kT/6nI/v+U3U1vSiAszcowS3UiXllXp+UrNhPTaQXCAiUaW02IRjHKcdc4miZVWeskZhKbLfCI5tgcAep8pYLC4BweuMyAlz6SmvnsXmdeVvLO0vQEKATk+cocKAIc4EVnCj1lXMzHeEHx+Z2QAjl7kYzJu3rJ4JZlYsQFOcDvLGKoDkgASgBB33PlEvtqqrZrXVV8ycYmUcUrtv8KoFlH4nH4R85m/5ebtaPtAs1AKseZiAqb7DHmfptAtv8XV6ZF0+pNCfxGsblfQ9R8Zn0WjC0U26RDS1jgu2oQ85XO+3bONu036SlFFuLjaxc5BI+7OB7oA6Aeu+8K6RrtJVXreV7EcOTWSoyGyO+ew+kCmumga/UKqv9oNa8xPNyld+UZ6efTeWpRbdXprNSxrur951qf3WOCCDtkjf07TUYJNhQiqSVUKWOWwOp84YDYgbl5hzYzjO+JWbS5IUEYgWlgBucSp7T/Cud4q0tzlmY/DMsKLylcbEYPrKOF7Sb01Z33OfSee856f2lUfYavR55jpmezh/l4+X+gMUxjFInVyKZMQ4ggAQGEwQqSSSQAQD1HSQDHYQyQIekEPaCEDvAYZIAgjbQYgAjaLiE7yQBBDIYCmKY8UiAuZMyHaCBRfxVOBKuptyNM9gWw/yZ25vrjPxn0HgnGk1VaVWuCSByPnOfL/zPm3HNMNZwfUUEZBAP0IP9JyvY/j93CtWvCda33ZONO7H/wCw/wBJ5ObHvceniy6feDJOTwfiy6pFqtb3+ise/ofWdaed6QkhxJiBjtpvGoNldieGVwVK7g+hz0+Uy6D7VZdY2vpWo1WZp5TnYqM+8DuM56gTqkTBqbD4gWtDaquFtUMByAjOTnqOm0CzUU1ahqyURmrPMjMM4PpF0dtrVBrKWpb+JGYEg/EbSjS8QfW6u7TDR3V1UHAvsXlBbyUHcj1m9lITJ3IG+O8In+nuPwfpGZQykHcGZNJbe9Qa9EQnPuo3MCM7HOB2mlTyHlJyp/Cf6QrJcuoFvMlhYJW2KuUZtPb3ux7fOZ9GNTYiXa6tKnyHWlDk1nGCOb+L6d507E5x1wRuD5GcTW6OmpdPSNU2k07WFbKlBJsZskDm6qM5O0Dq1XrqA64KsjcrKeo8vrBzMtg6AAbzMj6evWfjxYtW6A5ZlzsSO+4P5xKKRqEq1mpeu2xObkevKqQfTPliB0A6sMqdph1yOirao561yHrxkMp67efcfTvKjxKpdPXfUWuR3Cq6DI3ON/ntOhkMgPUESDBSTVZdVi5lUhlZlAXB/hXHlj85oVGYA2bDsv7y3EOMyWrosIUmOqGOMKMTIAQKN+sS1+Ssv5CSy1a8c2d/KBgtiEMAVYbgjqJqQ25g132i1kZMgYyCMAfvNCaXS2IGRQTuMncyzUrXVST4Rb0UdpmXV1KE8IgeIOYHG2POVAs09takU2FGO5J3Bh0ulCuLbD97jflJ5T64ltOqW/FdmA5GVI6MPT9oNQXprLqvMR0GcSjQcSTnU2am20WBhykYZTtykeUkg8OJ0OBcQ/5ZxRS5xRf7lnoexmCBlDqVPQz6WU3NPFjl43b6pS4IEunmvZfih1mhFNrZv0/uNn+IdjPSKcieCzV090u4PeZ9XXY5raokYOGx1wR++JokkRk02mNYdiT77Z369P8ADNSoBCzKi8zHAEHiKE5ycDGYDRXsCDzOQMCUvcz7VnAK5QjfPy+n1jjToW5mGS2Mjz+MBPvbnytgCA9AOsddOoPvEsMkgE7S0kKMdJn1F7tQfsrVlzkKzbqCPPEo0PYlalnYKB1J7TFZqGazns8SlabSFAP+sMeQ3I36emYjrXbdcoD6lrOXmQnKLjp12Hn5zatK8wdlUvjGcdIRnooxRypSKhzEhficnOPPJmmmuuuscihRGLgespJbn9G/IwLLLWCnw1DNjYE4BigFvj3jrXtk/SOBIFFYxuMyItWnpCKFrrQYAGwUQu61rzMdpQ4+0vyFVIrcZDb9v795VD7W9rqNOg8PqbH6Ef7R3+MelGKh3ctnccy4I+UsSlEwcZYZwT1GT0jEhRvIhLbqtPUbLXVFHcmYDxRyTqTX4WkQbs4OX7DAHrLNX9nayt76+blsCqOUnc47fT6R9NprmK3ajAtClcIxKAZyNj36byjLqdU3jr4qs1isypRW2Q6nYFtvT5Z7zRpdNq2tF+ptCgDAqUbfMzWFrRublHNjGcb4gLlvQQFY+H7iMBk7d4ednHXaDwi48u4PlHrqWssQSSxzucxsKELf3jcg+PxjxGtRWCk+83QSCKiooVQAB2EfMoV3tXIHKe4j1oU6sWz5yVVhG0ptrDjBGcHI+MuisJkIpBXPSVW6kJYqIpcnqR0A8/8APOZ+Ju1WmL1/iU837/kTK9FV42m56i9QOxViDy9sfSbiNygsdpcoC/HzlKpyKAzEInQZ3OO5M5543VdewrAOmr3svJwo8sHv1H1+co2aziVOmPIMva2wRdyZRqa/ttSuSxC/iqDdT5GTS6DwdUzIFKlTzu5JdmJ238sZzLqkF2lsTSr4GbHV28PB5u7AHrvv6wEfTrTw4LqqUtAbeuqskHLbDHft9MzYarPtS2LYBUFIavl3YnGDntjf6yxAUQKWLYGMnqY0grrprq5vDRV52LNyjGSepMbER7gpKr7zDsO3xlBJtt8N33IzyL0x6wLy6dmBx5ShtSMgHK5BOSNhjGcnoOssWnlYY5QgByMd+39YzKMbAZHTMCjT1jkB5WUL7q56kDpLgAO0pr1Rv0dl+nqZmXmCo4KczDIxv0BI6xE1N7XLz0otZqDFg+Tz9xjHT1lGrEz/AGlvtT1eF92qAizmHvE5yMddtvrA9js+OX3MbnPQ9hiJbS5Uujchxu2PzxA5XHLbrNO62isKto8MISTy46n1zn6TgHvO9xSmoUVKTYdTcQWa0k4GD5DA6Tmnhtn86z0cfJjjjq15uTDK5dMME2NoLF/iBlbaVxvkTfz8f65/Fn+M2IO0ZyEblJ3lbWgeRj5+P9Pjy/BMGJX9oIP4R9YDqf8AZ+cvzYfp8eX4txJKDqj/ACfnFOrx/wCn/wDdHzYfp8eX4094MTN9t/8A2/8A7ov/ADDH/pf/AHR82H6fHl+NcExniJ/9n/7oP+Yn/wBkf/VHzYfp8eX42SdZi/5g/wD7I/8Aq/tAeIWdqV/+o/tHy4fp8eX43YxJiYP+YXf+yn/1GT7fqD/6Vf1MfLj+nx5NxgmD7bqT0SofU/1gOs1XnSP/AJD+8fNifHk34gxOe2s1I620r/8A4/7yl+JFfx62pfkoj5sT466pgnEfjenT8XEk+RX9pQ/tJol669m/7QT+gk+bE+OvQGKRPNP7Uab+A6mz4AiUt7TsT93pb2/7nj5f+L8b09ihqmU9CDPOcX4Qt9WQMEbgjsZkfjeu1ZWpdN4aswBYsSZ6jkD1gEdpqXy+k14h7KcftbGh1rf9TWNiTjxVHf4ifTeFcTGqrFdjfeY91v5x+8+P67h7jlv07Gu+o8yOvUGek9nOPDW05b7u+ogWoDgo3Zh6Ty8vH49x6MM99Pp0mZh4dxAauvlfAtUb46MPMTbOLskz3aYPclyNyWLsTjIZfI/5tNEhG0DkatdWum1TaLW1l2bCNeByUnoRt1895s0ZenTVU6nVePdjBsYBTYfgIt+hS2xjyI9dqlLq3GVceePPt8Jhu0HDk41p7725tVykadHbKrjclV6A4lGjimdNQuoR3rRLVazldVHL0JJbbG+flDoqErN3K7Ml78+5yFOOxmivU6fUvbQHR3rx4idcZ85TqbK9HWGblSvOOZjgLk9z8TA1IxI5W/EvX94HXfmHX9ZULC3vr0UbnzHeW5kHCR9HwdbQaW07W3sKxZZzvex393Jzv5Hyly6JnoZqbXo62Vo2cBmG4cdxnfHXrOlZVW7KzIpZTlSRkg+kRKt+ZznyA6CBno0YWw3EBbGRVYrnBAz0HzO82SYjKpMzasKBLFr84wULITmTQSy1KlyzY/rMWoOovYClgB3GenqYdZorNU5AuNa42KHDZgrqsocBSAg/ObkSqaqdTQF8RvFs7t/nTaaLNalTV1kHxbMhRg4yB5y176lA5zgZwTjYfGK9fIem0oalrHrU3Iq2Y3CnIlGs0i3VOV92wjAYDm28sGGzVrWfDG9vLkDzjae82VDxFKv0ORiQcPn0XDdFTRy6j7xxhWDNbknrjqN87zrrqUstNDgqxGVz/F5w6rTvbZXZUyIyZDEpksPLPaczTrq7LrLNWK668qaq13dSOpJ/zaD02HNFuCPdY+639JI4tTVrZSylWTGVPX0IkhXgBGgEM+m8DVw3XtwviFeq35Pw2gd1P7dZ9G01oesMrBgRkEdxPmGMjE9X7JcS56DoLW9+jdCf4k/t+08/Nh/9O/Fl9V6uMOkRWyI/aeZ6AYZUgHHrKqKsJ7xJOTnJzLsyjUMK1b3+Uup3Hb1/MQi1VSsEjA8yTKhrFdsVKXUdX/h/vMum1i63SfeA5wSV5SdgfzxtHXTPq6mex3Su+oKavwlOudxvnf8AKAXdLtTzs7htMdwCQu479jgfTMs0yVPTyVLy1A4XlGAfUSw6ekhQ65VOik7H5d4xc9hiVBQqicuACNiAItjMykA8pI2OOkUITZzL8DLQgG53MBUU4GTnA6mOqgDaNE8ZcgKebJIyNwMdZFC7U1adRzt7x/CijLN8BK0vssXDVmstuozlseflneLRpeXlsIIsO7sTktt0z5S7mpo5a8qmQeVemcdcCEUfZ7rXPO3hpgKeU+84Hme0tLafRVkZWtVUuR3wOp8zKvHF/wBn1NNxWplLMpTBYEbZzuMdZgW5AUp0VZ1N1SeGbrDnAO+7Hc+co236q+6thpK+VvDV67LdlJOdsddh+syaq2n7Qa7LLNS7WpZVSn8PLjHT1Gd/0mz7JdbpFSy412YwXTrKxVVokOm0VeLbFceNjmCMBtzfMjaBqKqAWzuBhvQSV2MUO2MEjJOc+syUWaddU9SMrX2DmsKrgsQAN/y2m2unlGDAgBbp9ZYqAdd4QAJC4XqcSAmKXAOO8rZrHLBQV5SMdPeHX+0sCDqdzAq8RyRlCAfLz8oi0WCwM9nKgJITqT8T8+gmlm5VJyB8ZjLPrNNWzpZQ3MG5Q+G2PQkdjAY60Py/Z1W1RcarTzgeHgH6nOBj1lrXKpA8zgZmFbhqmrXm8Oq9GzU6lbCexG+22fymrTafwqVpK8qV+6gznIA9ZdC5LOcb7EHcR+0qYonvDqOstBz0mKqm6lbq+RviCOoPnM6NToqWBbB5twW7nsPITaZi1miGpOcAkqVOe3bP5mJRRYa+KaZ6bAyhgOZTsR3/AKSJSdHoGZqReEsLJTTXk4zsMHqfX5zfWgXfAyepgooXTm0qzt4tnOeds42AwPIbdJvaGNAOqW8WOOVCvID7pyRv8dpdFEV3KsoXBGfez/nnIqwnG5lVpLFVAblJ3xK+Y3OvJkqpyWBwP7zQFA6QioUAFeoC9h0MtwB0AgssWtGYke6Mn0Ew22nWVt7/AIemZEsrtRyrNg8xz0wNh9TKCeJCwqNNUbx4nJYwbATBw2/cjy7zNZbTpLNOdVrHe+pmCszY5gx6kDbA2GT0lmqXUalFGkuSuuwZZsZPy/z5w6ThNGmbxMF7e9tm7f5/m8A3G8uUq8Nebcl8nb0Hf6x9NpWqqCNYznJbmbrky91SpQ5IBHQscZ9JRfqL2CrpVQc4ObLM4X/5R1PpkQNIVU3/ADMQ2rnlGCfI/tOc2quqL6cBtZqqwrlVATKs2M5Pu7AE/LpN6Uqx8TbLDGQNyIHC9oqdZbVSaqPtdFbE2UqD4jE7IVI6Ybr6HJ6TI/slqrdRVeeJauisIeehLmPM3bfPTr09N564AL0kyJm9mnkH9mLlUBddq8Dbe0mc3X8Dv01YL8Q1IydvfO89/Z4aIXfAVRkk9hPE8U1x12sZ12rXZB6TfHx+Vc+TLxjzFns7qbnOOKX5PTLSm32S4kP/ANdafiTPQ9IdRfrH0TUUak0sR7r4yROufD94uOPL+vF6vg2q0Z5bOIMX6coYkzLaup0q5sdx23Y/T4+k9EvDtRVb4WnqL2kZfVXNsP8APJfmRN+j4Pp9M4ut/wCovHSxwPd/7R0X9fWc8eLLK9ulzkfMuN8T4hor/AdNRQ7LzA2ZXI8wJzNP7Q8S07Z+0NYPJzmfT/bH2fXjfCWapAdXp8vUQN2Hdfn+s+QlDkgjBHYzWWHiuGXlHqNH7XVOQuqR6z3ZdxOqg0HEV59Pqmz38O0n6jtPBeH6wr4lbBkYqw6FTgzGmtPctwmz+HVWEejmVnhGoPTUWn/5zPPaT2j4jpMB2F6jtZ1+vWdzR+1mjuIF4bTt/u3H1E3Mte4xcb9HPCdUOl93/wBbQf8ALNYP/wBRf/8AyGdzTcQruTnrdLV8wc/pNlep0z7OhX1G4nSZYVzsyjy//LtZ/wD3Oo//AJDJ/wAs1h66m/8A/kM9jXRprv8ATZW9Ad5Z9hTP4Z0mEY8q8T/ynUnrdcf/AJzJ/wAjtbq1h+LEz240KeQjro0HYS+EPOvDD2dz1Qy5PZxc/wCn+U9qNLX/ACiN4KKPwiPCJ5V5Cv2dX+T8ppr9nl/l/Ken5FHYQhQOgl8YnlXn6/Z9B1WaE4HUv8InZkl1Dbm18JpQg46TV4YEvikS6RS1SlSDOHq6L+Ha1eIaMfepsy9nXuDO+ZTbWLAQRJZLO1l1XZ4HxmvV6erVaezl32z1Ru6me20WsTWUc42cbOvkf2nxmu1+A8QOpTLaW0/foO3kw9RPe8K4kUau+lg4KjGDtYp7ftPByYXGvZhnuPYwGV0XJqKVtqOUcZBlkw6BOfbp2F1lLB309+Tsd0Y9RnyP5GbzFYcwIyRnygcDTazScE02n0FOkeq5ywq0gbmZsEknm6b9ck952rVF9G6g5GcMM/Wc9vtSsqgqbNOTzqU3uQg8pB7EnGfgYeFajXW0G7iFa6c2AFaAcmrrsWHXIx8N+sIF3ELdOLCujtY1uq9veB6kY/Sb02XHl0+EzDSVvqX1C18hsxzsNi+Ok1ABRgDAktVMwgZhCmWKmOsilVMwllrGSQB6xL9QmnXLEfXEz5TWDJc5HQjoPhmWQ2d9bUTyo4LnoBLKyxXL4z6TN/y+pA3hDl5jlsd+0elyjeFhmCjdiPymkaespu04tKNzupTJAVsA/GWg5hkHGSvVJrjXqNXUEUZStPxOD15gfXpiaaLaaksRrl5KyPcJya/j6TXbQlgPMvvFSvMNiAfI9pxa/svB9KRajacc/h897hmtPbfO+c95R0L6VC8+ObuCOstSxbUG4II2mbQMGoBAZaWUFFs2Zc9t5LVOmt5gfcY5P+0+cDQCVblY7H8J/pOVxbh9B0tnK1tSXP8AfeCpJfO3bcfETqZFibwBuZAT17yDj036OjXVaStyLqashBkkp03P06+UkOq//LmvvGlQI7e4a92sY5OD5b/LeSVXkRDAIRPpPAYS3TamzRaurVVbtU2cfzDuPpKhCIvfRLq7fSdDqa9TQl1bcyWKGUzZnaeM9k+Imqx+H2NscvV/Uf1+s9ijBlngyx8bp7ccvKbPiVaigX14zhl3UjsZbJMqy6alKWaznx7oUrthfhL/ABAR7uMecz26VzqXfHOjgHlzjfcHPp0/OW0UeFTXXkkIoGe5xAjKLVKOvMD1BlgTA3jgY6QM6oPeIHxlBEXxU5+TmBbGcSux3fmrCZBGxBx/4hVOVuaxssfLYQK3a+xh4YOc5GdlUeR84CtGlat9RcPEsflTm2HMewEmpttv4bZbw22prOUmpjupI7f0i6xtO+nrXUorHIdVxzHmG4wO8ItuFovVxaFq5SGGNy22DnPTrOcL0Rlp0VR1FtZYixjkLzHJ94+f9J0bEXUIUsXKsNwY9VFdKBVUKo7DpAoqoubThbyrvvnA2PpL6UppqVa1CqOgEr1GqZCKaVJtsDcjcpKqQM+96dJS66jwBy3e+OVnZUznH4gBnbP5QG1OottJ0+m5kZkJFwUMqkEDHXr1+kpfQ2uSukZKKLWNljoPeYnrj/P2lNGkv1q8oT7Ho+YsEUe8+Tk58sn/AAzr1VJTUtVY5UQYAzmAml0dGjr5aUAz1bufjLmZVUsxAA6k9ohtUOEwckZzjaIvNfVlsDmG+DkD4ecgC6kW/wCmDtjqNyD3EHJZYpRgAe7Y2HliWoFVcZO2xJ6mVai915DRyPlwGBbAAzufl5QEZl0dFjUo9zqOZlzl3+sB1Ao1P3lrn7QwWtCuQuBvjHzOTE1H3Nn2hKUZrCq2uWC8qDvnvjJ2g0Xh6mi7wrbSC7Ydt8Z8s9h0lGkhnYg4ZSOkp+z2pcz1sC7AKedzyqBncDz+k0mxFcoPxdcY/rKmsL+8oIKnGIGTl02lteyuo6vVblmAGFP6D9fjA2r1FlVlb1Vtq1TxEoSzBIztk9t/lNFYaw3UeG1KjZX2HNkbkfDPeIiuFNFBbxNOyK1lyk867Zwe5x38zAuSovh9wQMHeX1ryLjO0SmhKA4rDDxHLtzMTufj+ksmaGikbwiEzKq4RtuTARiZme2x/CUlShHMSuzTUFj31W0ZSzKtsGQ9fhiFa2tGbRhf5P3/AGhrpRG5gN8YHp8IdRqE0une+wOVTGQilid8bASi5cAYAxKrtVXRYlZV2Z2CgKucZzufIbfpK9Ui2+GeZ/un58IxGcdj5/CVG036RdSoNTFQ33owVHXB8oRZqgSVvUWMagcVo2ObPn5zGmgv1xVtY3LWN1qQ4+GfP/Ok3aJT9kq5rmvIXBsZeUt64wIdRqDVQz1V+MwOAoPfOJQyVU6WkBQtaIPgBM2t1d6Ig0VItazoxPuj/P8API5Dp7dbcft14Zq8N9nQ4AB6Z/z5zbRTaqWc3hisH7kIOi4HX1zmBzKNENXYdRrNX9qtpcqyo3uVt3GPn9DvNg0N1unqs1b8t1bc5TTu3KTgjHmRg9POatN4eo0a211tSLhzYKcrZPcg9/jLKKTRp66jY9pRQvO/VsdzJsZgLNXpKLqubTMxVytie8B1II7HG3pLtPp001Xh1lyOZm99ixySSevbeXQGAsko1mu0vD6Dfq9QlNY/ic4nk7vbwa/WHS8HoLVpvZqbNgB5AeZ9Yk3dRLlqOl7R8T//AENJ9bT+gnneu8ZmZ3LMSSxySYJ7sMfGaeLPLyuwkkEHeaZSTmxBBAsB8p879tvZsafXHienQCnUH7wD+F/2P7z6BkiV6qirW6WzTXrzJYMH95MpuNY5eNfHBomP8MVtIwOMbz1er9nuI6ax0Gla1AfdevfI7bTk3Vmq3lsR0OSAGUiefxemZbcb7Ox/hMR6Qe06jqVwVBz1xMzHOAesml2xoLaG56rHRh3U4M6Om9o+JafAsK3qP5xv9RBp9P8AaHNYwD1zKLq1S0p3BwZNDv6b2t0r4F9dlLeeOYTt6P2hSz/Q1qWf7WYH8jvPAeCpycgeUranuNpPXpLJX1irjnTxaQfVTj8prr4ro7P42Q+TrifIKtdr9L/o6mwDyJyPzm+j2o19W1qV2j4YM3OTKM3ij60jpYAa3Rx/tbMJHafNNP7X6ckG3T2VN5qczr6X2s0zYFfESnpZ/ebnN+xi8T2ZgnDo4+7gEPTcPQ4mxOMI346HX1U803OTGsXDJ0MxSZQnENLZt4wU+TDEvUq4ypDDzBzNyy+mdWJmKTCfKKZUAxTGMUwM+ooW1CCM5mfgutbhWrHD72/6e1vuXP8AAx/h+B7TaZk1mkTU1MrDORMZ4zKabxy093wjiXgWcjn7uw+9n+E+f7z0eZ8x4HxCx0Om1J5tRSMEn/1V8/6H+89zwbXePT4Dtl6x7pPdf7dJ4MpcbqvZjdzbqExcyExSZGkbfbzlIpAcsx5jnYdhLYQpMztSgR1Uk9I6p5ws6oOu56Dzk9ggBYjWoG5SwBmHUXa5iwprAII2bIGPj3Mal7BZhwz77sZuRNrr9JXqSfFyylccp6Sm6tNMPGYvyruAoLH95sByMxbEWxWGd+mxlGHU624VZ0i122KQTWTuR/Q/GPo9bTr0JTKWocPU2zKZTqOGV3LlCayrAkDqcdMnuJlpqLavFquLU5mS+sYwNtm33+mMQldVrBUwB/iOBLBYu/vDbqO4ilC1YBYFwN2Axmcy7Rm61rK28Oz3QWQcp93cAkbkf0MK1jiCfbzo7EZHK8yM3R/hG1tD3acipajaCCnirlQczkWG67TJRxN0XUIpsF1KkIjDfr2AHn1xN/C+IHV1Gu7A1FWzgHOfIj4yDLfqbX150S6R7AADa9gK18pz+E9znE16bndHpt9419H/AJh2+fnG1VNpsN6WOQtZHgjADnqN+x7fOYNJbxBtO9l6ppnfBrp/EU9Ce+f6wLbl1Ksi1Mq1h8OuNyuO3lviaNLp69NQKqs8gJIGc4ycmBbF1NItUFW6Mp6qe4gruHieGTv+kC1zhTgZPYeckPWSB86hEEIn03hNnaEExRGEqHrd6rFurblsrIZT6ifQ+F6+vXaOvUJsHG4/lPcT52J2vZriH2XW/ZXb7q8+76P/AHnDlx3Nu3Flq6e7ByJJXW/MJZPI9IyuxyjDIAU4BYmWSnVUrfVytkgb4EBnt5cYXIzufKItTHdiVXOcZyf7SytQiKuQdsA+cq1Lc6mqu412AhtsE8ud+vY9JRY7ctTGscxCkhR1MzuEYrqruavmrAZGf3U7/DPr6CQmkazxAF8Z05cjryjf6RmprXN9pJVPeHNuFHoIQKXFlRVUatAfdyOX6CPRQis1hUBz+Inc/wDiYzqdVrMjSJ4Ffe6we8w/2iW0NcqMlqMUU8gZ2DGxcdT8yRAW3iZdjTw+sXOOrn8C/PvF+13IrVmxbHoKm52QgcpydsdTt/nSPVUbgKqVFenQvXblSrNt/D8z19NptqpSmta0GFUADJztA5FWnv1jONOraPTXWF2s/jc4xn02H6TrabTVaShaKQQi9MnMtiNZseTBIgE2Im23NgnlHUyrxWtdlTGABt39QYVoJAGSqDsDufiZaiLWvKoAA7CRVaacKArHKrsF7Y9fONfqKdLQ119i11p1ZjsJk4tdqa9GX0XM11Z5xWMfeY/hz6/0lyg31rzoQWUEqd8f+JUZtRrCurAD11pX71gIJZlwcY8t4dCK7dGo09JpqQkVgjGR5/A5lw01asjXupsIw22z7Q6vWrpaeYIzknlVVHUwKPs1NGnCWNyaRByrUoOW9D3O/YfPMFrau/lrp5dJSemPx/ToP8+EdXvapm8I+IVya+bo2OmfWGyhbaE1FlIfUUAsqA9GxggE/TMCs3Hwl1trvp6qlY2Vuo38ifp0HnOiiLgN3I6yiitjb9oZmBdAGr5sqpGen16+k0xRTdR4llThmU1tzYDYDbY38+ssAGScbxbrPDAbcjOCBAeZ+hGJBFtBB8wSMRSzuRyrt3kXTlLg4YYIw4x1PYy3p0hVVVJqssbnOHwSvYGXQRVsR3ZFcFl6gdpkMRKmAVufbHQy7ERhIKruRqnqN3hlwVDKcMpIO49e8z6fUCxW0+bCaMVszg+8cA5z32PXz+kxcRdq9bUPB8WrcOM4wRylT6nYzb9ksNCpVcaugLEZOPTO2Z0RXXdZUz0c7aq9mLBQAAqk7ZPYAdzud+s0Lpgi+Nq28RlywRR7q/Adz6n8pkv11HDMaLQ1eNqXP4Qc4PmxO+f826waVdZTaj6g2ai29+VwmOSoYJz8O3z+cAtdq+JjCFtLpyNj/G/+f5madNpnqfwq0RdME6knmL58umMRkr0za9Q/KdTUhKDO6qSM7fEDeaKqbEvtdreZHxypygcvnv3z/SNivS+E738tWHVuR3KYLYAxv3G8t09HgVlDa9mWLZfGRk5xt2EtgkAMEFlldVZstdURdyzHAE8hxz/iBpdEGq4covsH/qH8A+HnIWvU6rVafR0tdqbkqrXqzHE8Rx3/AIkVUhquE1B26eNaNh8B+88Jxv2j1XELTdrdS1h7A9B8BOdodFxHjdn/AEtfh05wb32UfDz+X5S4y30xctNHEuMa7jGsUXXW6m+w4RSc9ewHQCew4Xw9eGaFaBgud7G/mb9pl4R7OaLhOLVBu1OP9d+o88Dt+vrOpPVx8fj3Xmzz31DdIO0mYD0nZzST4yujUV6gNyHddiJZiJdrZZ7AwRsRTvKgQE4h6QSBGGd+8VgrDltRXHk65EcwERo25+p9neEazLNo0Rj3rJX9Jx9V7BaKzJ02ruqPk4Dj+k9R06wZElxla87Hhj7F8V0dosoejUBf5W5SR8DOHr+D8S0trvqNHcq5J5uQkfUT6rv5yBiO5mbxxqclfGw/KGBUEkY37RPxHE+u6nh2h1mftOjotz3ZBn6zj6n2L4Ncc1V2acn/ANuwkfQ5mLx1ucsfOTjErKDE9pqf+H9m50mvRh/LahH5icjVeyHGtN00huA71MG/LrMXCukzlcA1DGZWazNt+mv0/u3U2VHuHUj9ZSpAByMkzOmozg2VnKsyn0OJrp4xxHT/AINXZt2Y5/WVFcnJimvMiuvR7X8QrwLUqtHqMGdPS+2WnLgXaaysnvWczyJrIlmlsWjUpa6cwU5xImo+m08bUBf+qKZGcXCb6+JO4zyJYD3Rp5DS8d0WtIF5UsexHKf2M1rw/TWHm0l5rbyVipnWb+q43X3HqF11THDZQ/7hLldXGVYN8DPJluMaTYXC5R2sUGReONW3/VaBkP8APS0155T3GfHG+q9YfhAZw9Nx3S2kLXrQrfyXDBnRTWsRk1hx51tmanLjfbN47DWVslq6ik4trOVPn6H0noeHcQI8LU0nB64Pn3U/pPPrqqW25wp8m2nA4N7SeF7VazRvZnS328tTZ2Drt+eP0nPmkym46cVsuq+41XJfUttZyrDIj9ZwvZ3WeLS+nJ3T3h8D1/P9Z30XPWeO16oirmWBQIRgSdYk/VByVRiBkgZAnLK6x7vFbK1lc4/j6jbv2zttvOpIVB6iaRnptIr+8XkxsPWVfaarSa3regsxRQ5A5vUYPf6yavQJqVBcsHQ5R1OCphSuuxgtyG014IdwDkjuJULfq04fSGcNy5C5G4X1MpB1FHO+nsD85BC2j3fXGBnJ+c6Fla2qQwBBGCDuDMoRNOFQhm3wuSTj+0Kupu+0Fz4VlRRuUF8e8PMb9JzuO6TV6jRGrSLSC5Cu9gJ5V9AOp+M6oZQueYAesJIYbHIMgzaUulKpY3MwGM+fxkvpDgsOpGCM4zC6FTt07QiwcvvHHbeUcmvxm1ShvvKz93ZSmMId/eydz0xidCvT012+KtSq4UICoxhfKJbp1Fy2DmCjOFBwM+ctRsjHeRFhnE1uh1dS106K4JSxbxbbGLWID05fn5ztTNqrFBWkg5sB3HaFUVNyVsUBOTlmxu5xjP5SrBfw3rJrrySyke8T5TKTdfQ+jezwL0XdqjsD2l3Dtf8AbqXouHJq6DixP0PzhG+t+ZfWSUIxV/LzkhXgucecbm+P0kG8M+m8IgnyMIJ/lkEIhDAny/OOCQQQSCNwR2MQRwINvd8E4j9u0KWMfvF92wf7vP5zsA5E+f8AA9f9h1w5ziq33X9PIz3dL5WeHkx8cnswy8ptdJJJMNuZxLUNWoFQJZLR07Dqf2+csSr7SfHrUVOw5HflBYqCdgfiT9ZovrQEXkYZBuR3HrKqtRRSK9PSCQdhvzYOM7536D8oRmW8qTTw+nmbJD325xn9SZZp11NVnJY7Xq6k2OzDCnbAC+R3+ksddPbraq3Ae6sGysHqo/CT+f6y+umwXu72A1kAKgXoe5J7yijTrTZqL7KmDWgiu1sk4xuB+c0aemxK8XOrvk7quABnYY9BLgMdBAzBRknEmwYjPjONyPKI7WHKovlv6Z3ldlPi4Ylq1GR7uzEHt6dBAsXxLGVtwpG6nG0uCBenWZvE8F6qFrflcNhlGVTHmZXpdRsdK1/jX0qvisRg79DttviUadRaaqmZV5mx7q+Zldd/j1K4IwfLpFWgs3M34sYyPl+0uqConvHcHf0kANRdd9h5wh1rQAdc4I9ZGs7DaZ79KNXWa2LhH/HysVPXPUfSUNqRfcqeDYqYcFiVzle4+fnAebVaLxdFZUxbdGbdevXb5y3St4tJdqnQ8zLiwYJwcZx5GWoq1oqIoVVGAAMACAlNFdT22IgV7iC5H8RAwPyEFWnSmy10BBtbmbcnJwB+gEt5l3PMNuu/SVW3MuBUhdm6dgPjAtYqi5JwJWbSTttvg+koroax0u1HvkjPKduU9sD69ZqSvFaq+HIxkkdSO8gC1jBzuD2MatBXWqAnCjAzGnO4v4/2UX6PLX6c86pk4fzGB12zj1gdAkAZJwJy9DxJ31mo4fqN9TQecNjAdG6ED06fL1mpbLL667AChIBKMNx6ehg+zkXBhyrnqcbkeX13+soFrXWV5T3XBHunod9/yi3I9LrqkG6bOv8AMvf595p561Bww93rv0+Mqs1IFiVn3RZnlPmfL4/sZBpVldQynIIyCJCNpk0Qspd6SpNQ95G8vNZsmarJqtNXcMsmdiDjuPKUPr1DLTp15yAMgHoMdvqJ0GEypo1S7nB2GcAepB/pEozNpl1NbMjNprLwA1qAc4wemT9PnNpW9dVUalQ1EHxSzbjbbA77wX6arU1Cq0EoGVsBiNwQR09RLxNbQQqhy4UcxGCcb4jxZn13EdLw6g3aq1a1HQHqfgJFapweNe1uh4SrVq3j3j+BTsPiZ5T2g9t79WGp0pNFB2JH4m+c8DruM81opoD33OcKibkx/wCMWvQcf9q9bxJmOov5ax0rU4UfKeWGp1fFNQdPw+lrn7t0VfUntOjofZfU65lu4xYa6+o09Z3+Z7fKeloop0tI0+kpWuteiqMCd8OG3vJxy5JPTicP9k9PTy38Ss+1XHfk/wDTX9/09J6ShcKqqvKoHQbYHpBXT/E+8vxPTjjMZqOFyt9idzgwHykziDO8rIyu1wAwP4VGW/aS23kGeUntny+Mo1reFoXwc822fMmZyuo3hN2E4WuKHsPV2mm6+uhOaw7em8q0gZdJWiDA5clj6+Uz4+26vkB+5r/Ef5jMS+OMk9utxmedt9OgliWrlGBBhg2HSQmdXG6+kJiwk7QSoBgMMUwAYCMwmL1gQmTmBEh/KL3hDZxJsYOaTMKOICJMw7QK7EFi8tih18mGROZqvZzhGqybNBSGP8VY5D+U68GJNQ3Y8nqfYLQWb6fU30nybDj95ytV7CcSrBOnvpvHlnlP5z6BywFfWZvHjW5yZPlOq4DxLR0t4+guBB/Eq8wx8ROWy4OCMHyM+0dP7TPqdFptYManTVW/96AzF4vxuc36+OFPIy+jiGr0pHJaxA7McifRNV7H8G1BytD0N51OR+RyJyNT7AjBOl13/wAtqf1H7TF48m5yY1zNH7WWoAt4OPqPpOzp+McP1q4YLnzX9pwtT7HcXoBK0LcB3qcH8us5N+g1mkb77TXVEfzIRJLlivjjk9w3DNHrBmpkb07/AEmN+E6nSktpr7asdlbb6Ty1HFdZp8Ys5gOzTt6P2tcYF+cf7veH7zXlL7jNwynpp1er4y2ks09jparqV5yvvAekxrwuyvQIwyti+8GHYzuU8W0GtXfCk91OROh4dF9WKnVlA7GamOP0xcsp7ZPZn/iLruH8ZoTX6VLEc+GzKSp32yZ9cq9p05lGo05rDfhIbIPwPT+s+J6zhy1aqvUcu1bhjt5HM+g8O4jVfSGRku09o3HUGebl49enfjz2+gabWUaoZpsBI6qdiPiJoE8QqW6ULqNCzW0r1qJ9+v8A7T/TpPQ8K43VrKwtjAN05iMb+RHYzjL+uzrQ4hHSSaQhEpurLIwViuR1HUesviuodSCMg7ESjm3a6xbW0mnZV1ChWXxlJVxnfGPT/Os0VWtqVsLUPUUcqOcg848xjtDej8h8MhWxsSM4jV2fwk74gcy4NffdpNZXW9TjNfN+Ejyx59JdpbdVXctJHj1FmJsbCmsdhjG47TXcinDEA4Od+xldFpZcMhXc4zAtuDMmFxmec1yOumsZ1t8BWa1mdmZ1/wCwd9+3lPRh1bPKwOPIzJqtOrq6uoZGzswyMyC2siykDmZhjHM3U7dZnd7arHIww5fdTpvvnf6SqrVV066vRLWUJqyo2AABxjzmjWVc9WeUNjqvmO8JGVdYvEaLaEdqb+QBlB3QkZG/Q/KVcM1B1lB02q/+L0h5H9fJvnMnENJpBbTfa3g2VHkpszsrNsCF6Z7bxm02uTiNOvStWcN4TgHeysjqR2IOfyg2s1+iY0+PRYtd4PK1r7lRkFgD8szEpGp1i6vSHk1KuF5mHu2LjOM953r685PUHqPXznB4sKNE1er1mpailH5lrrOOduwx1PwELXUZjqNP4lZNbE4YHqpHUSQ6K/7Xo0sNb1hxnlsGGHxEkuyPECEQCGfSeEwhEURhKhhGBiiESIcGer9luPV8Squ07H/qNE/h2Ke4IyrfT9J5MTjUcVs9nPbOriW/2e8CvUgd0J6/LrOPNN4u3DdZafa1ORGmbS3JbWrIwZWAKkdxNM8j1pM9WjSpa1DErWMKD22x+k0SQgAAdBISB1mddQ32lqSCSN+bGwjHxBZg4Jb8OdseeYDeKWKhcFWzuDGrrYJh25sdz3lC1VpcGY5cnCs3QeiiVvefCXVWG6hKHcuhwecDIycZ274EaRv2A8pnFztqXUVjw1UcthbqcnIx6YG/rB4jWojocA4OCvb+kW/Si0qzjIVg4XmIyw6Z/wA7CUZLQmnps02G0tATK3q4B5iTkDvnvn1m6pBYK70f3GGcHvttM1y1ixDqgL7hulFYyF9d/wBTtEN+sWwW6gfd8wQU0rzdTjJPl6/pA3nUJyZT3sbbCVkF2DL7wYYPrKqCa9SartQrPcWepcYIUY29evX1m5VCjYQKNOCy4sGGHbOZfgCKEUWGwD3jsTDzdcjA/WRTSjUWFNgGYk4Cp1Pz7RmdiwUAgEHcQeBhDuS2x69SIRmrqe4K1u6BiDWDhVx//VuJqWvpkklSSp6Y69vgcRWsZv8ASAx/Oekr8VKOfxLcuELlQcuVHp1lGjnCsF6kyqzXU1m4FstQoaxF95lB6bD4GZNVYt1Xh3VCrRvVzMXYhy2RhcD9/SVrqNTryRoq/CrbZrrB1+A7/wCdIGu7UW5rK8i155rOcEEJg9PXOOsuWn3i3TPX1gFIShQ5FjKMEkfiinU++qhlAce6M+8cdf6QHwmmQ/ibJ+J/8RHsNnurkZGzesW2izUaeyo2MhcEc9ZwR+0ThV1up0YbVUmq+tjW6kHBIPUeYgZm1TUcUqo1CqteqXlqYD+MdQT69tu06a1qAM746Q2VV2lDZWrlGDLzDPKfMesaQDpCDBiSSqJ6RGjgxW6TIEIMrLBQSTgDqT2njPaP2zRVso0FwStNrL84z6LLtLXb477VabhQaqki7UeQOy/H9p8x4/7TtbY1+s1BZj0GfyAmLx+JccsKcMqIqzhtTbsvy8/l+U6fDfZbS6JxqLydTqepss3wfQdp1x4ssnLLkkcLT8P4rx08782i0p7sPfYeg/eej4ZwXRcKTGmp+8P4rG3ZviZ1Vpz0GBHWtVGAJ6sOOYvPlnao8Mt+I4HlLEq8tpZyQjYYnRgMYEBhMBgL3k3kOJIEi2VJaALFyFOQO0beT0kPTJrbnVFoqU89h5enaIzHSV16ahQbX7/1m4gMMHeVNWBctwXJC8vwnO43e3bHOa1oDzUUl2sLcoyc9DLQwYA+YyJk1CW6phUqlahuzN3ktt0tbAsedl2ULuRHlr/w8d/+tcEooutsJ56SqYyGY7y4MrA8pB+BzNy7c7jZ7AwQmCaZCCEwd4CmAwwQFPWHeAyQhgZBE6QhoD5higw52gEnEXMhgMKBMUmEwHEAHEQiNmIesqBj1iOvMMMOYeR6R4uIHO1PBOF6sHxtBSSf4lXlP1E5Gp9h+HW5NN11B+TD856jEUiZuON9xuZ2fbwd/sVxDTktpNVVbjpuUP7ShK/aDh5+80lrAfxLv+Yn0IqBEI8tpi8U+m/lv28XR7S8w8LVqQemLBvNGh4tZwrUeNpPvNM5zZTnb4j1npb9NTqBi6muwf71BnPs9neGOSy0NST3qcr+XSZuFWZ4vW8E43Vq6U1Gnt5kO3qD5ETq26fxM6zQ4S0f6lfZh/UT55o+F38J1Pj6LWtg/irtXZh8RPZ8M4kHAet/eXqPL+083JxWO+GcvT1fBONLqUFNxKsNveO6nyP9DO3meK1FPi/9do8Lan408x+073BeLLrqRW5IsXYZ6/A+s4y/VdXVgzIYJtAIB2M5mt1NWhsFjA5chGcdFHbP5zpkyq2tXByoPeQZNLqdR4iafUVmxmVmN9a4TAOwxnIOCPzlHFPtFKLbSQVrbNikfiX+001l67HZ3yGOwx0HTEudeddvlKOTQr6GysaJDbpyAoor5Qq5bJcE9evTM67YIwdxMqWeHdyBMKAN+3wmkSDnWaCivXfa1rUW8oXxMe8QO2fnNiNzL+sNicy+o6TE+qrocK1iKWblHMcDPl8fSBVrNMpsb3QBYpDMD7527eRmvTgClMEthQMk5J+cqrv0+re6pH5ravdcEYP/AIld1r6ahvBRSyr7is3KpPYZhG7rMGv4emralyfeos51BAIzgjv8Ziu4terJqaw3hVuVvqZcHG3vKe4Ges66Olta2IwZWGQR3EKzUgVHGScncmSPauCSO8kDwYMYGIIwn03hNDBCJUMIwiZhEiHE5PG9Kt5UEdVOJ1hMvEV+8qPmn9ZnL3Gp6d//AIc8be7RPwjUvm/Rf6ZJ3avt9On0nvkbmWfG+HPZw7iScQo/HUdx/MvcT6xw/WV6vTV30tzV2KGUzycmHjXr48vKN0kAhnNspwjhsbHY/wBJVZqci1alDXIDyqxxk9t+wyJbaGNThAC2DgHoTOSEt+2HUB3XxGWvlx5Dodv+7fpv8JYNdoNtFdjVV2XUjnVRsObHYnp1IlWntrt1igufHarD1qxZEPf59s+kssoFFxFWKluJstsUe9kAD5dvOVc9i0kaCpalJy1tvVvM+fzP0hG4cmmQB2JydiRA9vM3h7gEdZjVNRaj6XxbVdCv35Qe93IH6TXpXq1NIurYOpJAI6bHB/MQKi9i21jwiysSHsyAFA6fH/zD4K6bVlkpdvtLZtszsuFwM5O3TG0030rfQ9LMyq4IJRuUj4HtCqKoUbnlGBntGxVpaDVUgd2tZAR4jgcxyc9unwl3MMZzt5xLbKx7jsMnfGZWi2swLjouCQcAn4fKA7XY5CvKwc4znt/WEVs1nOx2HT5/+IUpRG5sZbzPb4SwmQAACGVqWTJsYEnoB2lN9zqUwvMjNhgOoHn9cQKtbqFP3ZZF0z1sHtD8pUnGOXHz3mFLr9Yw+wUitQgT7RYMkgdAM9f8zgzVTo35Wr1C+JUDnDLsQSTNFmo8DTMy1MzLnFdeOYjOBjMoi6WvwEp1H/UFcfiGcnzMOovepVFdXiNzKvIrABQTjOT5TJrdQ9S3pdeunqKjwmr3sP8AMd9v83jW6S6wm/Riut7wossfPNygHGPrATVXNTXaLtWKmZh4RRcsF223zknff1m9NNWzrcygsAeU43UHGcH1wJRpOGU6ZvFcm6//AN19z8vKbhAgwNsSQySKEmJJJAJITMut4hpOH1G3V3pUo/mO5gaMyu7UU6eprb7UqrXq7sAB8zPnPH/+LNddv2LgOlbValjhTy8x+QE8/wD8m4z7R2jVe1OvtZOq6Op9h8T0HwH1mseO5MZZzF0PbH2413HtbZwL2VrOoqTa/VofcY+XN0wPzmbhvsvy6er/AJzqBrXQZ8IDFYPr3b57ek7Gk02n0VA0+koSmpeioMCX48zmevHimLzZctvpFCqoVFCqBgADAA9BG2gzJOrkO0BkggSAtJFJgEnaLITIPjCJCBtJiQkdoUpk7yCSAcwGTEhxIEtqW2so2cHyOJSlS6YYrp5j/MOs0SZkslu2plZNMr3eO76YVlgBh2BxiJbZ4b00VKfEBHXss0+Eocuh5S3XyMo01LJbZZbvYxxn09Jzsu3WXHS53WvBc4B6Ew9RMTA6/Ulcnwajv/uMvKW13NZzjwuXZSehmplv/wAYuEn/AKtMUmVafVfaSSq8qjbfqTLD1m5dzcYssuqmcwGHtARKgQQmCEAiDEJgMCBsRwwIlUmcbwq3MBMrD74MbMCHpFzCd4sIhiwkxZRJUdTQLDWbkDjqvMMywzIg8V2qt06Dl94FsNkEybaka4DDAYZKYsYwGVS4ix4sgVlBEzM12kuF+nPvL1U9GHkZrxK7FBWSzay6dzhHGE1Fa30tjHuuh6qe4M6VudLYvEdITyEjxFHUf3ngGsv4dq/tmmGe1lfawfvPX8H4vTqaFtrPPRaMMp6jzHxE8PLx6evjz291w/XJr9KtqkZx72JonkdHqG4Pr1IJbTXHK+W/aesV1dA6kFSMgicpduomKYYDKMHEnopp8a/8KsCBvue0z6HV2JZ4Woy/jWfdWV5YEcoO+3u950bq1urKOoYEYORnaZShqtUIQtaLgIB9DAr4q19Gksu0yh3UZK43IHXHrMdGofT1fa6Oa+ixGtapSXdicEBSTsOu07IxZXnzmAvXpSFrRVAbGwwuSf7wN4OVBwRnsZzeIUkVkio2MzZyMe73zvOgGBAIiuA6lTA4nCUdtfY1umdbqaxWbh7qWAnOwJySBjedHU0V2Y50DAHIyOhjDKNLSA6QOPdVa2rTUVr7gRlatiRzgjYfX9Zp4VpbdJpilhKqx5kqznw/MZ77y4F1uJYDkAGPPPf+kX7dS170VHntQBiMYBBz0PTtCLrv9NjjOB0kmbQ6+viOnYhTXYpK2VnqpkhrW3hwYymee/8AxXox0B+hg/8Axbp/4anP/wAs+h54vF416SETzJ9rF/h01h+kB9qbz+DSH5tHyRPGvURhPK//AIj17D3dKg+LEyt+O8V5sclKLgnPKT/WPP8A4eP/AF7ASniIy1B/2f1nlH4jxlgmLwCxwOVBOtw23U26Xm1VzWvzEDmPaSW2rrUdPRIGLg+U9J7JcQOm1L8Ltb3Wy9BPn3X+v1nndCeWwqepG00286uttLct1RDoR2Ilzx8powy8bt9PqbmWWTlcG4inENDVqU25x7y/yt3E6gORmeG9XT2GmXVWtp3VkUE2Er88Z/oZpkZVcYYZ3zAx0PdaX8XGQ2Fx5YH9x8oE0/2zTPTraFAJ3r5uYEA+7k/ITYqhRgAARDRWNQdRuLCgQnmOMZz0+cqM9a2XCpnD0vU7fdgj3huAW9O+JsA5RiAAKMDaQt2G8io523blirYLBlCCOmQZDXzj3pZhVG2wgVrUNi+GYDGcSxmWteY7CQMGGQciVW6hKyFxzMeghDh+YEkFR2zMN9t9aXapyzLSrMlNXU4889T6dN/nGXW1Wa46QOTaEFgUg7qTjbzjafQmnW6jUm6xhfy/dk5CkDGRKM11CcUo09ubEUulyEEqVI3Gc+Y2nTCBdz1HeV23Uoy0lhzvnlXPXEot1SUhDe/KS4QbdSekDQb1LmpT7wGSPQ/+Jhu0twta3SV1+OwFZtfqEBJA+RJm4UKbFsYe8oIBz2MuAAGAJBg0nCaqHF1rHUX/APuP2+A7TfiKbBzcq+83fHaNG1TEMEMbNJBJA7rWhd2CqNySdhIGlOp1dGjqNuotWtR3J6zy/tH7f8P4NUwrsVnH8R/oJ8w1ntD7Q+2N5Gi56tMTg6iwkLj08/gJZLb0zcpHufaj/ilo+Gq1OiIazoDsT9J4j7N7R+19v2niF76HRtuOcZdx6D+pm/gvspoeHONRdnV6rqbbRnB/2jtPQ4ZvQT04cOu68+fL+MPC+D8P4NV4eioCsww9h953+J/p0nQCk/i+ghVQvSNPRJJ6cLdgJIYIEkEEGZUGH49IICcCRQPUxYYIEJAG+0FTrYgdTs3TMW2sW1sh2zEZ3rbmKha0Xf19BM26ak20dBF6xa7BYOwbuuekbpLtmzQwQwZ7yiGCT5dZJBIIRBAkBAYEEZBhghSVVLSnKmy5ziZdYzXWrpE25t3PkJtMrasFuboRtkTNx3NRrHLWW6C1oiqqjAXpIYxGBiAzTNuymKYxiyoEkJggA9IOkJgMIXMEJghQkzIYIBDbSZi9ZMwhjFhzmSUV2HFbdtpm0NK1oxHLnmIyuwOPQHEv1NRupNahDkjIcEgyU1muoKURSM7J0mftuXWJ5JIO00wBghghQMz6y46fTNYAWII2Xqd/2miZdbqF0xpss/0w+GPlsR/WZy9NYztQnGtIxw5as+TCak1OnuGa7kf4NKr30T0l7BVYvbYEn4TMvCNHdSjhWQsoOVaY3k3rH/xqtRXJXqQMmc+nU28F1p1FYLadz99WP/6h6zboNONPVYi2NYPEPvN18sflJqaQynIzmWzynbO9Xp6vQaqnXaQUmwPTaM1P5Gd32f17gtw/Un71Pwk9xPmHCNeeFasaS5j9lub3Cf8A02P9DPbC17lTUVEjVafckfxrPDyYeN29eGXlHtjATM2g1qa/RpencbjyMvmG0JlGorWypgwyCMEekuMV15lK5IyOo6iUc6rWVeMunLFEKkjY422/F0Hwmq9UROc4VUGSfITk2cKNFWqRLrEpbLVKg95Gx2zsZ2EPPVht9sHPeBzNNxMePm0qums5fCtLDlYkkAeeen1nUnM03Dk0CvTXgU8/Og7rnfHyPSa9HUlGlWut3dRk5dix3Oep+MA39AVGSdpxtZq7EotpfWhGDlktUBUQDBCufyzOzqLDVXz4ygPv+YEzajRaa9Sl9KWoSDyuoI2ORAsIL0KXKsxUcxXoT6ek5Oq0movQlbRXeueS4p+A9MgfAmdsYKYA2xM1hZbVATI7nygZdJorhrjrLDyHHKSp/wBYYGCw7HOekk6POoAJIGfOSEfFquBKeo/Kaa+BoO35TsVqMS0AT6PjHj3XKTgtY/h/KXpwiofwzpKRGBEuojEnC6gfwy9eHVD+ETUpjgiXSMy6CkMD4YyM4PlmMOGUhCoGARg/D/CZozHBjUN1nr0jVtlbO5zjbrk/t9I7o4uZ1AYFFXf0J/eXZjCNL5Vp9muJtw/ix0tuFo1TBQT2sxt9ek+gUvzCfM7axYpB28iOoM9n7PcT+36FWsP31XuWj18/nPLzYavk9PFnuad6SKGyIczg6jvjaVLdzEoSpYbkDtLcysKqWnb8XSBAGYnmyN/rLAoHSBmIXIGTKrtStFXiur8uQAFGSSSB0HqYF5YDGTEtavk9/wB4Ayiyy86pOXkFPKebrzZ2xj85TQ+n57mW3K2uBzMx5SSMBVzt26CEXV6n7QjkI6BHZMOvLnBwSM9R6xqtO6kh2yOYsueo/wA3lN99mjehU07Xiy0I7A7oCNmx8ppstblPIuSBsDtmUALVTbnAyRgHG/w+EJct6CVpnUVKwBBYAjIxgxFI02t5L9RzHUt90hHTA3Ax8CcmBTXULa9UmmDUXcxXxbEJJPYjPUDO3aaEFGu011It5sZqsetsEHvuOh3lllLfaK7hcURFYMmBhicYJPpg/WMM9KwFyck46wG9yqsDOAoAHeQcz4Jyo8u8K1hdyeZvMxsSKiqFXCjAhkkgSSZ9XrtPoaTbqbQij6mfN/ar/iglbnRcMVrbm2VK92b6Qlr3PGPaXQcHpZrbVZwOnMNvjPlXHv8AiFxLj2qOi4PU95z1Ue4nqT2nNXg3FePW/aeO6lqaicjS1tufiZ6LRaDT6KkUaShKqx2Ufr5zrhw2+3HLlk9OBofZMW3DV8auOsv6isH7tf3nqKqQAFVQqqMAAYAlqUgYLbmWgT1TGY+nnyyuXsFrC/GPBDNMpDBJAmYIYDtAB2gjRT1lQTFJzvIT6wSKMEkkCdTIYekEgpegcoFeFwwJ+uTHq52UlxjJ2XyH7x5JNL5daQbCSDMmZUSSQydBAEHT1EMkKGRJmQjO+cGLzY67QDiDtCekG4EMgTFO8aKTiFAwQmKTtAEkhggSDrDFlQIISYM5kUIITBmUAwd5DJAmcesmZyNVxiteIjSVsGKfjI8/KdKuzmUGSUsW5kigw5lRIIYDKBAekJg3hQMx66+lKmqspe/mG6IucfHymz4yoe5awI/Gcg/KStS6u3J4dXw5tTlFsW1d1S3t8Jc3C9Sjn7PrGrpY5KeXwlhuquuspWpmtFmebl2Xpvn5Tdmc5jLHTLKyq6alpqWtM8qjG/eFhkYjQTppy252t0y21lWXIInT9m+LWbaS9z9ooGVY/wDqJ+/aU2IGE52orsquTUUHltqPMp/p8Jzzw8o3hlqvo/Cdauj1wAONNqj/APQ09OZ864Xr6uIaNWzyh9mH/tuJ7Tg2uOr0fJYfvqTyOPPyM8Fmrp7JdzboQSSSKrsXK+sy1u6XNzleUn3QOuMTYZx7eHXNq7rrLgRkmizlHPVkYIHbEo6V6CysgjO0w06+lbVrUYqIwLcjk5s4C9es06Ry+mrDFiwUZLDBPxExnhyVW2Dw0amxxYAwzyt5AfEAiEdFlDoVIyDsRMwC0qKSx90ZUnyz0jaMcmnCeM93KT77nJO57+nSWWVq7o5zlem8K4qcWue2zwFBajIs0z4DZyMHP1nSqvr1VRtr5sBip5lIOQcd5n1Wmqo1f2tNOptYcrWdMKJspZXqUjoRCOGLTrLbNPq6wLKX5gD0IzlSJJ0r6ylodEUt0YnqV8pIXp4NNljgzIG1FP418Rf5l6iXV312fhbfyPWfTeFfmOpyZUDGBgWgx1IlOWztj5whyBuufhAvBxMup1zVNeqgYqq5ie/MeglosXvtMx0rW2czFfesDOQfxAdBj6SZb+lx1vto0FjDm0xGTSq8z56kjJm4GZKKVpNhDFjY5difOaAZcfSZWW9LJp4Zrv8AlvEVvJ+5s9y0eQ7H5TKDIQGBBGxjKbmjG+N2+iUXZOD/AOZpnk/ZziJsqOlsYmzTjAJ/iTsfl0nqanDr8J8/KeN09sss2fMDbr1xjcGSTtM7Vgt4gtOuWtnwlqHfyPl//UflIgXT0pptNQz4HugbKB2JY/3Pxi26Ac5VXAJAFbMM8o8iMjMnEw/2Tm0YFmp03v1pzYBOMYOD5E9e8qNA0TWjOrcWf/tqMJ8/P57ekwGp+L8Iu0WtV67qH5fGChfeGCHXt/mJ0VsexFLjlJAyuehgfSLqCDbkqOqZ2b4jv/m0oCnxa0dH8TYYbOeYTStY/i+kKgKMAYkLYGcE/CQOMAYAil15gBu3p2i4ZvxbD0PWMqhVwBgQp5IJIDSRZx+O+1fCvZ+lm1eoXxAP9MHf5+UDsMyopZmAAGSScYnkPab/AIicM4HUy12rZb0Hff0HeeG4v7ccd9rLGo4TX4Gk6G5tkHw/mMp4b7N6bS2DU6lm1mrO/jW9vgOgm8eO5OWXJIo1mt9o/a642XWPoNG3d/8AUceg7TpcL4HouFpy6an7w/itbd2+JnSSo99pcqqo2E9WPHMXmyzuSuunu23pL1QKNhIDtJ2nRg2d5IsOYBkgzDAOYJO8Gd4BMneDMg33lEzATtITtFJkAMEMEIOYR5wSZ6wo5OJIJMwCYJMyZgQ7mHtBJIJKjcot8PqQMnHaOzhSM9zgYlXghX8asZPKdv5icd/lJbfpuSfa6SZq7fCJWzOdyzfPymgsOgO5kl2lxsQwddoe0E0yBGO+0GciExSMiAIMSbjruPOSBDFMMBlAMEMEAGDvCYuYAkhiwIYphJinrAk53GuJDhmga0f6re7WPM/2nQLBQSTgAZJPaeC4zxFuLcRJQnwU92senn85jK6jWM3Q4Qll2uFhJJJySe5nuEBVBPOcLoXSIjsoLN5sB+s9GSFTJ90Ab+kmPpcuzgw5lS2ozEKwJHUZ3EYbmdIzpaIDJJKyBgJhgMKVjgE+UwXaXU3r4v256sjPKo90TbbYlNbWWNyooyTMa6zSX0PVVqkHMpC822PrMZadMNzuG0Z1SKteqKsSMq6/oZrmXSVsrHxdSb3UdcAAA/8AiaZcfTOXtDFMJgMrJTKbUDDpLjtFMiuHpuOrwb2lXS2tjTXoBZ/tbfBn0XhuvOl1VeozkABLMd18/lPjHGh9q4xq2H8Dcg+QxPZexnHW1ek+x3tnUacY3P40/wA2nj5Jvt68LqPsysGUMpyCMgyGcb2d1/jUHSu2WrGUJ7r/AGnZnB1gGI4BUiPFMDIPES7Pu8gHTvmWh670JrdWAOMqc4Mo12kF4WxWK21huRsnAJGMkdx6SjhdCacWEDD2Nl8DCkjuB2BlRK9Xp6bxUuwwW5gPc64Iz0zk9JvzkZnLPC0qa6k1q+mtbnAbcKe4x8szXoxYlPh23+K6knmIAOCdhgeQ2gXXAGsk9hmcTU3WHiI0tvMlblWpdGK5I6g/tO6ekxa/T1WVhrKjbyMGVR5wqnTaiy2xtLqHV7kXm5lUgNuR+0k0aZkZMqAG6HHYjqJIHz8ZivTVbuy4P8w2MIjCfTeBVyX1D3T4q+R6x69QjHlOVbyMsG0D1pbtYufXvAcHMYGZjTfUCaHD/wCxzj85BqlUhbQa2PYwNYIkGPKVhgehjgwLB6MY4LgdjKgY6tA0KCUBzyk9pPvBsOUwZ3x5Q5lQ2luu0mtr1Cruh3A/iU9RPTaX2r0ibW13J/8ALmeYBhzOeXHMvbePJcZqPcV+0nCbcY1YXP8AOpE11cQ0V3+nq6W+FgnzzkRuoEU0IemROV4J9V0+a/j6Nq62u05FZBYEMMHrg7/UZEo02kNdrP0yoXLehJ/r+U8CguqOab3T4MRNNfFeLU/g1tvwLZ/WZvBfpr5o+gqioNu0JcKpLHAnhk9qOL1Ec7rZ/wB1Y/pNFHtdejBrtKlhHfmImfhya+XGvYK7MdlIXzbvLJ5ur2y0zf6mksT/ALWB/aa6vanhj9bHT/uT9pi4ZT6bmeN+3ZzJmYK+N8Mt/Drah/3Hl/WaPtul8NrPtNXIoyW5xgCZ1V3GjMx8S4voOD6U6niGpSisdCx3PoB3nz/2t/4v6DhgfS8FUaq8beOw9xfgP4v0+M+Pca9peKcf1TajW6qy1m8z0HkPIegiSm30v2s/4yOwfS8FQ1r08U/jP7frPnOj4u3EePU28Yc3UM/vBySoz0J895yEqLHeaBUoHSbk0zX2OnTrWoCqAoGAB0EvUADpPNexvGTxDhn2a5s6jTe6c9WXsf6T0WT5z2Y3c28mU1VvNDzbSrMPMZplaGkzKg2JOaBdzSc0r5x8ZOaBbmTmlYcSc8IszJmV88nNv1gWZhztFGZD8d4AJzFMJgzAg3hgHSTMIORmGKMQwoyQGSBJPjJ1gzIGgMmZIFdtPP74O/T4fCAW+H7rDGOmOwlsDqGBzJr8bmX1SvyOQpwc/niVMtqOXDDl77dPIRwvhqxQZbGFHkO0lRJ75UDGfM9zM1ZfsEt5195eQ9QD3lnaV2Uhx3B8wZULLanC2YIP+fQCXdntPGX00bwZ2gWxWGQfSQzTGgMUjuDiNBtBC589pM5MJAMTcDzhUMGYQQekWVEJiwmCADJJ1gMAQd4Zm1+sq0Oks1Fp91B08z2Eg43tVxTwKBoqW+8tGXI7L5fOcLhGjN1ysRMzPbxDWvdYctY2TPWcJ0YqqBI3nKf6u3W6xmlvhcl1dSnGw2yMHz2I8pr1NhSgkHfz32+krtSrnz9oNbk9n6n4GJrCG5EJA6ncZ/qDNetk+lmlpWusMM5bJOdySe+ZrQSutcKq+QxLgMCbk6c7dpFBzn44jRE/Dnz3lQTFMJ6wSim8oFTnKjLDHN0zEt0OkvHvU1nPcDBh1VFGqZarhzADm5c436Z/WY34QKxnS6i2kjoObImLv8dMda9rtLw9NLY7VM6At+AnII/zM2TmhOK1qGq1FWoUjbnXBmvStqGqLalAjlvwg5AEY360ZT72uxBCYJpzIYjnlUnyjnrMvEbPB4dqbM7rUxHxxtJVnt4+hPHN1x6u5bPxMqquu4VxGvWUfirbcdmHcTp6Ojl0S7TPqtOGBnC47jtL2+jcF4srpp9fpmyp94D9QZ9CouTUUJdWcq4yJ8C9lOLHh+uPD72xRcfcJ6K3959b9meI8rHRWts3vJnz8p5cpqu+NelMU9ITAZlsrDIMx2F0tQKVC5Oc9TttibTMOu0r22JfW/K9WfdwCGGDt6fGUrRkOsyFqqdRyc6i2zLAE7tiUcPR6tTY9hZGuUM1JbmCn495W+idNVqEstsKWgtU6/iUnYjPbtCOsGBGRAwyuJk0j3IzV3cvLkCsg5Lbb59ZrhWYVNzcq+4o7jqfhJNG0kg+bAxgYohE+o8BwYwi5kBgNIwV15XUMvkRBmNCM7aVlPNp7Sv+1txANS1R5dRWUP8AMNxNMmdiDuD2MG0SxXAZWyD3Etq95wJkbSV8xepjU/p0Mv0guV2FoXYbMD1hWvOTCDEBjCVDwxQYYDAwgxZIDZhzFkzAbMBAPUAwc0ggQoh7YgNQ7MYebEOZNIr8JuxzARYBuDLc4kzGhkso09oxdpqrP+5AZjt4BwW45fhmmHqtYX9J2Mg7ECKUQ9Vk0bcCz2P4Jb+Gh6/+xzMdvsHoGOatVqE+PK39J6k0oTkZEBpb+F/rJ4xfLL9eY4Z7JX8J4nXrNNrwyj3bEZMcynqOs9PAUsHTBikuvVD9JZJPRcrfZ8yZic4zvDzqe8qbNJmDMkAhocxZINmzvJmLD3gHMinLCKTHqXfJ6CBdnEUnfaAyA4gNnMBEmTBAkkPaDECQgyZgMAmQQSQD0gzITJAWx/DAIBYk4wJFYsoYbj8xFZmViTuO0UIRhqjj/b2mN9tydL8+RkzKucc/KRytjMfMu00baDpJ3kJlZDMDAMMMARDIYGc0MrBq2x/TJ3PxkS7L8jDfOAR385fnaLgc3NgZ6Zmda9N+W52EkMWaYAmA9IYpgAr36Hzik46/WNJ1g2QyQEY6fSTPxHxhUMU7xjF7QhS08X7T8T+26waWls1Utvj+Jv7Tve0XFP8Al2gK1H7+73Vx/CO5nj9DpzfeNsznne9OmE13XT4LoeZg5E9UirXXttgTLw/TCmobTRqDihsdSMDbM1Oom91TRi1zYNPWDzbsoHX54IkvVn1da5wD0JAPTfoY2kFiphgOUjOcnOfnGqob7SbCylTk7E/pnEmtxq3tqrG+8sioMQkzo5Fc4Rj6QAYGPKRz0HmRIesCGCSCUc7iKaI2K2ruKNjChSciVaehrN9HxSwoOobcj6zYllHiWV28nicx5lbGT5fliBtLp6rEupRa35gPd25gTvt8Jys3du0upppRAiKo6KMDMMkE6OKQEyQGApnM4+/LwtkH/qMq/nOmZx+PNznSUD+KwsfkP7zOXprH2qqq5dOgx2lF9W3Sb+XAA8pVYmR0mV28/qtNk5XYjcGe09mONvrNMuWxq9MQG8yOxnAsoBJmKq+3hWvTV078pw6/zL3E5Z4bjrjk+/cO1q6/RJevU7MPIzQZ4r2W4zULK3RwdPqQMHyM9rnO4nlvT0S7gQERorSKy6hWVSUXmbsM4hFuRyAcz9x5fGWuodSM4+EVK1rXlUYEBK6Qh5ju/n+0skMECGSAnAkhXzURxKwYwn1HzziGKIQYDCNEzD1hD52kzFEOYBl9W1efMzPL1PuqPSA4jCKOkIlDiGUNqKa2C2WKhPTmOMy0MCNiDG11Tw5i5kzCGzBmCTMIMkGZMwow5i5khDZkgzJAIMOYuZBAbMOYsmYDZkDRcyZhB2PUCKa0P8P0hzJmAvgr2YiKaX/hYSyHMCrlsHbPwg5mHVSJcDDmTQoDiEMDLcA9QPpK7RXXW9jLgIpYn0EBLLkQ+8fgPOWpaOUDpPOjVPquMFOiVVrt6kZ/qJ1g0kq3pv5s95JlSzJAmpekoMkEkCZhzBJAMkkkAZhkkgSSSSAIhrIOUOPOPJmSm1bDxWKsuw6GDL1DB95PPuJbJJpryIrhhlTkeUbm32gwB6QnB6wl0mYIMkdd5M+UonwkkkgCAyEwHeADBCYDCBBDF9YRCYphMBhSmJbalVTWWMFRBkk9hHM4fHGu1Q+yVsKqV96+5zhR5D1/8SZZeM21JuvL8U1VvE+J+OwIRtqx5ATtcE0IC85HeYENWp1y6fTnn09W4Yrgk9zPUaOgU0qO+Jzwm7t0zuumhVAXEza9gKlT+Y4xld/rNQ6TNezNaqKVIJAYd8f0nS+mMfa1Qa9OBgcyr0A74lGiq+9D8vKQd8IVzt3B2l1zVLWfGICHbfpLNItSVFanDrknY5xJrs31WiKYTAZtgh/Go8gTCYB+NvkP8+sOIUIIYrKrqVYAqRgg94GLXVaC4f8AUuikdw2CJVw8aEXFdKzWsq7sxJxLBwvSUuWNAsBPfciaKU06sxoVR0B5QMef9ZiS77dLZ46lWyZkkm3IIpjRTuYCzjcQ+94zQnZK8/U/2nZM4o+843qH6hAFHyH/AJmcmo0mIwlhEUiQVGvK5mDVacNnadYL7sovrypjSysvs7xI8P1f2G9iKLm9wn+Bv7z7DwDiP23R+FYfvatj6jznxLWafIPmOk9X7He0Tq6C1vv6RyuP50855uTD7d8Mn1bMUmCq1Lq1sQ5VhkGQzzu6QGEmKTAEBO+JNz0hA7CFLj6yR8YkgfMIwiiGfUfPODDEEYQGhEURpEGQQZkJIU8oycbDzlBW2trTULFLjqudxNPQzn6RU1Dh3oAepjuwGQfjN4MRaeNEHWOIRy+Ojlpptx+CyHjDMmnpvr908wzjbO0s40vNw1z/ACkH85n1zi3gdR6tyq3wxsZxy93/AMejD1jf+ulUpdzYjuE6KM7H1jBrWvYK6+GNj7u+fKU6a0nQ0FcczIAPjiWNbXp/Dq3Z32VR1PmZ0lmnK73Y0Z2lFmrrrvSl+YPZ+EYzmFb1aw1nKuBnlPcTAT43tAO4oq/M/wDmXLLXoxx3e3VzJFBBG0OcTTBpMxcw5hBkgkzAMMEkAyQSZhBzJmCSAcyZgkgGSCHMA5kzBmTMA5mTiz44Zcv/ALgFf/1ED+s1TBxVsjTVfzXBj8FBP64irHG4dizi+usHQWcv0GP6TtTjcAHPXbcf/UsZvqZ2Jzi1ZSM2Cb/SYKPxzcOk0iSSSSiSSSQJJJBAJk9YMxfFXnKbkr+LyEgcw9ooORD2gAiSQmLnygNJ84ArH0+JkIwNjAm0kXBxn1kU5JhRg3zkdYcwCBM4ODsZMyN0i7jpuPKQSQmDIIkMoBMEkkCRfSHMBhAMU9ITFJAGScCFYuK8RThuhe9sFuiL5tPFXavVcTv5tRYWGdlGyj5S/jvE/wDmfECK2zRV7qevmZZw7SYQuw2A7zjlfKusnjG/guh8Oo2ED3z5TvjYYmbS1qlFSqR0ztNOZ1k055XtMzDYh1GpdQKyB051Bx9DkTdAqKGLBQCepx1izZLpTeqha6z4nL3FZ3wPzl+lSpKyaU5VJwMqQdvPMqurLamv3XxtuOXl6+u81kxJ2tvWkkgzAxAUknoJpgE3yfMwkwKMKB02khUzKb/EbFdT+GW6tjOBLZm1GrpqvWuy1a35eZSe+5/aS1cZd9Mp0uvotXwtabc5PLYOw/8AM20YKFuTkZiS6+R6GU3i250s02qrRFBDHHNt/gmipAlYAJbvk9T6zOMm2sr12aQySGbcw7RYYICmcTh+LLNRd/PYSPrOvqLBVRZZ/Ipb6CcrhaFNEmepExfbU9NR6RepEYwL+KAxiMJYYhEox31BgdpzC9uh1aaqjZ0PTzHcTtsuRiYtTRzAzNm1lfSPYzj1Wt0q0c3usMpk9D3WepJnwvgnE7ODcSU8xWp2GT/K3Yz7Rw3XpxHR13IRzEYYDznizx1Xqwy21kwYzudhGxjrGC9z9Jh0JjPoIZHZUUsxwBORxLiqUoRnbsvcwrTreIV0Vk8+AOrftJPm/Hfaay61qdMwawbFv4U/cyTc48rNs3ORaIYsafQeEwhiiNKDCIIYQZm1oNihFAb3hkEHf5jp8ZpmSjTn7UbLaFD9RYGJB+R6TNan63aWrwaigYkDuesvERB7gMeaTezCEGASbSop4ght4fegGSUOMecyjSvTwR67Dl/C39O+J0MyHDKQRkHYiZuO2plZNMvCq7E0VRtGGC4A8hnMz1JZdx3UMzFfDQBcf58Z05UaV8XxlPK+OUnzHrJ49SNefdv6Q6X/AK2vUtccqpXlwNxMnDkXUazWalveBflA7bf4JuZHwSGzZjALdBM/D9NZoKCjnxOZixK+clx7hMv80LtR9n4pp6k2W1SGUfkZYmtOo1ltNThUp2Zu7HyERNI93Evtly8qovLWp6/E/UxeF6YVHUpYoL+JncdR2Mm7tdY6/wCtNGqNl11GzWVEDyyDFq4nTbXa4VgKs83y6wt4GnS+6utVZFJZlHU+Uo4LSF4YpYAmwktnv2l3d6TU1a31WpfSttZyrjIMeKqhVCqAAOgA6QzpHOmzIDBIOsIaSDO8mYQZIOkmYBkgzJmAZIMydoBkkBzBnEAzk8Vu5NSzf+xpXf5n/wD5M6085xmzNfErPMLQvwwM/mxkyWH4FX4XDKh5idGZdEPD0la+Sy/mmYt9tOnHvTZMumwFyZfzyoeTMr54OcDvAtzBmVGwQeKIF3NITKAxPSHBJ6wLSwHeVE8pyp6tkjzjBPME/GNjHTb4Qs6Vh7Ht2BCKO4xzGOCcDnIBx0G8bA77/GDbtIUQQDsmT6w5Y7ZC/CLJmUEjzJk2A2gzAYEJlK2YcqT0MtMy3e7bkdxmQawwPSEzNW2W6zRmUTrBJmAmACMnOZCcdfrJAYE7yGDBHSTOdu/lAEUmMDjaKYAzmcD2o4p9l032OpvvbhuR/Cv952NZqq9HpLNRacLWM/H0nzvUai3iOts1Fh952zjyHYTGd+m8J9rNDpzbYNp6vT6PFCqvunIJMwcI0QChiJ3lAUYkxhll2CgKQB0AxHJioC2SN8mWLV3Y/ITbBM52HWWKh7ywKF6CSUVrSgsawZ5j67fSHODGzjeV2DI9RKGyIH/Djz2lavGyGZfr/n1gPJIZIRJjZdHqLbEtFbODghiMzXMdvDNNcxeyvLsSSwODuZLL9N46+1F3CdKuLK+asA78rdROjMVPC66bQwvuKqchC22ZtMmM19Lnd/e0gMMk05lik4hOYpMKxcXfk4bdjqwC/U4lWnXl06D0g40c0U1/z2j8hmOvunl8gJi+1+hJkQZMBjV94QT5mVLdXYSEOcektbcYlQGFHM24MLEaVsoIlpiEQOZrNKGBIE7Xsfx27SahaGc+LV+DJ2de4mR05lxOdbS9Vq3VEq6HII7TnnjuOmOWn3Lh+tr1+lW5MZI94eRl91y1Llj8B5zwHsr7QE8tgIAb3LUPRT5zfxz2jr01bubSq9C/c+gnjyll09WN3G7i/G0pVvfGVHnss+d8Y49fxBnTTuVqP4rTsW+HkJRrdfqOLWe/mugHITPX1Mr8JQhXGBO2HF91yy5PqM1FaipkH6SS2rwwxWsZHcjp9ZJ3kcrXpIZWliPkK2SJZOrmIjRRDAIhghEqGHWGLGXcgSC4bYHlGzmJkZ2hBmg+ZMxeaTMgbMmYuZMyh8w5iZhzAaQGLDmA0DIj/iUN8RIIYQlunruqNTg8hGMAkbfKGmpaKxWhPIowAe0bMMmjd1oZJMyCUGSCSAcyQQ5gGSDMkIMEkkAyCCTMBsSReb1gNgHeA3WeV4g4fh+RudRqsj1HMSPyE9DqtWKNLbaDuiEj44nmbVsc6HTojMtbcxwPIY/rMZNYusrhUAHYRlsycRU0t7jZCPjNFOgdWyzj4CBpRuVRD4hPSEVAdTmOEQdpUV5YwhHPaW5A6SZ3gIKz3MZUA6mHMmYDYUdBDzRMyZMB8wZ9YucyZgNmDMGYMwGzJmLmTMBs5kMXMmYElOoGyt5HEtld29TD5wqutsMDNQMxA9JqVgVkDEyGCDO0qDmQwZhhQzJ3yZDATAhiNCZxvaLix4doCKT/ANRd7tYHbzPykt0SbunA9quLfatX9ipbNVJ94j+Jv7TLwrSGxwSIOF8FbVuLNQ5C9SB1PznqNPpqdMgSpAoH1nKS27rpllJ1FumrFVYGJoXcykGWpOsjnVwMbMrzHBzNIbMkXMOYVDFMJORFgUt7rERqzlz6CSwbZ8pXW2CT5mQaRJADmHMokEkBgSSSCAesBOTDnaKTABimEmIZBy+JHn4hpa/IFj/n1lp2cHzEz2nxONuc/wCmgX+v9ZofqPjMNX8EmMn4Zns1FNeee1VwcHJltF9V6E1OGx1xCaqwzE6gaghaa+brzGbTMtzcl6ktheu+IqxdFMIYMoKnIPeQ7SoSIyBuscyGBRRZbw7VfaKRzAjDJ/MJmezU8Qve7VnJB90dAo9JuOCJnb/4nlOcY2Gdpi4ze25ldaEKAMAQ4hB2EhM0issqsFwfkNhJKLv9bPcbjOJJNtaduxsKtIUEsN/KX0gogQnPKN/jMlRPiPcxBJ91QJqQ4H6zUZq4GNKg0TUajwgArKGP82cfD0l2jSJJTTebELMnJjruCPrLQdpZUsMIyZzEjqcA+sIsG0mYmZA0ofJhzE5pMyh8xgcyrMOYFmYcyvMbMB8yRQYcwGBjZib42g5mHVc/AwLMw5lfOPUfKEOvTIg0eHMXMGYQ+ZMxRJmEMScjGPWSDMGYDZkLARHcKpMq5bH3xCrTaIDdEFDH8TR1oQdcmRCm+AO7dAZcFUdFEbMKo5LW74hFP8zZlsGYQhprK8rKGB6g75hUKvQAfAQwGFNmQGJmTMiLMyZiZMGYD5hzEzJmUPmTMTMmcSB8yZiZzDAbMmYuZO8BsyRcmSFEmDMBMGYDZkzFzJmAxMBwdjBmTOIVkyVOD2mqpvcEyW7XN67y6h/dwZBoJkzEzDKGhztEzDmAYpkgJxAS65KKmtsYKiDJJ7CeD1Wqs4zxRriMJ0RfJROr7VcULMOHUt62kfkJm4RpAoDkbzlbuuknjNurpKhTSFAxNGYmcDEIM6RzWLuZcuwlKDJlwliHBhzFEOZQ2ZMxcw5hRzATBJAh36zOAV2PWX5ldnXMgsQ5EaUod5bmAcwQwSiSQZkgQxSYT1imQAmAyGI7BVZj2GYHI058TXauz/8AcIHy2/pNTn3T6bzJw0f9OXPV2z9ZqO4M5xq+2XUoynxQ9aKDklkyYlD2XWhE1TnAySteBNa+8BmWxr7Xy60Pbcyi5QRzFgMdyZbmVXgNWc8vxYZAlSexrsV15l3HQHHWEmJW3MgbOc+sYmUoZgJkzAYQCZRcxFqHtneXSjU/6ecZwQZK1Fg7yZi5974iQmAjoGbckegkhMkdLtrq5UwqDAX9ZpWzMxpsB5944YzSVsFgA3lVTeLebMnHyII+P9DKHdiuFxnyJjaZyqkFCpzvnfPz7yUnUaNRaiVClXrqL7DnG2O8mjobTsR4zMMdP4flMaWePq298MvQjB6eWDtNtIStAiDAHQSe6vqabA0cHKiZg/nL874m2DSZi80kqHzDMQ5vt1rNkAVqE9dzn+ki6xsDFY5TZ4anm679foJNtTHbbmHMzJraXUMGIDEAEjrnpLUtV2ZVOSuM+kSpZV2YYgMYTSGzCDtEhBhFgMmYgMbMBpDg9QIuZMwJyjt+UOCOjH57yCTMA5bHYyc5HVT8pMyQJ4g9fmJOYEbGSKQp6gQKbWLHHbHSaUOUBzMto5XGO5l1BzWPSSi/MmYuZMyA5kzFzJmUEmTMGYJAZMwGCUGDO8m8mYRIYuYll1dKlrLFQDuTIq2SLn1iW2LVU9j55UGTiBbmSUabUJqqFurzyt0yMS7MbL0MOYuZMyhsyZgzJmQHMmYuZMwo5gzJmLkwhsw5iSZgNneDOYMyEwrPqdmVvPaSh/exDqhmrI7HMoqbDAyDfzSZlYbvJzSotBk5pXmHMKszMPFuIpw3Qve27/hQebTSXwMk4nheOcSbimvwhPg1+6nr5mYyy01jN1RpUs1WpNlh5mZsknuZ6XT1iusDE5/DNLyICRvOpkIpJ2AGTJjOjK7p8wynxhzYAyPPtL16zbK5BgSyIu0YGUMIYsmYQ0mYMyZhRzATBmAmAcwMMjHnBmDMBVMvU5Ezts3xltZ2gWZgkMBMCSSExYEJgJkJi5gQmZOIWGvQXsOvIQPntNJM53GHxouT+d1H55/pJfSz2r0a8mkRfSXGJWOWpR5CQmZBTrjyMtJlKH3jLSZRCZXYfu2+EYmI/vLiCKqCSCwfI8tsS0mV1oyD3mztGJki1CdoMwGDO0oJMrf8J2B+MYmKd5BVXZzAE4znG0sJlQHLkYA32AjkyNVCZIpMkI3Waa2vcjI8xKwZ1QdpXZp67dyMHzE2m3NepbCGyVYdGBwYtztXp8BiTjrkD5zVZpLEyV94enWc9wbdTgqyMh3JyMjyma1O2mhrQAXIbIznofpNCv6yjMYGWdJe2yl+axRNeZh0e9hPkJs8ppk0OYsaBJORWxlQcHI26SCHvKhG01T1isghR0wekeqoVlyCTztzHMIhzJpd00IMUQzSGzJFzDmQUDV51r6YAZUDHqepl1d62vYoGPDblye5xn+sp8Cl38Rc8ws5iwPfGP0iNosggWHBJJyO5YE/piZ7b/y2M6ouWIUDuY2Zh+z2gkhss13MxydlznGIq26xMcylgeuR0y39BLtPGfro52hzOe2ruVmUquQUUDfBLH+glia6tlVuRwHYBSR16/tHlE8K2ZkmVdYj3Iq4KtXz83xOBLw6nowPwMu01YfIkMUGTOZWVWoGUzGob3iPPeSzdDKqDhh9JKrZJmDMBMgMkUsFUsxAA6k9pV9oABblfl8+UwaXk4gBmR9UbNI1+m5XChjv3xJw/VHV6Gu9sczDfHnmTfel8brbUTJmDMBlQLbkpra2xuVFGSYKrkurWytuZG3BlbW6exGRnR1/CwBz8omm1Ons07NQR4dRK7DGMCTfa66aczFxekXcNu90ZUcwON9jmAauy7Qtq6ChAUsFIz07E+cs0uoTX6FXxgWqQw8uxktl6aks7No9Sr6Cix2A5kAyT3l3iI1ZYEOP9u85fACfszo59+linwHX9YbbG0vHauXZNSMMvmemf0k8uotxlysbdNrK9T4q0qR4TcpBGN5Smtut4lbonCqFUEMvlKNKRRx7V042tUOP8+Z+kmrI0/HdJd0W1ShP+fESbumpjN6W3W2aTi2nUWOabgVZWOQD5/pOmDOVxZHurofTqbLa7AwCjO3+CdJX5hnlK+hmp7rGXqHzJmJmTM0wbMmdomZMwDnMmfKLmDMB8wZi5kzAbMmYnNIWhUsHOjL5iYUbGJuztOe45LWXyMlG5XyoMPNKKWykszCLOaHmlXNKdVq00mme+w+6gz8fSNrHN9puK/ZtN9kqb724e8R/Cv8Aeef4dp/EsBI2lFt1vENY99m7Oc/D0ne0GnFVY2nKf6rrf8zTbSgRRLeu0A2EM6uSKAoAAwBLUHeINzLUgWCGLDmVBkgzJmFNmQmLmTMA5gzBmDMAloObeAxYDN0hrbBi5xPO8U4txLhfEGRVrtoYcycy7geWRM26WTb1OdoJ5mj2xQ4XU6R1PmjZ/Izo0e0nDLsf9R4Z8rFIkmcrXhY6mZMyqrU0XDNV1dg/2sDHJmts6QxCYSYpMqITOXxdua3TV4zli30H950yZyNe4fi1a/yJn6k/tMZemo0Z7QReYSZHnCChw/xEtzKVI5hHzKC24wekUYUYHQSEwEwITFJ3kzBmFTMBMhMUmQTMBkJikwKt/FbfqI+ciQmKDtI0JkikyQO+DiEdYgMbM25rAfKK9aWDDqCfPG8AbAhBzvCs1mhI3rbPoZnat6zh1InUBkIDDBAIg2x6RwitnuZrWwGI2mQj3fdlTV2Ic4yPSBqDbxpjFpEsW6BozGzKRZGD5lFuZMxA0OZUPmTMXMOYBkbPKcdcbQZlWrsZKPcyXZgAB167/lmKTsQllVKIhzyhV/TJgW+zmVWXY9SRjG5x+Q/OL4/+kwbKvlj6DH74lotrY4DD/Dj9ZlvtUmoe2xeUlQzKOXy90sf6CXNfix0A2RQxJ+f7QKUOGwM9oWrRwcjZhg+olZ2KWpaoYEbgHEY01tjKDY5Hof8ADMw05ZDzHBLMcDpuf2lldbowJfIySR55JiHX0UabTi5eR+V0AAAboADt+cUaHlKYsJCcux7gA4/M5lzgFslM9s/qYaOYVDmBBJJwfjGovldM4q1daoFbPh14/F+Nsd/SWBtT4qJzDGCWYr8Nv1l+ZMxo8mdXuv0KtzcltgyNuhiaW0uqMww38Q8j0P5iaiBMzgLacDGd4Z2382YMxEbKgw5gZ+IWCvTq7fgWxS/wzLBrNMwz49f/ANQhtVLKmSwAoRuD5TmH2f0bHKvaAdwAR+0zd76bx8ft0aVrVX8MhkdicDpv1mDghNdGo02d6bCBn/PSJTojwzXUmqxmquJRlbscHH6Smyu0cW1enpcVnUVhgT/nxmd321JO5K61TXWEs7LyZ90KuMjzmDXF6uJ6QeK/h2nlYFtvL+sOk4mVsGl1q+FcOjdA0PF621FNJ04L2JYGXl8vj9It3OiTWTbTpqaLbba1w1py28wcLPg63XaY9OfnA9D/AIJ0VcuMlCvoZzHzR7RVt0W+rB+P+AS5fTON3uLuHWV6zTMygVVcxVa02wPWVcEuWuq3TM3vJaeUeYM1podNW7MiEcxyRzHBPwmjCg8wUZ88RJfsuU1Y52jrvp4jqnWsmiw8wJ2yf8zNbafxtXVqLF5fBB5F67nuZfmTMsjNytUHR1vqhqWZ/EA5Rg42/wAMu8KosGKAsO5GTDmSXSbtNkAbQ80TMOZUNmTMXMGYD5kJ2iZgzCmJgzFzAWA6kD4wGzJmJ4g7ZPwEBZj0AHxhD5kJlYJHU/lCTIpsiY9VtdnsRNPNM2r3VT5HEBqH7S/mmGpsOJq5pA5bE8r7RcSOp1A0lZ+7qPvY7t/adbjHEvsOkJU/e2bJ6es8rpKWtsycneYzv06YT7b+G6XJDETvVryqBM2lpCINprE1jNRnK7pswgxYRjvNMrUEtGwlSknHKPmY+M9TmA+RJmKNukmZQ2RJkRMyZgPzQZ2iZkzAfMHNFzBmQMTmDMXMhMA5mPiOjr1VQ5huh6+k1ZgOCN+h6wR563go6rMVnCLFPurmelIKsVPaQAHqJm4xuZV5NtDfUcgMp8xHq4hxLTfg1NuB2Y5H5z1P2dbPdC5JlV3DKeVgQC35CZ8Pxrz/AFyKvabW1/6tddg+GDNlXtTp32toes+Y3EpfhKN6ETM/CGHQ/WP9Q/zXcq4xobh7moAPkwIlVbpfrr7Rysowqn4Af1zOE3D7U6ATq8NrNOmAYYJiW29pZJ6byq+Qi8ik9IvNIre9NsLfCr8pDWvmZOaKWgQoPMxfD/3QloOaUKaz/NFNb+YjkxS0ilKP6RCr+QlhaAtArKsP4Yp5v5TLOYwFpNRVWT5GJzYJzL+aKTIqksJJYSPKSB2QY2ZTzRubAz2E25rOb3sY7RwZQh2yeplgYwq0NCDKw0bMIs5oc5ledoQ0AtSj9Rg+YlL6Z13U80vzCDvAw8zKd9jHFpE1sqv+IAyl9IOtbY9DClF0sW31mV67E/EpHrFDEQN4sjc+e8wiwiOLpTTYGhyD1mVbZW+p5SSyjAYAfDuf88o2SNZqrIxyj5fWAUouCuQQCB895nGqq7OcZ+n+Ylgtz0sB+MnS6sH7Ny18qt0xv6DH7Sct4b3Thc9M52yP6frCtpP8p+Bj+J5gxo3VYuuVMuh6E7b432H6Rl1RDBXTc46Hzz+0YWL54+MLBXUr5jGZTf8Aw1dosyQpGPOOJVUgrHKOmY+ZWTE4kzFzJnEqGLSi78Sn1xLCZVdvWfTeQXUN92B5RyZm077sPPeX5kUxO0yaVtTVUK7auYKSFIbfHbImnMmZNLKr5GtsV7AFCbquc79MmI2jqfUC9yxcDAIOMD5S7MGYN1PCr5+fkUt5kbx8xMyZlQ2Zk8Cy3Wi24Jy1Emrl69O80yZk9kujZki59YMyh87SZiZhzIhpMxC2O8HiDtk/CFWZkzK+Zj0XHxMHvHq2PhAtzAXUdxK8Dvv8YenTaA3PnoCYMsfIQZkzAOCerEwYHYSZgLQCTBmKTBzQG5hATFzATAbmlV/vVMIxMUnOx6QMitgiaWtVay7HCqMkmYuhI8tpy+OcRIqGjrbdt7Ph2EzbpZN1g1+rfiOuazfkGyDyE6XDtNygEjec/h+n5jkid+lQq4AmMe+3TK/UXKMCMGEXGep+QhXA6DE6OZvePpItieIoAzlivMSNiImoLpp3ev8AEozjzHeZigZrFT/1AL6T5HuJnKt447dYQytHLVqWGCRkjyhzNudNmTMXmkzAaAmDMXMBuaTmiZgzAfMBbMXMHNCmzJmLmAkQGzJmJmDMAXdm+RlQYk4Etb3lI85SNtoVpVwq4XqepikxFO0bMIVhvkdZCFYQneIfd3EANSpjBQFxiDmyIMwIQCOkgRcesGYMwDy+sBzATIWhQLekHNDzRSQe0ghMBkIEQgjvAbmgLRfeikyNGJ9YpMqfUBW5RW7Y6kCNnIBkDZgJi5g5oBJkiFpIHZzITkhfmZXzdzJX5nqZpheDG5hKgYcwLcxg0pDRw0otDQhpWDIGhFwMYGUhsxwYFgMIMr5toVbzgWE57Sl9NW/T3T6R+btDmBjs09idBzDzEq5sHBnSzEsqrs/Eoz5wrBzxVvfn5WTymmzREf6bZ9DMzq1ZwykGF2POGblZVIJ8vSMGqW0YXce9kfSVZ7yHB6iRdruTKBariuBgYlga1TgWqxz0x2mQIvbI+EbfxC4Ygn/P6Ro21pdcGCtWCDsSO3+f0jLqELcrVspzjJEzVNbz7EEE75l/i2Ae9XnJHSUW+Ko59yvKwXOepOP3jeJsCHU8xwPWIQjpuux3wYBUowV2xnHpmO06XczDqB9YefzBHymQadlGEubbpnfz/eOg1AZeaxSvfbcy7qdL/EHmIGIKHvmA48opVfKELSQLBv092aczAo5LiM7ZB6zZmRT5kzEzJzQh8wZi5kyIDZkzEzDmENmDMHNJAaAkjoMyQdYVMsfIfnJy+bE/lDKzaC2MwHwo6AQ80TMGYD5hzE5oMwLMwc0TMVmCgkkADqT2gWc0GZWHU9DnbMS2x1rzWoY9gTtJs0vzBmVVWiysOCDnriNmUMTATFLReaA/NFLRSYM5gMTmAmDMUmBg4hqV0ava3yHmZ5msWarUGxjksckzse0lbMtDgnGSCJTw7S4AJE5Xu6dcdSN+i0wRAe83DYRKwFGI2ZuMU0ZREliyosC5lR0lamvw/c8Ns7fpLR0kJjRuw2ZMyt7FQZY4ETmdwfDQnfGZTS7mxENyAjLdTjPrImntblaxgPdwy9RmWfZ6gpBUHJyfjJtS5ilpcWHL0EyO+GwRKizmkBlfMPOTMB8yZi5gzAfMGYuYC0B8wZiZkzAYmVPs+fONmB919R0gQNvHzmZw0sVoU5MBMGYCYAzyn0MhaAnziZIO/SA5MGYucmTMgOZCYhMhMKYmLmAmLmAxMmYhaDMgYtBmLmAtAY4PUCIQO20BaDmkUeXyMU83lCWi80AE+ckmd5JB/9k='),
('Accessories', 'Piano accessories: mechanical metronomes, leather benches, music stands.', NULL, '/9j/4AAQSkZJRgABAQAAAQABAAD/2wCEAAUFBQoHCgoKCg0WEBANEBAcFQ8VExoQExMaExoaExcaFxceGhYWGh4XGhsnGyAcIx4bJRsnGycmJigsLScaLDwBCgoFCgoKDQoKFiUaEB4mIA0bLiYtHiYoJiYcMiYtJSYXJyYeIyMeHiAbICYeKCgnEBwoJRo2HB4aJiUsIxooMP/CABEIA+gCsgMBIgACEQEDEQH/xAA0AAEAAgIDAQEAAAAAAAAAAAAAAgMBBAUGBwgJAQEBAQEBAQAAAAAAAAAAAAAAAQIDBAX/2gAMAwEAAhADEAAAAPssAAAAAAAAAAAAAAAAAA1zYed9Jmvcel+La81z3mPlvBt/bft/5dcox+mb4497uPTGM2AAAAAAAAAAAAAAAAAAAAAAAAAAAAAAAAAADXNh530Wa9z6P4tGb7h1OEM7niECflHcvn2zM67C2VEDYatid299+TVn6X9l/K31e5++3gnutxcAAAAAAAAAAAAAAAAAAAAAAAAAAAAAAADy/wAn57ivP7uObc5rSjvTricbsbjTr2/Mt48+6/zluuXCZ5myXgI9iLwGOc2Drce1YXrN/MWs8PyO5hfZPoz4L5S8/wBIRrAAAAAAAAAAAAAAAAAAAAAAAAAAAAADhuZ84mvL6tijy/TrlKFkIWZK42k1vJ/YfEd8urX42d8q8p56a093UWqOaWI235JwoVnF9rNGdees/cXqPyj9Xb4ggAAAAAAAAAAAAAAAAAAAAAAAAAAADwL3T5m598VTq5emcqo1dOF81VjPzHrn714Z0+PTy8/TwN9zz9HESrldLXyWIWJGF8zTltcOcpHZSvqz5d+7LO59vLAAAAAAAAAAAAAAAAAAAAAAAAAAAAAOkeH+ied8fXKGcZ6wlGSXX1XZ3T8q/TnzF04akNyHTza3Ja29rNc7JJRXsVkZYmZSwR612bijYv4vmc7o+mPnDuJ+iA1kAAAAAAAAAAAAAAAAAAAAAAAAAAAAcSeBcdOPn99MsZMVX4Nqym3O+q/Pnuvh3XzITxrjxUebbxwHCdv6cch3TpneU4zhO9dbXQb9ScHwfZeuLzfZOmd0zqc65H6S858+fQesgAAAAAAAAAAAAAAAAAAAAAAAAAAAY8z9N8Fz06vHDj7ITiS3Xv1k3bITm/N/HvVPKuvlrthO8+D+jPE/pzeOO8S+x/Fo8T+kvMve47l4p6/1XN+CM8hs9J1LT5TjDb7R1TnZeYvqtmvbftj8zf0vuZiwAAAAAAAAAAAAAAAAAAAAAAAAAADU+bvZvGeXp0rpUY7yCbGtsQstYzNeMdC7f1Pp5ak1xd7R4z6NvH0L5T7t47l419KeBfRBznX+88JL+f8AyfEc3vPWeD7Jwi6/JcVuHcLda7Orfv38/vqI+pxrIAAAAAAAAAAAAAAAAAAAAAAAAAAwePdD5HjeHuU3xmqJ4M31zgTziJ4B1nlOL6+Wc9baS7t/UOY3j7Y8z9Q6RHgXv3z/AOxR6tt8Tdm/n1u81w3TPF9a7h1Y4fZ17V7PucNzedW996Hk/UdwvNayAAAAAAAAAAAAAAAAAAAAAAAAAA4PnPNZrzHXs1+HunZRlK7a7EsqsqXN1cbn5i07K+nlhv6u5ZaZ1j9BvMOzcFL4r6b556zHcOS6t2LN+Lur966L0zR13s3CnWK9vRXf7X0/s0u6xOX7P96+KPtewLAAAAAAAAAAAAAAAAAAAAAAAAAHhPtnzjz7x47ep5+iFtewUyrsL9Xa1S3Q3+vaz87Ldbflvuqvubkcaz9tcpwlMvkvd+uclHofbOndxzflzxD6K+b9zc0eR1rOn8ZzvDLZzvX+Ql7NnGZeW/Tb8s/0Hs9FFgAAAAAAAAAAAAAAAAAAAAAAAAwdL8c7t0rh7K9e6udIX03lcrZLDR39Vm/pXcuiax4ljNe/Nds8fyFzPGJaz9Qep+O+1y+E8V27i49Z7X1Pssvk3xx9w/Dmpy+vsV2dd4bs/XV0NnT2jtdnG8lnUvqf5a7+foYNZAAAAAAAAAAAAAAAAAAAAAAAAYzwMeIas4cPo0rEU3V2rmWLSjW3NO4s809O8k1z8upu1unmlyfF8pZnGcXPsv038nfc8vzh0/1byKPdO09L7DFX52/o9+btc/jOdTj+tdr66vAXIHKdl6f2vNnjMV/TPm/C/dNZAAAAAAAAAAAAAAAAAAAAAAAAeZ+meFY69exOvj7cJCueJS52NfYK9Tb1tc5eJ+2+A659KjfX080eT0d+5xgs7f8AY3wx+hcvk3nHs3j0en9l4PsBzP5y/ox8GnB5y1KOD53jzq+hynFrtdk6xzmbyk8Zl91+1/zM/TLUyLAAAAAAAAAAAAAAAAAAAAAAANf549Y8j4+qdF9GPTCxkljEohbUsto2dVnPzr9GfMG+PHUWN+e7b1N3WY4Zsh+k35sfakvZfB+xdSj37j9DePRfh37O+Vo8YMblett6p1rhexcOuvv8ded4oosxrZ+/vgP6is+ohqAAAAAAAAAAAAAAAAAAAAAADB490+VXD3YhLGdspNJ1WxTJO5nrX6qX/Kv0/wDLXThGE474bGzRs3OMZxZD7r+E/tCPS/n303zSXunPdZ7Sdk8B9x86PjjY0OR1IVW1HEcB2vrK8Rta2wc9yvXew5ufRfPZr+ori+U1kAAAAAAAAAAAAAAAAAAAAAB17sPmc15jOq3h7lVkJZWU7M1VPOSi/ErlrbesnD/Nfv3gfTzVZnnXK2+m7ec4ySH018y/RJ3bp/0x4Tm63rHinpx2PTo7EfmjzfDcxqYpvrNXrvZeEOuY2NNd7uPSu0y7UcTl+1vcvin7WsCwAAAAAAAAAAAAAAAAAAAAB4D7n84Y7QRjy9OxDEZq2yM5ZzrkuYyzcz1Nmg6L4d7J4108kIyjrnuzxPeMYlEx7Z4n38+q/OfV+hZvXfReg+nHP7nA9ul/N7U7x0jecV24Nfj+T0jqfHc1xK2dg69vy9jvxZLyX6Yflz+hCd/GoAAAAAAAAAAAAAAAAAAAAB0Xx3uvSePqxXLGemLK5TV7CausrvWidc7nNc6zyzyn0jzfr5Ne2rF58njE94RDHaOsbR+lHmvafJs3pnrPl/r1cV6XwPMZfHnk30D8/wCzDCVa23Sdc4fsnAGnfq7K9ws0d/OofVvyp6QfoANZAAAAAAAAAAAAAAAAAAAAYz1+PDdSceHvqjThLZwvaxOOJdq7W2JqtnNzXiVSeIdK7T1br5NbKy43o5bwjkYqtrP0F4HlqJfHfV/MfXI4TvPU+3x4X8w/Z3xZpZjMbK67qzR6x2rr5wlscLzfYOndvzU8F/TTkfEfbtZAAAAAAAAAAAAAAAAAAAAeXeo+BZ6cFHNXH2a5G4nfrXZ3biFi33QlLiyEiOvsa9nzxwXJaPbxa9sLbL0c655hPBGqys+tY856jm+Edl67zh6Bdpbpx3wB+lX5om9nGNSEbaTW4bm9I6tp8jxi7fauqc3HYK8Zzr3v7K/Nr9JNTIsAAAAAAAAAAAAAAAAAAA0fnb1zx7l6MU2UY7xnG9IXZjNYSyuxLE5qF1dhjT3+NufmKMY9vDdVYS3KW8IslcZxPqf3r5h+jM3xbfpuPRYz7GX/AJ4foz8EnTMGohKBTqbtB1bh+zcCR3eN2Je67GtdNR/Qj8+PqpPpgagAAAAAAAAAAAAAAAAAAweMdM2aeHspp2aZuFutuJiUozWLIXrbGUZcTpuq7r/YOnp89Rzjt4I3wsq2RrBiJmEoHq3uHz/91y/OHP8AI9Oj0ztXRuxnZvi/7V+STw7LGoxnBVr7VNcP17tnWY4vZ1dhezcr1rsudXei+bZP1Aae5rIAAAAAAAAAAAAAAAAADrHZ/MJrzSyOx5/c0t+g0b6p3NyFs1VfTYtsZYlhs6+zVnQe8+dM+IMV9vDs5q2LLCWs4YGMMHYv0N/ND9JI8/6T2rzqX2TjuN7ycp8+e8+Nx8nzxnchjIqhbCtPrvZeGjreNjTXc7h0ztUu3KWZfuH2H49+wrkKAAAAAAAAAAAAAAAAAx4F7l89c+8Zws5euEc12UwnFmdlVkYtrNWyxgbWtfNY8q9R8g1y8vovh18dl1exqTwXOMoGYolH3V8J/oBL5A9Y8oj1rk+j9yOV6F37io+Bo07G5HE8VVG2qKNDkdY6lxnM8UtnY+tcjHaZyxnXZP0f/Lz9ELO5jUAAAAAAAAAAAAAAAAA6R5N27qHD2ylmGO1MZ0XETFzPEcLZNiatYvaxLFUZ8V9o8F3w6hCTp5o7mrsazZDK5wRI0y0CX258H/Tkeq8H4F9SS7PM96zm+W48y7ceX9/7X6weD+SfanynZ8+VWw3KqNmg67wvZuumjs6uwvdbOM5LOn1r8l+qJ95DUAAAAAAAAAAAAAAAAYz1aXyXS29Tz/Rtov1lrpkvOuMq2bcWFtjmM3LYjKanROizPz59AfOeuHDZrx08+xdVbrGRZimyoo4jmeJOA9I8z7QvePXfCezx98cf0vyzF2Pp/wCavpKPK+X4aFdw+XPevmXU8/hLGpXXbE0Ords64cHOVa812Ppnec1ZRev6eZ8f9g1kAAAAAAAAAAAAAAAB5l6b4TjrxdWxqef3behtaNlNsI6xZHM7MYvhKjZmW3FtM3imeLM/Mn098r74aubG/Pnb09/WI4ysjVbA1+O5PVOqcnqj1/zj0bo0v6Vcj5T61zvz79BeIe2R5B7B5F62S/P79Afzp1ONrsj0lULazX4TnuPOqaPJ8Yu12vqXPy85bVszX0F9c/nP+i9zkWAAAAAAAAAAAAAAAcV4d6Z5lw9kaL6Md86e7p2VQuouL7KNpJo5msIYN3W29GbhdobSUfMP0Z859PNVLMN8btvW2dYxkshGeDXp2tY4Tiuf6+ew8X26Md1+wPzp/RTGpQzXizYyaX5yfeXwX0zmMo7kI2QqrU3NaOrcT2Dh1r3+M2Y7ls685qP6PfnJ9fJ9CjUAAAAAAAAAAAAAAETyPql2v5fo5179dZa27oWS17IXEtjXvq7MLM6plTs1saO5qY3pblWxrPWPn33Hw7p5kZQ1yvvpv1iKcbMJxKqtio0uB7Nx59GdN9wql8m9j6F3aO5dn4bsseUfOn0z8ZVy+hhqYxkYhPBTTsQOG6127q68Xt6uwdp3+u9hzq31/wAc2U/TxjOoAAAAAAAAAAAAAA6r2rzCb6RTOry/RzqbFVzKi2m5hXZTcTnTPWd2VN+Omvdr7FX6+zr53TdXOzznxn1nyrr5IQvovPctrs3hGeBXMRSFertQPtLsnRPV83wfuvUOZPRuQ4/WNT4M/QP89Dl5wzuYZwRxKMYqtgaXXezcKdbxfqru9v6b2jN5DES/fHpvyp9V6yAAAAAAAAAAAAAA8F9p8G5eiOvfXy9kqbarmNM8MRov0tZus1rrjY2tXZz1plG02dTZ1JuUsSPIPMu+9E6+OMIQvPlUm8IZGUZmMSiRhIfSX0P8q++ZvlfoXRaD2Dl+udhOQ/Mv9N/zLOXlHOowwZjIQhZg1eO5TTOo8fzXEF/M8Ly8vPZ2IZ33n9CPy9/TDWeTFgAAAAAAAAAAAAHQ/Muxda8/uxVjOeuKlVxZbC419LktLWNW7Xt1jev1tnHWmVeDdhOE3HMLpfAOpdl6x28GacW3O8y3iOcxM5xkjicSMZxPR/pj5V++pfnDf7H55HrPYOrdhO1fmZ+nn5t1p5hOwDDAxGeCrV29c67wvZuumpsam3L6Np8ZyOdR+0viv3uvswayAAAAAAAAAAAAxnqEvktV2v5vpVWVrK65RuL9jV5DO9fj9rX1z1bKLtc9ra1NjHWirErN+ucM9M2VTPm3ir9Tt4ITrss2bcN4izIjGcTNcxHEom9+kf5j/pfHSPJfY/GY9l1eA5Ve5/C/3/8AC55zPGdTMMhHIRzExTZA0uq9r66cFsRwvMdl6V3DNzznAWH6jZ6P3jUAAAAAAAAAAAAeT+sfP+OulXdVw91U5VXNdVmLm/bovz00IThrlr17NVztyQm9dlZvwjnO81OPPmvOY9vClXbZspw1iTOAjMrykRhIan6K/nf9sx2/xvtnRJe+8lwfMnqnx79bfNUfN1ulu7mYSyQxOJiMsEIyia3Cc7oHVNTe49drtHVeWl522icv1f8ATnwT97XIUAAAAAAAAAABw3hXpfmnH1YjZHn6UNmtNXGVzbsxpm9WnMd8drX3dQlbjM1rwrss2s5xndPA9i6pceEwm6+PX2arbNmTGsssGAZwwYzmBX9N/M31Kdm84+nfC830Kryn1o7Z4j9C+Sx8LcxwfNbmcMAiZjkYhOJr623rnV+H7DwpXucffL3OcWd7P6cfmB92XPro1AAAAAAAAAABQeN9bth5voRsjZOiuUmdWOzq2bmru8Ua9uvsb47ent0Tc54smuNvpncbFlGzndHS+6ed3HkUZuvljfrbNzay1nEoDIMYlgxHIx9B/PnsB9j/ACn9Y/Kmb0HufS/Ra+q+l9z4/D8wOwdf5/pMsDDODGcYGMwMa2zScP13tnWjirqpr2nc692TNu+jPm/uZ+i41AAAAAAAAAAHUe3eS5307CPm+hZXfrW43uP5JKtXYjZnieT4m86La7dY28JTUbqb5rjJ5XMtvVtm6/MPUPIrz89ix082NzT27m+N1esxYwSRyMSgRxkR9F867Ifob4v6t4lm+Te6+I+wnuOrs+VR8O3aG7uSzAZzEThgTgEarIGn17s3CHXqdnTXa7r0Xt+buWU0r+mfYPn76BuQoAAAAAAAAB8/e0+H8/RCyOOPsV2xNfc1bLnE6c3MOI3tDXO6yUEttp2pqu6i2a1ZV7FzXKUZuHi3s3h2uPVKJw3wlvaO/rMs1Tuc4zgzHGCUcYMxYFUqj1Tt8oS+a+3eC+oR9e+UeleZR+fnae9eXbnLtPBvNCk5VxQ5SPGVnL18Pg5Dila8No8vxBZ2DrvJy9hrzfnXtP3P+ZP3HXqbzb0m5CwAAAAAAADzjz7m+E8/tjOq3PfCVZXC2FxGpVcVRxbrF+tOyWF1d6611Gwa04WGY5lN6ngf0B87b4cHHOdcZ38fRrHOY4ONnM06Vhsteo3K9Muwnsy6EebnNfZfS/mzOd8hyfVbF2uz8BtZ3yHmHoReh1+j1zfQr+7o6fPtEJvrdvYa14S3mZZ1w1u+XQ2rp561SnVcYuqtmozryW/od+cf2x38Poo7eQAAAAAABq7XS5fKZa8/P9CyzDO43U7Jp6+xq65tayrWKrZLmNtNyx2dfal0rqtg1solk42TWr8wfUPx3vh3B9CeX479Pt7jHPTqux2NNcNPmE3xWztVRi3GTFtNS7NdWDZwrzuEJws2dedcqm2qy6idawzLFzRLEZYJV3OzimQxKsttoum6Y5r1zlfr2y4spylP0b859z6+f7pYz6PngAAAAAAPJfWfn3HXSlC/h7bcxzNQ29TbOPo2NPXLNV9WsyquouY7NNhTvamxNVW03rRRfWl6uyXXjt7q9G6Z2frnL1a02JvOYSiNkJLFGFzOdM0xiUSjE83OYZzN14u10sjiIothZsU5qmoTjmyuueTFN1KTjITjmBmdNk1imdGuduxpba1ILm2i7Us/R3Z8g9f9PywsAAAAAA4LxP0bzXj6431W8/RPMJzVW/p7iaGpta+udcp7Fzosx1mNtNiV36+3Na99FstELtWzZsjCW/d093O/Net83w3P1a2Y5JMYFtM1zTbUkpRJjCpJwsiZzE1LUtruc0zpuc4lXZYxjOlecLHFmuTrnCyc4pbJVDEo5ahUzrnXs0XFVlOWbtHd07Pd/rD89v0I7+HI3xAAAAAGoeO8BbR5voWWRnNyzKMuLa5FGtsV65wunQmtCdG8SMoshYutt0XzVGvfQlyFi7HJcXyGOnkXGXa3P0xwxZKVdssEsLKqesm3CyBUZuVc4JXbDK5qs1jNd+vcQhOGs2ZqszuKBcQnr2bELKJWcCecxWc6oS1xzLfKFscTUMYXFmrcqj9BPgD6l6eb6CHXyAAAAAOn9w8nzvqetsU+f6E5xLcQi2u/WIQnVrndrz1LGtZRrGzOq419iqwqup2JrTrnVc2W0Zmt7c1rcdPHNaqePUrtrZlJKWEswJ6uxr2bVOxrmMTwmYSxLiMo2VRjalMLlmvXKWs4ziM1FiJCF1KXRnTKlGZLFc5ZQZXWSzvlmMk1SxZrKOSQ9P8ANLbj9HkJ+j54AAAAGPA/X/FuXolVPPH2YZgbCI2NbZ1ymEmsR19jTuaYXQ1iWzrbBr2qpbJwS6ld2trE9rXnNbuLNDHbxjc1b89pxWy5zlNZ176kzRZG52KrK5c03UWWZJqum2GsVyziJQnBdeOZ6xXCcZcGwuprbVFzOq2BnOEuUb2qswnFUJ43yzCyM3CUMXM6rc2KbaD7e9M+ZPpvv84NYAAAA838+53gPP7o3621jtXON0sZ4imzq7GrULJU6zVrbFVxCG1Ozjt3V2kU7etNRhEldN9Os17Orty7/B831Ln3852aJ56R29bYazKUM7jGN1zr4xZc30WVSyrlixGUZa42U6zPKMV2wkundCzWVF9M1iyuMV0XNYjHEbJyrvmq7abZaZsS1oZ3zlGWZqqUZWQurzcqboR3P7y/NL9Fe3i5gdOAAACuzpsvlMcvP9DF9OzndcxYxnUl2MjOps61lVV+vrntVbNMunsV2XNunt660xnUmcTprE8xjkvPfQ/Kufo4Wrb01ttqumtimUc9KZwawzOk2aJwJRZK7KbiGts1IhfppZHOCqWZWVwzBZRtoiOIS1KJQsuYXVZms203zSmyEuvOWN8sTSzuuFkUjGcdYMTWj7D+PvcN+f63HfxAAAPKfVfAMdtCyu3j7JbEJ51iE0uIW1WSnGJPT2dS5xTOnfPlq9mrHXjbYz1iNM6UnDIjRsa9zOuvWl5vyT0nzHn6Iatlatqi1q6qWc7pZrScL6rJRxMiWlNlVkuKNjXM0XVWWV20EEc3MUJmAusxK5oshi4mnVNy2Kb87ozmoZrzvlLNV2d15gswzXc21zwuOc4Wq8/0ndL7p6fmgAAcJ4l6L5px9cLqLcd9tVbnTOMS5jiZCOY2Y1La9c6tjS5DWd2FmrjpqW15uMa2xqVbiWvZdq3aVmNWVGN8p5Z6v5LjtiDFWTJu0Z3GMsJBJcwsrsXFlVktNkRLU2tMzPGbFN1BVKK5jCVRdXOhUc41imyM0sqlVNZuhOazTfUVXQjrnJOvO68wlrBKtMzhNrNdkE+ofoL4n+2PR84NcwBrHjfW5x8/0JZxiW/Z1trOq8Yk1XZWiNV+pcxpsp6csclxPMFteM56akcxuc62zqpPWv1bm/W2dezUxffjpnyb2HxrHfKcKzbXLOrkYtWau1rM3wzla5RsMIljZXdFNdtZFnBLV2aLI4hK5jVsapdRta6whLGsYnVMnRbTLsFmdVQnVYZjrEoW0Z3XbXHfOWU5TOFxieEs/Rz83vtjr5PSh18oDqXbfLc76FOmXD3ypnWzs7mhvTdU4zmsYxmGlvaGs68Z0b438jobCznrTzuvXu1bje1NnVajr7NDF2lt6upna0+QzvPjPr/knP0Ek1BOsswitlF0bMW02S4nXZFWcwXFmaxXbVUYW0pdr21pjMq1auzrXN1NpdfDFxC2qdmEoTWbWJvFF2GYxt1tY2de+jO4yhZvmxKEssoSzhLNVfRXzz3jXL7pHo+cA8G9q8G5+jXlKvj680z1rjc2dTam85JcWV3K43kOPudbV2tHpw5G6NMtt2vbN1at+qnI6W3qrZq7XH3O1iObnT5biuXx04ry30fzrPfIzuELYpKuQsosoq+ym7NxZTlZRxEjKM0jBmlOYJZVZBZYnia1jFwo29KsMNYr2KppKOcTWcW1Z3KnZ1rCdWudursVZ3VdHG8ZMyxYwXYWGK7oR+hXKeM+zer5QWdL8r750bz+6mjY189JamxVZt7GttzUITgudjW2Ixo7ehZRrWz6cNiiSVZRsLDW3NWXb1rqVaG9oXE7tbYsq5Ti+U59endU5ri89tFJnpCu+FlE65WTplFLrarJqNd1Es0iUWtassyTWnGVma7Yy2V21zdMMzuKKrGpVlXc4sTSELMS21W056bGrfq2bGrdXcW6e5rtYTXGI2Ja2RsMLcks32f6x+Cfvb0fPMOnn650f1xnfgFX0B1THbyOrvfW89uPtvxjpqSYMX62xLHj9zjbNfb1djfKCq5F2vYX684S3Uzraq1NjXvOWxr7TWtyPHcljr5nVKOO2lmFk3VHOLmuNmEqkylk4SbUW4i2OMLmi/XTMbYleI31COBdXOrOqJo6xq4nO5phZVZC6u25jLEppVdVN3as8MxxZi4UX0NSyzZmM8y02SkVrMGZzhLL7u+FPqXp5vbR6PAAAxkcF1P0lNeGaP0Dx+OvhcvRuoY79c4/dszvTlua5oSjDXOSKtpCyM4lTN0a883nDc0tqap3te/HbzanGM9dWUZTUM5wYqvgVwtruZWIy5jmaq50rbC+uXEMzs1J4mkYXVLKFta6+a53nTi2qsYxJKLsZsVyyYZrzrCyOswQjc3UyqlvjCdWRxiJTrwXwxFNpCc3P17x3nmfvdh7Pk5AAAAAxka3WO4JfIOo/RuM9PmaHvPUc78uz2rr83q7Vss706NmBpWa+dZhu6W1jpK+GMdvLL+P5OdNSZNV5zlK42VpnEpBk1HOZy65MnnKajVdTZVTsa1xdCcVU7OsUWxxc419rWSUZTsqzmqyyqq5mNe9ztz1bHo3Lax5DH3bndY+aYepdJThXMdZuNyvSWb2dPKdi9i2Pqe5+a+xe5LnzjsPZlyYWZAAAAAAAAApuHReq+yM7+bpfR/Vs9PBaPVunTfWpXSx1T3OPx28c5fheXz2qzNm4SiQzmNmJzmVU7Ool99PLnCw7lyWufRqvUOTs8ao+heT1j5fz9Xcjrl8eY+3ewWfAXNfdmbj4p5v67ax8rcv9JE8H5r15c+b8x3Bc8Py+VgAAHkvzH9w/ECUdM7r080ZZkDnz7T9AFAAAAAAAAAAAAAAAA1ejehpfGfNPrHzfPT405Xt+Jvo0ON4g7NRwGWeco4nntT6s7x3NccHyG4sxkRjIAAAAAAAAAAAAAfF32j86HinT+69PTjsZyPe/CftI9aCgAAAAAAAAAAAAAAAANHeHxfLs3Vk886/2jq4wD37wL7TX2EAAAAAAAAAAAAAAAADGR5P0j6PHybvfUg8Q9tkAAAAAAAAAAAAAAAAAAAPEPGfqn5aTpvTe+9DMJi39Jfib7hUAAAAAAAAAAAAAAAAAAAAAAAAAAAAAAAAAAAAAAAB0UPP+jhX3IPYOyAAAAAAAAAAAAAAAAAAAAAAAAAB/8QAMxAAAQMDAwIFBAICAgMBAQAAAQACAwQQEQUSIBMwBiExMlAiM0BBFCNCURVgFiRDUlP/2gAIAQEAAQgC+IfI1vufqLR7azVnsb5Q65PH602vxO98czZBlv8A050jWe6TUWj2yV0j1lF2FPN1HZWbRyuj8203iCVnk+m1mCZA/wDSXStZ7n6m0e2WtkeieFfP/gOGbQVssHsp/En/APWnr4px9H/Q3yNZ6v1No9sldI7nUz9NqJzwzbNsrKpdZnhVP4hjf745WyDLfn66dwO1pGV53ys3KqZ+q7PdZI6M5bTeIZWe+i1aGp+kfOyv3OJWeGUVtC2hV2ctatgWwLaFsWAsLCA4AL0WbQymN7XhrtwB+cqpNjHHjhY4Vp+u2OAFs2AysYWb4totT1IB85qL/a3tVn3HWzYBFEo224RNsIBG/h6XbI9nzlY/dI7hlZ4OrYmes1Tuc5y666y/kI1JRqSV1iusV1yuuV1iushIStzlkoEqi0De1r3wafFB7PmpH7QSs8Repmc9xzi2P0ukukukumF0wumumFsWxbUPJyAWE0LQJ98GPnNQdhmOQ4YWFj6lhYWFi2OM49CmlYt4dnw90fzmoPy/HEoWldtY82xYevbl8woT5WCoJulNG75yV+9xPIWrDiJ/HJWSuoUSnhYT/ULatqe20RweFFN1Yo3fNVcmyN3NttQdiPhhYWE5vmiMoNMnt/iyKWIjBW8LeE54sETYLw7NmN7PmtSf7W8xbUj9I4HK0zTf5MW5O0ctVZRbFDp4eVptKKZz2A+gWo0ELYpJixuUWo3ByELaFP059vzVY/dI7s6mfZcLC8OO+6FU1B6joxWjfG1ypXgbcu+mWErc9ajl1LNmH0KcOERvDL03Ncmu3AH5h7toJ7AtqR+ptsLFtC+9hVW1rwx0zN0LXKM42pv26Ura1VWejM1sX+VneqKCbcLRZ+rTt+Yr34Zjtah9zjpBInZiqaQWZlG+IkNdjyRk3whycUX+TsxeTjaUJ985v4bm85GfMV78vx2qw5lfxoHbZo8VjC/G4sIa8NjbuUEeKfamZw3DXbSC6UbZnCzwjYKM+V9Nm6U8R+YkfvcXdqc5kfxp37HtKrCJMYe8gvLmDycDSTfTI1N27V9OQtTZtqn3x63jPCjn60Ub/lqt21jke04+ZuL1P1w5TXEuOcf2PWlybw5ipiS0qVrsFa2zZUXf6pwsDw8OTZicz5bUHe1ts9hx4C9O1n8Vki+h/kpW7ZPLTt3UaVS4887WrxAHdRpNpAnXYfK+gT7J9vy1W/c93anOGO4Nvpgc+nan0ezBE7cSLTqglzQo3bZijIvEbciJyb6CzuEV4JOm9rk05APykrtrS5HibG9YcRP4C+hOzAv5xcGquG2RqoYNr2J/lOHIleIIvoa9R+0WKPqjZhweGiz9WnZn5PUH4aAjyCKNtRP9RvnhoG4tkAfQhV7CCCWFrHqr94K6i1sboCofS8gT7g38NT+ckfylc/LscjY31L2DgL+HHecoU8rwXgagMsGWyhm1yqfrITZs4K1Ub4HqH93eEbxm+lzdKeN3yj3biTyKHDU/RnPQi7rENkpXOzmrhLWqFxHTKf6QFQ+0KvbmGUKL1dc8GXz+1Sz9aJj/AJKqdtjdyHLUz9TBz0V22pZbUB9DlloZtJGYG4haHgl0sDdrsR+48Hp1hw8OTZhLPktQd7Wo9oLUj/ZccNPdtniWoFzdm1rSYyo3fQ4qBn0EqDd6Nw9Ss2TObweE5CzD5X0CfZPt+SqX7nuPbCrj/a644QnD2r+KxT0kapQcECEOjZM0scGFq67VqgxUu4OHCK9PL0nsegc/ISP2NJ7tX916NhxEg2B5mkaTgMaDJI0wQtDZNkGfocv9rxC3bUA8Cj6o2YfNG+jT9WnZn4+vfhoCHaKCmOXONxxiqWPpmBMc1jgU8hz3labGGuBMXsK6IK8TQ7ek7jInoWac38N1H3I/kK9+Xodw/u446Mf/AFmKdS/dVDWBz8If/YLLv14jYTA0lvoODwjeO+lT9KeM/HlPO4k9oWefpK/Vxx0F2YMKSvYcKq+mVipad+4ORiD5XB0Mv0tzrO2SmkUXtHA8I/WwWVSTdaNj/jqt22M9sIqc4jfwHHQJnBkgElEXbiq4uy1xf7kfvAqL0KrmboZgoPbxenIIXK8OzZhLfjtRf7W92tOIn8Bx8OO+qUKT0Ve3LVNgiMkYYYyoBnftMOQQohjeOMgTkLNOQL+H59k+346qk3vce7qH2uA4+H3YnIU9U9uQpZRN1MRj+tjk4/RA4v8ApkKDyqlmyonHFw4Qn1F6eXpPa9A58/jJXbGk8ModnUva3s6SSJ2bZKZzs7qxjtr1T07JgM1MWImhdbMrQtwWrDFXJxKPqjZhwbC2jzdSBnxmoOw0DvamfZYo8qB22aJFVDc5UeSzyp/tFpZl3Rc7ptWvx7alh4lSJyFs5v4bn+5H8ZXvy/He1M/UzsxHD2lTB3VYmZzDmnadr2hse2GTB841hy8SR46D+T0bxeYvpEvTqIz8WU47iT3tRP8AZ2oqdrmNJmpo1F/W6UNpOo8P3bz0fISrxF9UIPI29LQnzu3yVNN1Y2P+KrJNsZ7A5133XdqglHQgzLOw4wY90rmml6LXfTBETvYoD9DVrg3UsvN/qnIIcNAn3wlvxWou82tue5Vfdf2tPkYYIckZ8zvDpsqlB63nTeT3hRxNOVW07TBKAw/S3lIE5CzDkX8Pz7JtnxVS/e9x78xy91sdjQH/ANGFMqjylYVgiUED6ZnKnkDskP8AMEJgwOTuEX7vSzdJ7HoHPxErtjXH8AnJNxz8OO+mUKVV/ltcpomb1Kdku5QtG4hwhaFO3ZJK3kUUbMPnw0mXqU8fxGoOw0Dvu/aCzYc/Djv7JApJ2eSqXNkZkOEkgbiT3RFSfcaVlamMVM3OQeichYeYv4bn+5H8RXSbn4ubi45VHsegighz0WYRz5dNK07wx8nuzDU9JrAppdzIpVUN82LptWttxVHm8I3h9LFaRN054/hz5eaecnPZFjYWrPKN6FgEOejuxURpyrPNj00tIjLvdBlSTZ2hbgvEA/ticOR4RHzu048xTy9VjH/DVr9rDwPYPDUD/WbZWUOdE7bNEnKcZVDK1rPqjn6sYyNxY1BgXiJn0wnmU9OQQNwtAm3w7fhq9/1AWHAocBYX1P7fAc2nBBTnjIanzNdtxCCWvaIYi2KYIecTlHK3Az4gcDCMc5EULR+Yv4em2ylvw0ztznHtjjqntb2yv5LZGRFdENwoMPc9ppRD9TI6E7oyqcDYFrjM0snYdwgPqEbUk3RkY/4Wd2xjij2xx1M+ztlaY/NNEpkw4mVFIOrg0XkXtVP6Fai3fBME0+Q7DkbRnBRvpk/VgjPwle7ya38HUj9TULHsFaM//wBZqqqhkfubSyPc14hpXB+4/wAd/wDZj+UWl4TqovDmqi0dsq/8eYv/AB+JarQNpdm3hIE64dkX8Nz5EkXwlW/c88j29Q+5YdglErR6nEOFrRy9hWhzdSnZec4rHBdKRURxK9pt4hP1xji8cITfRZunUM+Dc7Ayic8R3Kw/2Pv++bkStPkwHhVztzF4Ym+4xPdj0il3etZ9NfFaN3/tvCrKpsTSTSVAlaCNbdmc8TY2iPmjYHaciGTqNa4fA1jsM7osb1HvfYdhyKoj9RUjPJaHLsqGrUYXytkazQ6eVm7dqoxVUxsD/wC2VX0PXa5q0ujNOwA6oc1EvJ6dYLNsrQpt8AHwVc76gO6LG8nm5yxYc3Iql9/ntC+3ImESta5ALW/J1M60xxWRXrDmaU8pEbx+Yv4dmxI5nwUztznG57Q4Ff7u3mU5QHDwgVWN8wVok3Up2W11v9bDasid14HC0xy555O4Qn1sFQVHRmY/4Gd+xjjxPZCKNpThjiv1cdhyb5EIKpbli8MTeckfJ5wCVnkU71Rsw4IWb0E/Whjd8BXO9rfwCUFVeUb7CzOw4Jy2J0eQQtIl6FQzPHUZ+lC89iQJyFgci/hufLHx/AVT90hseQ4i5tXfbPBvYKeE2Lc2JydCRtIhZ9bmqhrJH/QoJ5JIy5M6hAK1mWWCHe3/AJCcqSV0nm7m8L9XhPli+hS7KgD89xx5rNjwKPYcsW1A/QjcenYwiFp8G+niKlplDHtlwoJzE/CpGfdaqb2NWvjNM9N9B2TwiPndkmwhwY/cAfzq52GYRseJ7BvqXtbcodkrQzmnCmaiMStUBf1shh2yPKo3bo2kauM00yj9o7T/AFTkEFm+iT9SBv51e/LgO4bDjqf+CFj2/Drv6nhTBT+T4ytpEjSt2yYqki+jCrIB0ZVD6dqQIoWYfK/hubDpGfnSv3OJR4GxuOA46l7mWyj2/Db/ALzVKtQ9Mr+c2LKcf7mERe6RTDLHqH99p3CL930yo6U8Z/NqX7GE88dgWKAtqP3O94ed/c4Keta31qTvBB9/TT35ELk04e9dRqb7ndop3qjaJ208KSXqxMd+ZqDva3mOeUDxrfuuse5o8mycFTMEm5VGWBxUexjPOXZ0mbAA6VyDAnjEru0VInIWcQ7zCBXh6fdCW/mVTt0juwUeJQQ4VR/sfcdvS3baiJFVjctcmnMQKjaegAYfcDasbtqH9t/CE+RFsrw9NtmLfy3u2gleqPYNhYcRaf3vsUO3A/ZIw2mCoI97dq+jpO6cLgxzV/IYtY+mpJ7ZHCI+d6aboyMegc/lVzsMx2DY8BYXFnHJNx2ymHLWlTqD1mCph9Mqh9zLeImYmB7ZT05CxNitLn6sEZ/Kr3Zdix4jiOA4O/aFim9tyonboYiqgKDymK03AeWqm/wt4mZ9s9sp4RQszzFsrw1N9xn5Uj9ziebbGxuEbm0xwxyFx2ytOn20jHKorxglZxPlaZUMc5M8n4RkaF4hG6IER+g7ZHCM30afpVDPyah21jj2G3HMXq/tSIXZ3NLk3U/TUkWclPa8PaRTmTHlJCdzS/oMWuRf0kqH29so+qNmnBWLB20giGTqNa78jUHe1vAcAjxFwgjau+07g3ueHD9MoUnoqjyUdQSXPBnErWG2sNzTzKH0PckCKFv0hbQJ+pAB+RVP3PdwbwCdbCHA2CdbUPZcIdzw4765Qn+i1ao2eSg8v5LW0btroGhVjN8U4UP+Xcfwjd5Yv4blxI9n48j9oJ4FC2Lm4Rs6wsUFqXo3gO5oLsTorVqQP81SyCNrnubDsnY0LGd4TRh7h3CijaM+d9Pm6M0bvx65+GY4FDiULNTkEUblBaj/APPgO5o5xUx2rFJAXNcGxQ4ja4oe4qcbZ3juvTrA8KGfqwxv/GrnZfiwQsOBsLBFBFY4Bakfqbx/326F+yeIp07B61lXCoa6JpX/ACcMu1jVX6m2jcM1MvUmL+68I3YcgX8OT5Y+P8Z7txJsEEeJRuE5DgEbaj9wWHfjo2Gk3KpET2zMd5N62cNdKSgtTeyMbnv7hKc5G8P7sFoFR05wPxat22M8BxyjbCKCchzrvumze9nzVF12wbFXMqHsKeJHOkX92HyLqBVtIK0hq1jSf4u0tD1uW4rcVuK3LPMo2ZkFbShE5RBzHNcjrUCp9XileGD8Kvd7W8ByNgnJqdzCq/uvRvlZWVvC3hdQLcty3Fbitxs0DI3f8xTAYFTrMB9JK9uU7Vg6N0Y/mvVLqz4C7bW6rNVN2OFtq6a6ZXScuiV0SuiuiuiF0Quk1dNqDBzjk2Oa5A5/CqHbnu7RsLuuLC9QcyPKNnLy4ZWTfC2FdNy6Ll0HL+OUaVGiCFG0IU7V0WrY1BoWLHtG2eRWkzdWBn4MjtjSeQ4+qKCKanIcTaR2S5Gmk9UIXEL+KV/FQpl/GC6DV0GoRNW0LFijwNwjYds3HMrw9L9yP8GudhmLBCxQR4DgOyDucq7yYUPa1DkeBHAIo8D2hxFxY30yXpzsP4Nc7L7jgUeY7BCiia301H2L/wDNjzPIWPcFhwKCPA3zjzUD+oxrvwHO3Em4QRsbhFY7gWpH6UbHuj87QZt0OO/Vu2xlFCwQubhHsngFX/pGx5nvnl/uwRuOwVoE+2RzO/Xv82tRQsEEOIHAWHDNs2CrPNzUeZ/FFv8AfeKpJelLG/v1D9z3FHiOA5g3Nwggqg/2N7BueY7A4/77Z46fP1YY3d2V21pNxwHAcxcrNwv0pfu9wcs9gfi+Hpfoezu17sNA4lFBGwseARTUUEeAX6TvuO4hZsbCwse2eYQRuef6vo03Tnb3a12X903CKCdY8Gp/ogcuebi+ELjieR7oue1G/YQ5NduAI7ZduJPYPLFgnII2NhYKf0UX+dxdyHEd0ochxPb0abfA3t1TtrDxHM2xcJ1jY8Aqn2lRehuLlDgeQ7Bse0eZRsV4el85Gduvd5tb2jwHApqdY8Aqv2lRezkeJ4HtGx7Bs7mblaZL054z26h+57jyCHMBPubPseAVYfpUftHA2PfP7Q4ntHmeA8lTy9WNj+zK7a0nmEObU/gEUE62bBVx+koeg4FBHuH8/Qpd0W3s1zvpAR4GwTbDiE6wsEUOIVd6I8z2TZ3YPYFz2DcrQZtkxb2a12X4uBxHZHA2Nxat/SdzPL9cTYI8T2B36aXpyMd2CnO3ElHmOQ5mxsbZVR7mo8zwFwhc2CNz+ThabL1YIzzqnbWHgEOyU3mbGxKBtL9xqPII8xY9so9sdvw/P5Pj56g72t5lHm3iLGxs5BBSfdR5BHiEbnkbhFG5/E0ebZO3nUv3Pd2DzCKHF3BybY/ccjxNj+GeB/CFmv2EOEbtwBHB7toJ/CFxY8Cm2afrfcXPM8z3z+Do0u6BvGtdhmEeA4G5uOBsEU7i1OUX+fI90fj/AO+A5aBN9T4+Ne/LgOI7TeDrCxQRuPRS+0qL0PI8v9Xx2Mcx+KVp83SnjPGV25zjxahY8DYocHXPA2CqPaVF7RyNgjzPeHZNz2cIqmm6sbH3ndtaSjxHM8DYJ3M2Cqz9Kj9jeAseybC2bHge6UbnkOOhy7odt60+QCJ4jkUbY4BHmbBVzvpKb6DiUe2OB4H8E8zw0KXEpberdl+FjiOAsUUUOJQsUbDhqHt4FD8LCCcijY2P4xVLL0pY3XmpA85T6V7U5YWOQubDuYsFqHo0J9z2jyPI8TzJ/AKopupEw8HNDvV1Ez9Pont9HN2+tsWCCNschcoIoWCCrPcxOu78QI2Nx+ToM2Y3N7D6ONyfRO/xcx7PcCCsIXwjxFygnWCHqgqn3tRueB7JubDsnsDmewFosm2bHbkpmSe51B/+X08jPXcPRYWEeB4OQTuM/wB0cDxHYPEfgFDmUTxCwgqWTZLG7vOY1/k52nM/xfRSN9JAW+719FhYsbHgLv8AumxsbGx7JR4DvZuLEXyiVuWVuWVDGZnBjRoEyZoB/wAm6DH+xpNOFHRQx+bfwZaKJyfprh7H08jPXIK2pwWEbC4t/wDR/A8D2Aj6oevEcjx3W6Tj6MoZ3IaTUIaHOhoEiHh3/ddpop3ALpBdIJ3rx8PwfU+T8qSFr/cdNb/i+ilCd9PuRFiFi8fufcI2Kajc3Ngv3xyt4WU2lld6N0ycoaLOhoUxQ8Pu/Y0Bn7/4OFDRoAhp0AQpox6Ac9aiyxrrv9Tx0iDpQM/NKfRRuUmmn/F8D2euQfRBPPkVD/nccsWLgvX0EMh9P4Ex9BpU5Q0eZDRJP23Qv9jQ2fv/AISEIaVAhQwhCJoWPwquPqRvbeX3cKaLqyMYgMfAyU7H+6TS2/4uoZW+lYDG0gwu27lldUBdcLrrrrrldYqi0phja6QaXAE2hiC6TVj8+rj2SPbab3cNAg3SF/wuqx5YHXqPeeNNF1ZGMQHwesw4eH2n9eGiQ7Ic/CzxdRjmo2qR9XHw/DulL/hHsDxgy6Kxxy2Xw+XL/wAelTPDr/3F4fjb72t2jA+FrI9kjxar9Rx0KLZBn/qGrx/U1yCq/wBcGtyQFFHsa1v/AFDUIt8Rwqv04aPB1J2/9SqdOZL5ibQy8YX/AI9Kv/HpVH4eaPfTUUdP7Pkv/8QAJxEAAQQBAgcAAwEBAAAAAAAAAQACEBEgITEDEhMUMEBBBCJQUXD/2gAIAQIBAQgA9PmXOuZc65v4vMFzrmMVFKla5lf8F3FJK5yuoV1UOJatWrXMudExze+40MWbomOYnYBc+tAN/wBtcvvvdpUVDWWgwBcq6YXKFyrkC5f4LzZkpn8spm2Fq5PvudQmkQm7YFN3kwPdedhFIQNsRvJge642cax+/wAFxoE4jIhCTAPtvd8wAQ3gYFDaTA9t5/abQKG8DAhNk+4SibwCG8AQYKacD7bzQxCbvAgy3AwPZ4h+YVDICpESMgfZcbOTIEGR7xNDNvkMD13uzb5KgH13nWDiNsagoe4SibOY2zKHuPNDMIZlNxIgeq85iBkU2agwPVc6zm2BgZHtuNBWhk3eBgZByMD03n5mUwawMCVcfcjA9N7rd4GbwMCERWq6qtF5TXE5D0iaFq0M2QMTsqFImGjVUqk+m91BAoY3DIGRKOwROgTIuTA9HiO1pAIYUvsMEDJwVQwew42ShNT9ho0gY2qRCbsqVes40DAGVaw3bMiCmjOvR4jtAMAqxG2ZEti8x53ut2AgzaG2ZkeEeYnRHUyShBVRWqCG+RQgGKyPneaGBKCuAqQGsDIyPARA8vEOtYVqgMRvA8Ld/AYHlc6ycANYrAbwMxA39ZxoYtEneWwB4Rv4TA8fEPyagQVUtGsN9I0rCDwgb8T3WcAEJqRDcLC5guq1ddi7li7pq7sLvV3ZXeOXcvR4711nI8QrmKJjhHceEmgirgIZgI8chdy5H8hy6zlzlc5W6pfcTNSE5UuG6neF7qCKqB4CUd8AJtVicPipAIhUggbHgedUYKCtCDNIlE6lVjU0gFUUqgyAjvATD+vgLrOQgxUFVgBkMK0Qgyd5Ydc3OoeEyUVWkXAV43Jk4fUIaaOfEd8wBgZk4BCBAm19gSZKuAmmxk42UVatCAryMGAJuBtJx+oq4JwYdKxJoQZCCC+4CDBgGKglDwfUUIJwYaOLzpBi4EXqrikAiYpHG0UIvAReqKEEKpBV4POuNII7IYkyY+4FDClSEBFCL1xYbGBOsFVAKATjgIIi0cjIgFCCgihA3x4Z+S40JMhBFVgE5HAI+AQEUEShA3wBTX04TxHbCTIKAxAglFX47VoQQhAgbxU3qgbFxxHfshiArgyIcnYnC1eRMiArV4cN2lQeE0rt/wDDwyFUFBXmUTHxXiFeX1GQIEGbXCd+1YlgKP44+HgOCqsagolGR4LwtHEBUuVVLDTh4OUI8ELolFpwMOwuLi/DyGl0ihwHLoOXbrt124XbhDgtXSauUeTphdBFhRVI4UqK6Tl0HLtHofiOXaLtAh+I1du1dBoXTauUe1ygrotXbNK7Rq7di6LVyBUP+Of/xAArEQACAgEDAwMEAwEBAQAAAAAAAQIREAMhMSBAQQQSMAUTFSIUMlFQUmD/2gAIAQMBAQgA7NabYtD/AH7cR6P+ODX/ABVpti9P/vsSxZZZY4Jn2v8AKr/g6fpoqKv7UT7MT+P/AJLQaVlMUWz2ig2faoUWxxVbuHfwjckjY2ZRRqukRj/qjey+0osb32+35lKfiPs8tzXhrfvtCFybGjcSZqa3sRLXlI+7I+9I+7I97Pez3Msvv9GFQGyxGu91h9b75K3QlSSxRHg13+/TWV3+lG5rLYmarufS3lYa73Qhs5ZaEyX9n8TW3ewh7YJFYZY+WN/Au9hG5JD4Lw8MfRfU+70IXJsYkeRj4w10IrKLH3ejCoFCFHckTf6vD+JrukrYo0kihIRIn/TD6X0J93owuazWHyar/TD6X0LD7n08OXmz3DNZ7IofxvudKNJF9DZrPj5E+5jG5JEelmq98P4lh9vox3sT6Wan9vkWH2+lCo4WKwyf9n8zXbJWyKqJYuhkv7P5V2+lC5ZXQ+CT/Zj4+Z9roxpNliWFmXA2P5n2unCo0NCKxYmTe2H8tldpCNySFEeLEeBGpL9Xh/Ku10IbuXVQjVf64fzvs9HTqGLxYs639cPqooorqfZKNtISpJDG83hs1nssP4X0p9nowuYxsbxWbNfxh/C+lYfY+mhUXIYx5vOu91h8/C+t9jpw9sEiQx4TFyNnuNZ3LD567H3GnD3TSLGWNiYhc4o1P7/E+tdj6eG7lh4kJi4EWeCf9n2b+fQhUMNiVklhFieJf2fZv5kraRGNJFlkUSYiI+ceBvdj47FP59GFzLHiPAytyxiY5bPD466+JFFfLoQ2bw0UXSG7ZRWFwSf6vD7Kx/LpwqKWaJSqImN7C4LFwT2iyh9kvlhG5IWFyORNiPAuChGo/wBSyXZL5fTw3bzY2SkLgjwJ4RqvYok+wrCiz7cvD0Jjg1s/h0YVHLGxngXBYljV4xLNCiz7Mj+JqMX0/WZ+N1T8VqC+kTPw3+/iIi+k6fn8bpIXoNLk/iaaYtCC4cEQiseqhupfClbSEstjeV0angh9Pi1b/GaQvp2khej0z7EULTRwe+zhHnF7liLGJl4kRHLc14e6D+HRhcrEihMfPQsXiMV5jH9VlDZbvHt3L2GWWeBIoePIuST3It7l7kt0SjTa+DQhUbEsIZyPCKxZES/WJeLGUN48DGyyy8NES98Pkjwy9xs14VO+uiEKikLLOEN4XIucx4E6pFieG+p4TEy9yxYvYbI8HnHqIfqn16cbmisMfA+RsfJQuRcssREb3POXi+ChiHEo8YZYsPjC4PJe5qxuL69CG7l0MobwjycM8iIrgvcrcQ+RvfDwxDEjwKOw8IQ+MLgapnkZONTa6tKFQQssaGj2bWIa3HzmKxE4Y3viyhMfIsIatC2WVwRHxhDVnljRrwpp9MY20hKlQuhjZ4KLw8Rwnh4vCQ1viuityi/1ID4xFbDzrQuD6dGFzsrosbG90NYeG9xckVhMQ3s8pbCHyNFYZbGyxrYgh4XA8PglC00NU2ujQh+t4TyyUiO8hvDZeIx3whc4fGEhC5HhsvFjEtx8Igx8CPBfRqw9s30QhUUhsWZDZBYaxLnEBMSoWG9lhMsixlDEtxqmMZ5G+CNUNlHg8iRRR6iHEs6cLmsMjxmRIi6LGPgfOIEFdntxew/Ai8J4fgYkN7jwhkVSJLEuMVhmrp3pvPp4W28MXGZDEIb3GPECJWGN7oXRZdl48jKFQzwiRRLgWPOHG4koe2TWNCFQGULjCZIf+YQ1hsXJBEBFbl4Qyh3iqKHxlsXI+SuCRZJFCR5z6nTrUvEfUThwvX/+o68JFl4kVuUWe4bwiJBYrcawsvgorpa2Eity+CT3w8IorHqtO4KRfQtaUeI+vkuY+tgz3J8VsNYReIiRHgQuRrNY8YorNDEit8NlkpHuFIssRrJPSkn1qTXC9ZPh/wAtPlTTEPgoihcEFl8nt3xWGsN0WNiY3i6HrRsfqoD9bpn8+CH9Sifkn4/JSPyWoP1uox+p1Ge+T5+Na0kL1niUdeLIyPcRe2fJZ9xI/kwXL9fpD+q6Q/q2mP6sj8u/D+qajP5+qP1mox+om+ffJ90ptcL1k0L6pqLj8rqn5LVP5uqx603zb/7tFf8AwVd5/8QAOBAAAQEFBAYKAwACAgMAAAAAAQACESFBUTAxQFAQQmGRobEDEiBSYHGBwdHwIjLhYvETckNwkv/aAAgBAQAJPwLKC5RUHo9bzX48kX+Dyg9F3aLl+XNHqmh8FFyD0XeVo25MeoTXgQuQei7BNPFCh1eIRf4ALkcMXIdbgVA0OfTsbsBqlT8DUwOpDwNswOsOXgVpT0jtFFHst3yHymfWedysTPBahzyeL1hnkrCh7FLevPPJ25tZjwHWxi4IaDYap5+A69npHOk5dIeCaOjWZf7aAXxnY648B7ezRQgIuqR8r7JFd1v2THEaK2GqQp+AqdkueCm2ohp8ft6J8nvEEXPF8lBx9YhdfimSXszstWGcTsqDszTUSYfiIJqsHDzUy1G5SaHBdIj1nsmAD1TwDK3qE7Z+R+EQd/lRF1yL7o3zQFy3rbY155xOyr2ahAvGxpMGJpw0CLQ2O4J8Cap/Fd42Ux4HLnu+1UxdS52xTeu6dVy2cQ9GS/xvstU8/A7IP4phm936xfehWG5MuDi/2QfBn49l0fBd0cLLXHgCh7ZhGDkbtijd7oc99Nio1wa/qZK/zspEZrLBSaK87rhv4r7FH5ht2qp9imSq+1nKG7NJ2dR22nREnozf+oTT7/lVv1g6kVUcf9IFC4iz880lZ17dAnOA3KF0KQTIO0w+lQeyDt+xQO5Aws6880ngi54O1NiLtSnqmrnQc5Pc6rl80N6ku6Vss5jPqdvbprBbfdCf9QkVSz1Tzz6nb7w0P9aujxRp7FN9YEiD+s718l3Wb0RuW2z1x4FqE/eUyr3fxG5xVDwK5KbVnqnMZWtbCgRX2KmKvRnd/wBg/RMM2l7MN2YTtamwaj1RwTVwNfi/ariGtlE95FHCMbxepFn4RO9bbTzzCWF26Nnupug+6dy+uJQ4qTVpXnmE7ShsZNFT+v8A4vsUfWe2G1T63sijdazGXTtaGxZfFMEP2s/fVBznzftW+ju7Gam7iD8KpXcNrqnwJTR9gVNnZd6q5wPH+ouDymipG01xl311rUWM2ShcTwD+Kk0NyacHRHW6qL4X7lMBMqtpI53Wxmiz/wDP9TUu7RS60QXIvd8Lu6JgWsobssnbbbGo0l0ZTeFJofj3Uy5wdegpsWvnlkraljVEuIaT39WJj5O9b0HkOgU702KTXIo8FU2vlvyydtQWT4gaxQ4lS+UHBoGl5ou8OLkChc0LaYGVTt9llRNCK1geQUD99E066XpolbahzmtkYsNK80eYQIdCTlsk6qdfIE/wLbz/AKhNDVKpa645ZVW3rZSaOj7EKrPrxX+Xsripi21TnNbKo0SJQi1fASNTcg9/V90zvQUmzbS9soniu6mhEqv8QBZcKFrbeqDmqaNlt55RK3obMuDiiPya2wu95TU2hIuv4OTv1m11BBbflVQXcFtOG/KJ29LWhTfVD2v4mutFqPm9X/id8EV3TbzGTTxfeGmo2yRiOq+Dvr0zcHPQXeNvqHJpDAVs6oxauCP7Eu9L0H/r7vQhKRX+SKNzQt9Ycs2raPg65k0cv+T8TD8UL3w9Ve7f8r7DRJ1vI5tttO7o+/XJz4weS7ykFJ3uFUrunAfXZrS02ppyEC73TIvv63si7rA83oRBEEBEFNmAEqpspoo/s+088klgaC07yotXTrBMLujmdPdtNaHgKui9O8wXhT6vvo7qaLLjR6L+akBaSUxkU8FW0otqmryyg4PuWznoovRXzVbXVORSwVbUKRvU9He0THzp7xtdYcsirkMtEmxoGmpta5nQ28u3S3pkE8FTAT7VOdvqnnkEsgm7iqnno+SP+yl8PTk06IXSFF/nb62ZVtmjcmmt6+v/ANKIeYdb2cvt40bMDqlTx08HW2kTo2e4RPVLpHdRUPCPvopgtWGOl74Pbbd7R9cQujcz1v2/b/SH0j+J/wCPou6cFPMaW2zSPt6mGfdVVDgvr8xpbTZQmeCDnEbb1rMsuD3b4H0RfdH1Gg4OYzDZbbdqYb/IvkNiZavfEiE057iI3FyuitiC287eenUPPGSwlbauihTPW/avnJd7e+a7g0d5rBawzCptpNDSXOIuLkXxr1kdXkSmlN3HBSIxc8LW3oNAe8XVvCv6lQTsgFPrfOiYGDpyxUsk7o0bfYplzn/ftF9gNG35wfnipnCUOAD3eyZVPb+JqPd6z2Yx4KvuUV3jywetDLqYANfteA/aujb83ss+e9Muc7WQZ3/xOibuKZG5GAIhg5KYz2o0/wDjEajy96quiTlXB6mW1GAoNH37etbolc10b/We/R3cDLTMYeWGrgJsnR/pMklkdUjzQ/HomXRvPWjomMJXnh54bbgy5+712ckXxF/2eiiq1hJjDSw1MB3gmhvTY3ppF5JEtDL+sFB5OE1Tzw08NTAsvbb6QALo3f8AEBCEPIpmQTIf0f8AxxnHhopR6rhNfLNmB6EmL2Cuh6pbd1i+9yZH5OnRdVx6j6w0NuAHmi8HQENDkUeGh65oIdsKRC5J8cyOkILmnIowmm+CJ3IJm9FB73XpwHYCHZOkIIdvVIyqp7HNBALkj2QghoKKOkIYeUN2BliKpnQUUdIQQyTzwM8RXRTLJw34GWIGXzGAn4H1TlNcu1hyymuXSPhinLwvI87WeLpl+vC1l4K1SFO0ni65hqws54ypzDz8L15+GJjJqZjqGxn4O1hysZeDpGxn/wCppeF9aGSUzORU+zLwlqw7M8dXNJx7MsdU5pXnke3NdYeF9U+F9YctMvCkjpLig/G1zenYCgo8EHeEJHnYB3ki/YUz7+DdYWYTW+KZf5YOmb1tg9finHgg63pmV5TQXScE2TwTCYAwQ3QTXoUzujmDJ3LoymE7emwuk4IveL7CWKD0SOKceCDshYO5MIDeiF0nBNnkn70zxXRhMDdYSPOwnHHB3kmt6Z98AdDJ3Jg8kzxTk0Ny6Tgminn1TC6MJkbsHTtzORBF3FOPBBTQ7cSUwmAmRuyCva1RzyWVhM5JrdrXyWYsNUc8kCLtl6b4JoJtEtcFLLdY+FpqQ8IS7WrHwlAppNBNBN7oIZn/AP/EACsQAAIBAwMCBQUBAQEAAAAAAAABERAhMUFRYSBxgZGhscEwQFDR8OHxYP/aAAgBAQABPyH8RdUi1I/Si8GxA5xtv2LOrffIgnTdOf8Ax90QjKHoRthx+xzcvItW3oPZ5VtRI+lvunBbVLvgWXyz64ENSv8AxOIRaO4wv2WSyJHWSXgz+iRE0YkvDuGV5YGWX8OxYi3th+X/AIRZaE2ncsI2c2VvUd8+eRVkbJJ6vBMliZJI6k0p8lhXin1yRye+4RRpw5/8AtYy7WR7T5ncaQhk8VZo0Jt6DGaFhCq2KrdEIROM+6sWOKDRNezQ/D89yW/4MIkmaEkmGWa3JyjjOA4CK0OIa7UcBCQ3RrLMNqZlEPyz6CkOEXr+cgTaF4iGiCBhBqiRa0qREDvRCyNRapwgnI5HwIQbIu8tLwx6fnIPNfwSOxNUTBIhp4kEpvQ6aJK1C4hvAtaknRDkaLJE0lneXu/OSba3kTRulyo3SY8hXELFZvYXAnsKO4ZIiyp8wl600wbsYZnOc9BgSSVyi93N9/N+bQ90M5dWBXYjGQmiiByaqIUuAhscBHYhtSlvfoTceWr5X5yH3enHjVOXwx86zTYKadn0xFEEEEELCTxFNEYJu3Eu35ywNPvVEGirgD2jCGIM/FUUZJJJJIstySBwJocbxfaz82zmF/wgddaGd5JepqNjQ5TbWtPnHLAYtRCdtkNBanaFTHkka2OFX/fzUw1dl40noSNQzE7CxApFbRkOU41MCSIVxExc5PkyedH5CE98d1o8NEkRXOPD+aY/u/YddxiZjSz7+0kRGRW3LMe5KpbzJj2wzUZ27kcbZowt2cyJNmw1Sn47cYGpIxF6EIiBrEka2GL5X5qSbOPIkdFmiFTBCGMmIRvhP4EGGhuXQb2shpHMT6hmylO7gmiUyqN8iBRL+ORYFEQ4zs9DB2EiY7p0RoCuNWHp9R5CEGE/McfpjvRjdcOqx7FUWUuutD8HyI3JNSVQolLGwT6SJKI8CRGVCkp2bPBYimjFGiwZ8vd6G4mm0RnfJGU7DE84sOh4aEjSjkNzw/z8xBbvtcdGMYhiEPfwE2pFJTw2fOUy69gnOx3+PEe6443ddL/hfYq8OCvvcbC+idylPZ6F52LwX7EpDI24LyLA9g0alCEy0q5rlJr2f5iI2/esDEhdHjBew2xPc2o5rJfqHkauboW7zFuBBR3EzZCgsJss6j0UNuLssll2daGGB7lWa5jwGRxJO8sT4ISiup99LTEt2FRecV5Zi+1n5duDmAOjoqKsx5jtFFlCOF/QcidXGWcUaSmlp6lqBIafCsoOIj3Yq6Yutdf0MmRkyo2KVbhlkSJuwW0JxoK/SyWbPWxF/wCHRjg0HkRG43omJvTQXsn/AL+W76svGh5rIlSSSYJn7tjYqUJw5GS2iR5u7ZwmvIOO1z3PxEy1WE1qQStzev8ApZFaThPRvLz4CdTVnonBuW4xIuWn+mrtzKWl3VGLEiIRFesE8v8ALL15/obHVrV0gTfD9iJHboRdEgOJcqcWJZyXFIuXpEeoptrYssMI8PH3JtzD8gzJHtgidw5Pl/YkniYuzRfkmRlouUiESJwJZEpL81F4q6/LSrw8hoiiGqsRIdiWB8EUoYt44cmr5F5LOHDXOZnuOvPkhLK2QtB/e5QjVp7CYhcO+HkDow+C/Y5iow9ZHlnCGJKZGVRDZQ6cszyyJUYa9/ynDRkhkUVKowLk75XubISljRjRk6l/CRzjVNu08nwwf09IfJqJlpxZtct17XgXhPJgnw16K/ZNeJp1D58mh6UdCwFuIgOhmoT+D8pyb9FcyGJmtGhad1IOSinQsUyNbt8Q8hZOzgzDFkdSSxGhLYbJeHbjYhlC14iMDdp6NyHPm4/0y8pt/FfJj7ujpIIRMkyadyJfB/lO0vvWBKmgRcNTR6dj6H9wyN+i3LTyxabzcdFSd3I0rwY8a1E6aLwnDu0E1HDJJ4fuIGSWlheiIzsrGK7OsiZchCLEUZt5Y/R+TdrnNZ9CIoQdEPb5dG0Jmlboq+a0Q+BfORluyXgFRXpsHUu7I70LhVxbKdyc7a7T395gRpO5ryGnDUTFGrtDsIe4kTkTqzKFK9P/AH1/Jc4dvPowRQ69hKTthvUWR5kTlx0d0w9BjbOYITdq6IhtTh4Eyys7025tqcanZUpmJ/0Q1MuLyLUUMYkMQQ0Cc4HTkr+X5K7wT8Kh4o0LodEJO1aXMl0TT+HYZO7WfF2hbNvZ2Fa5eKdDfYRWCJN4zJi9x1mR4MknGWzQPBQZfJHwJ7T9V+yXNGvk6ukkpVTIM1OKtXirr8l3YjysNjJERTWjMmRNwwSiwl+iSv8Ahncd3fJNx9yc0amYf/BKaaqly73+PQnB2SZ7iOd+Ytv/AKKrJENWaoh7tDoxJoP+8BCJrX8hwGpBrRUSFnoQ8/yxQhYfRMXJywpm32IlW4ThOXD1MYDbeYw37F8ilqeTDibsibJKasxA9yZSHIY+OksBbiIEFvRX/IxBzL9r0M1JNehPPSDTuR02hj1X9XDHisSw1nZKLHZfWX4Pklk+pfQ2J3jofAwdWPT9R/tAtHVJmcXJoxiaiUIsCSS+3Wz2f5C27F63qWtMdCxR5E4HmW7fuWF0WMn4fkM4yJb/AC6/UQE29Z0n4Gje4sLWhmT4hiOPwJjXenI8s4qywxJQhD2aGIk3Dh7Px7QSjqdGaCEMm1ItS2RM29gWA+qyf/guQOHL2Vlbxa+IuD/oRfJNiuIzdmU0P2QaFyF40cTOqYveB0KRuDzt0F0PVDsIbDczAmgoQ1kUn0/9/HeXXmMQycCFVdBOAVkkORVxVyeKuzSz3a2JIcd3hs8ra/iHP1MnwMLh6Ky8mWhG6zGjNVkCDhi36he8+yPKd3RjGJDkWh4adNS4kv8A73/HXti79lXcYlRCqhnfELzdIXRVe9V9xBIdwRYNuJ6cG72J8jX2nuNJ+BTBGWklrfVcjXF5O1u2xJ3XobpJKq7arwBvpdfju5EL0dCFRC6XBImT1P5CWZBS+Nt6n0CSS0fe5Xfe5JLoSwV2hQ3qhqtVdhOXD0GbyU6DiTe/NfssTG3vRjpMh6mtLFCB6rTYpEmH+MkfRM2MCdRUWBD6LVbnSjSEsdM/EnJS1KuvAWyktN3ZWA2x3u6xToIQuYlIQ27DddN3Z5JDWKiVc6OdvM5DvrdDoWAkMRED2MWJxBL5usvxjld7DdyKoVV0alheesbUnX9YEyPRd015kWntjdLJdo2zGDmE9plHFpd3OfEe0K6g012zlC2vkRV/y6HQmvRKFMxT0hPZ/jLC0r9jRNUaCpo+jUsnIf0OKk9x6FCNxhO0PuK7V15ZbwJyN7DirtEm7rOU7DVcc4tXyltttkLeHAnX1h0pzY6WLYuQqPKtiRmjCbl+LNCklTU2MfRIiSbdCLVVov49WB+jz/D7i0/M+RsYg2p/mjsKv1UwyaG5UZnUXnb4Gt5lpXuUre5l1a7pYpF2hNNdSIghuhYNBm8rJzvvxVq8PP8AykDNaIaqeDPQ3gIJUjHTIx5zQ2q7wXMNN8/3yIwBd+P6RoMcLSlKflYiSBKyD3lfsTsewtTg/ITlJ0dWJASh4aYlMUmD+hJuvxXZF/Ow1RCatyKjHXUef4YGSLPUyNKS76K6fox+EpE7C6wWYoGoSc5M2MZgSks5Ttc5zXuzuz2OF01cNlSLUqdPgm7CrGNULr1RHAh2Jhser+Kfwq1h1SEKqoqM1JXzHQtOpkz/AMFzAaa1t/XcafqHJe+jEFbGGP3nwc1nFtBVPq4vMtGzfo+h0SZGpTq+AmM4Xf8ASBK1/Ecap01GxkCW9INaujRNyR7tSWNcnqm244H80xPwLqlBEwleonKU5yPWjaBZwvA1BLSlH/TFL5EDdJYhaxYEQJ0TSbpD9H4jkN7DGLoQhVQnSxNsmNAwvoO6fYy1ZBK+WtB6bKXwfyNnEauYtwXEDwprlzZF7Ms3DLyGu5ZmrfzXQxjFqS8RKmgE8DsZHhPZ/iJFNq+XSBhEGFMmRqOiHcaHUq0aqogdL2BfEMKkx3Fley4PahctyrRJGUkiFmpPLaGYdyIFFrH4fAuL3esEGnyO5ehao0WDAVGlltVLt8vw50rbRDXbkkUYlAhKxFFo/QeiI+je52/YZwLALDWPvMstG1s8yNRNLiJpPgeIkWsTs4Ae28xLdZT5OSOliDQ7CIu8TExrrIrrwFrNJ/hoEs2/seRKiDpNJEJUISpBztGKF00UZIgwZdLefUkWCitlFylxdiHry+purxsmCbt95UZV99B9Jw8iNFY9RVdGOhYYlEDTOaMc6g87r8NNyzzIqdGGpoJ2GHrQhswdlJgWsjW6+DkF9WNxxklk0Hk/iJ1ROyJw0gtx9oQlmk2MylotBv6tZEIleI30PdjVGOrEFqaHj8Sfubn7WI6lSbCqQqPZoii+ghq9Gbb1NDjkkum2oio1Tss7it9C3rPV8yOpJJotxGyZ9UEMe/ug1ZUlgrU8n0wMYsoZrVMkSO2b/TE5/CduSzpdiBDFTAYlRmDQsjon0TRjwK9BybjZ+qUCKirGN2vEkuQsrH8nkWJ2LnX9xIzhdTGJDpRCOh6G63JlzEP0fhItw5fgMQ6MdyKTWR6VZbuXvQlQul0Y8NfvMJS3MweTMaJ8mDozUkqc4Q3nzHtEk07pyR+ooINS5QrqZXA33M+BXZS5LL2F/wAcX/B/Q+lPc4IoxkF6EIiGaRSVNGk8c/hOFW0VpGxuaSsJ3okSa9TT2gqJF0tkVGd2sQ3uXkX9mysP3eDwlfImavT9jEiGpV4i96+LnvWBlpjVqIsOt2Yl5vwaHbESW96zTcPKFuKkCESOiJPCJo1YLoYxqT+QT+CEvgXH8NEJ2PY3HmPVam6vGxc/4spD/XgWUIJUj7TJB3vXHiW5Gv536GLYi7VCIBYxD1ZoNeFxOFKfn+CmVvSoxWGPWjqybCxS81IYjoy7dLGLTadxhLC3LeUXM9pnKcaTixO3xIbfW3yd5QY5WLa+6x6FzYczPHYyo23sXY7PReiqxjQsNMQQ0NPYSPxpgbuuX6/BT7N71Y6tEEU0EqmGYGlchsIaX4CpNGOhRU0STZi2XkhSm8Q9htkJkH9IvG/qM4J8dCOeP0UdWIXoVLHg3QtCTt38E5Q9lug+hroSoY6Wpm7diaot31qLUN3EvYvjNtGNNSRcjrs0mpe168qe90sSVBo6IvITJsJKwruzs/wO9MW7sdoVGNzQkMVFWKWLBHCQYQ1N+uxilz5QhfBeWsPq4+YXqGOjHQkBYYiZFkj0Gpk5FT0s/wABb3E+QyLDHR9CpMsWRYY6GA/ig1UhBFYGN0EgXxJwWUTi1NDpNFRDrVklu7CLdTRrG+pSeRDO45+AWjw+WOh0Q+gyDFCwNUrCGjwxsRJgSIijGhillkTfthFx7IjDd4gu1ryS6Bzp2/Y6VuPYJYXeg9bhywuHuIIcGuZG2aWBf9H+xjJNutWnrZImO4VLrYOxJx1a/X36VbaIuu9ZfmZoTuOjRUhumbiquEYu6Vb9ErVijomdh6hJRbaTf8yLjc5c4CE00601fObW17lzTaUf3wNNId57HTNGRQ1DaHYRB3GSB2fIa8Lil+hPz++k91L90ajEXGNDHJFbo0o1EOHcZYJb6KEOPnO4/wCvmQOoDb7LORWhrDfJEnAGiOG+iupjRbIUYaGmblRQRbWfkx99s6gdG6OjWKWE5J6BoYqPZeaC+ol2nuVL+5qBNyFjTd8zudsDzB3wr4gtStMInwYHEKe+3oP639FloxVU9c76E14Wf33Jb9sULqm6kM0LySRUaUcvckQ2Co6x0M9U/AthIVN37N/BOkziZiFhTy9FfkU8MxPl+RYXwIpv7Ro7MRPTAxoSSMqiGwHZTST8TD9H3vYO3iRFthiGTRMQPIskiIF0g9RpRbLSB6dE9LpHvf0ZlBQl6RbLjXNlqMm2m1P8uHgiaOG7KOmt7yP4E24JIomAXLcDbZrfkWFf2euKOhICwIzuGmvMWERhl9NDiP8AvEpbznyoyLodJEIGIgQxCSjFR54kILiLr6TLPN2SykJUkSWUaFl+x4rBcpRDn3Li9iSysNa/Auw0q4hN99BAtSoh5COE8iO8+n6BodCl96pDBA0of0bl95OOCo6NjYhKxgJTWi6BuLSklBcy646JZ2+djFkJ39ouChowmEnKG/YZSQ7JaaeGSd1Mjzvv1iIH/Tv1tDGhoSUx3QqTAmj+L4+74ETJdzy/mh1YjCQ3SqkGcG43ZijHllZmqZrmjdWf0ZkepeJF2kp2GOzgV7ESOZ3Jp5bZKEEmV+AR6BIHDP7PpOg1DaGIgO42O/j2SAmtfuu6qX7pjoYhMDvTqIjcwG6GPWjWSRbsNjZn4UVI6Ioxovsc8ewKLvczjKKTupc21OGFd8sRzNymsjGMtckFyP0G0P6DqWHIt6E4JvGim76g+9n3ULt+/QjoajGxqBK3pQxWGhcEzBOrJkUjrZgzlimP37/h4kZPuZtjLhJzjWBlLR+/6Kek/JhOY7fTWhbUIfwRFyLb9Gk8bfdc0hI6OiMzWhUJQTVknFEySksESYNfVsTR1NxTdsDTVpNpSs5tKc2jnuPwy47swwqcrpOylGdS0L9tU9EmQXzF3sRp7f0mTSRlVvNEiPO94/79z28jzsR0OkamsbG7jEUWgrDdTEh4ZQuR9JvRk3KjBJpqsPmeQk5K9twsyipDTSdp0ZCerlF0yihzyIsI8A+Nselm0j2eP1CwFgREMlEiHZkyflcUvwp+f3Efnv4rBnRDLeiiBx4Y7F1RYGjwPckwJXHsh/SZ28SiLS3EZZg3VLRez1Xs0FwalI7Oc4a4elPEyYGzfTdK+9Sdl8wMM3lZr5X3Ey2t5UdjSmKNwYmui0D610MBXo+BsaPQMSPoundbvUyClaZXvovDIeG8d5Phxlyh7lTnd/Zsf2fSY0JYeBUm5le7d5fb8WmZzrkQywtEiwYrDmtWZBgN0Iwoa3vVHSdF1WkGIsaaT4nr2eq0zuJyhWw1rnsPaShnuH97Ud10Pk/qMdE0fWSG1Vib0Sk7K0+1j+3gN3/tEa1kh1carIYxpSxTBUvdKG8m/boP6PdE+w8CZIE1FOlmP2ewY0mcLyvlv+WjmnpHydhD1+k3Riw5EEQNMk1EcEPpZ/bRm37jozHnqHr0OVR0Ib0EPN3uQZNxCSaZvEQt9+1HbpnpDMGvAXxlBtY8xK7uosCwiU7aOMCEqg9G31GTXoVRNwiYck+cHb7U3BzyH0BCY2MxGliNK2UDHqJUJJgaxspOo1F0Mmkm1Jp/pGisB8eJfWb8XU35L0OVOpyniLKB+kIKywxQ4OjFWu29pwWtcITPVPQ2IFb9B5h4jY0ki6GvlfayXV28yIcDow6uhyBC2o3S0TkcU0TjudhfRdLUkS4JaKk2svtlCFWS6+H3J4RHsiFfhhW3c0IbN4M7FWV2YIrTWxhnf8ie45BxLzP4Mls9SYS935QNyI4Yjh5kcC6/4LQiIcMkwnQkUWR5CiV2+zF7dg2oX2d/vt+y6MKIZJNMdCuFTek0sHlXIgrIVmugQaqm5Din5Etx/Ro7Q5A2/wDguKuVii2pHWCSwzwJ4YMu0w0pbmcDZN18jtRD2IEG4E7LYSNSzLtCdvgIi2KK3jvpRZdPAw9qbN5DS0UEWMixSRi3UfshJrX7KfbOPIQxmhir6ZiuYGRGFEolLohNBoRbj2J2Mf25H/AvwhL/AIORk7v1GkLibbeQnahC/mRP0Df+RrJ1hmxbEmAlaBTQ7aZUdNyKMZpQjImzFTcwJoTh5vfYpj0EvXIqPIxMDzSbEkBqthcaBG7qgrs7rYVSdkuRaa1G/QJ9fSJ/5LuWd/zEkIlR4eRgoJHuMOiNAxGo0U1EjH07C1poppU9RYJGJ0ZLj4P7GM3/AGuTkwEGNeqxsmliY6GaiGrCEh4EOhSmfmNeiQJLkCVErmk0MxTEMZM0PdULQZoMTkd6N3M0TFg2EuJ3HTBaReKlRiabPM/g9fsbft96JUaseRYoyNBEWH0JsLIlkZfDppQc2F4DQ48di6DV0ao0Gb0cUZoJDGWqNu5NqNkk0auO1INBNKGMuNVCd6TSnSdrKx4XFo9J/Xbge51OkUZUaCU0LugSF0vBA0zWBTANPamFJuMmw9ByYpuTTQsGoaGSMmjdhYqyTem4n7CGMgQ2Imjoxlz66+V9fuG3nQ1Vpr0GL0F07mwSoqLocDNiNIjLFRrBvQiR1SIuNRKNp6UaKOiY6F8UaB1Njo6SIzJt313+un2Ev9DZdWqjIY6wUdSzQ+sSxYxmzBtXfqbjs6p4JuN3ZmBsaGsjZIyaRdCWbowrJiJsqMSGQSO8UTE6OFP1s/f6/ciPIuEjYRpSx0yG4TEa0RGaTzU0aVMCfuOjonXajYQlMsdoorQNX8BLsRAxmghowIJuaCxAsDcTMwqKximnz0F7CGRIrjSfex/V4bQuk8UvFIEgdG6LI6XliHvA7n0VYP6HROxMEC6djNCQxkSK4rqbDH0nk1E7GGyLM3EYirrF1R0eCBkvPl9Vyi9rjQ/oIxIwxImwlGA92MZDcYREi0q5RbTME0wqbHaiYprHQ6ai1HoQOw+ghDNKLAhuNFFUqqjDQyNaI2919W37ffpaHRjEOiD6XmIyGxIzJgN6DiSKMuEaDh1CJu6tKI/RBdenA9Buu43aidqsIx0F0MYxy/UC8SRev024HbqbMRRCHR0MQ1R9Ak1kZEkvIbsWIaPCNPchpRRCwWRVuTCqWazmi1NWIYrdJqb1mxYaC1FRIGSLUelEOjOC98y8n05frYvEkbo9adaOqpdTtUShiiM2LcQrmgeOyJe3CB9Ig+gqutYFl00o800CuXPyN6M08jUxBkwPpO46MJFMi7dYT2f05Nhd/FdhiFk1qm4hul1FkVhbUZC04oyWuPSlgwcyOr3rVEOhDqYsiwRM00Yr0g0VLUmYGx48R6Un6BJNL1poOS4P6bvFHlRCojIyo6OkmIyFS4RkSLgVhXqiY9GSMmlGItDQkfzTUaEPQbFqOIEJGAyrsRROSLIY9KOxqZEqVSNxCU1MTIGdyysC1Wk/o8HoeKogVOodWx1ZECv0SITU2FZ0A9EEOjTUkSsjVDveugtSB16CGLI6sk0dNx6CGxUWo0KmxAtabdDJ9/8AB3+jDvPteiDQQlMOoZh0JIlQ+hNU2kWRB4jvJpIpsPFHmDAmEn06Uz5UxcbHRuY6GxoRc3Io2MIk0CV6QQb02LhDxRMf+/0XZH3GOtsLUzUquDURFW6NaFW8z2HuJ2GunKNVUSI1MWJG9UMLAlcZqhyLdIxLIwsGEPIjUiB0aCRFqT0Zsa9DON39P6DRc5pMyoiaIjqMi6b03IsxZpRga0JisFlPI+a7GlNaYNxUaVWDQtKFgs6RMZFh4Q3DohEGBE0Wo6O3RoIZApDWOYh+Fuuf72XjRi6BsbxV2JJgboumZJNBFlTl0rwroefErgT6GBN+jNSoVHRkV1HgwNA8odootayQKlghjEbjxR0xcme1Suz67/cZInIiaNiUIQ2ZVGYGETJOaprwE6FMBp7ExqJ1bEsaULJIhCGgSubjTPY2o9FR1ZMqMBo1VCWlGKq16GPQWpOaqjZc+EfyXXOuY8qLAlVmlCNxujtTBDGQ2Ni2Fk0iHqKi8i0Dz/bNSosiCwjJGGM0FgVqK7EiR01rlUVhCD0NWIypgnI65mqHYQqbDqY7JFPyuJx5E/Pp4nD5EqLAh6DGOiQ7UYs0ZkMZcYY+KI1FFMImZ2HoMY1pqFhGvmMegh6GAzUWCBrNMieh6iuPc1Q8mo8sRg3qVkqaUQ3miGZIFZ0ikem8vJ096aUYG6GQOh0zo9S91bomnIbBmiyRgwZi3wJdt/iMYhZq0NaMTNhj1qsG9GtHScGaTgWRCvI7zVaio1FHYyYjoTUzBA1BG1ph4WfTxA96TgY+mxGhuIZuJFc3EN6WYmVDyN4pN5Bk70nRdDXoWQ6XTwM0FrR3b6T1EMWWJmqrGLAxj+B6ETWBaj6szmKD7WdPOLf6EiCJGZGqmgd6RCLBUJCJotTIQhtB4VEKRcSw8dk80/dSBdBmTNFGbDJsx0rFELWsDQxIgnNMBaCpuJUdEQ1JmqBsTokO1StXWgnaB17HCUdN6UKrHinQfAsGvpErIm42LJNKNJA56SqoTMCRajWKSajHahlypkdqHaBG9CGaUizgWKb00NR06RGBqIYlUxrAmM5k/wBbqvf7nyJH1cUXS4FcOiVCiRgaHSRBKBMEBrn2QxjQsDGmqEqTmkXRNhswojYuHkyO1EU0Nx6iFvTNFljtRuehvSZqrCSOjNnaqW2fcceh6UOk0KhtBqW6JzVlRaIih6EiyjOtx2SGQXGFHTR0VIlnA6PWrErCHlQlCRRIsOfUUbsJ1wQMaMIWBjVGSRWcE5FTwQz2dqvCyPFeRt7uv0WOHbh2MRhoiwxsQ4hjDokVhE01o8wbk5QkZC0Hv4DzuBIYzBi0IrAqJXFRkkdNaFgSNRDMzSjNu4lW6oxUmxrSaMi1GQbm1Uk5vSfCz6EEIfdSPXn2u3kaU9YZldy/kRKHRhFlDDqZobUYWwnRoLaFqZIa5cnle5dPQRFzYi4qIgWF0NCVGcCIkwdOo1hEXZoGPIlTWiHTgWgmKrYiMyK5HQvoByC8XN7BPHwI9UZxXKsMAxBMjEpELDUmjGFkkS1GQqFDXG9L5NVFShiyjIQriYtRWiiFmjcy6kuhZYnYRORKxgepHxRAkPNEQOjc26dBA9RMkmRMWwhN6W+lyV9LD7e+puy4sfs0cb3+g0XWezsxV8QMTuNoKrWpWRu4hZEsjT3lHkeleprUjAxmjYjcskSF8mYolxCViTUVIsx1Q1AqKrOaSa1eoic0yFQ44X1t9ZZATlSbv2O3kSEvV/oy/wByt5iiOQ0IZCNA2YiMkmoWWbl/ExozULoFkTNIIHoh6mjELUvMmYQ9CTJiQqRcVhGipFNmSJjurkK9SVNyAiRyrI3LW+A9lPmz9IKRT94bHibFrF/sms2ve4awfzk1T5/piwHfydFihSYLpE6Lk0M8K+aMWol6NCyzCsybDvIsUwoaG42M1G6PkelJpoGakDiSC1FeIXoa8eIwnkwO/wCkP7Rrk+DdHzIJY9w9k4Sxl0zO6YXjn7pXCQ7+pep8O3Gm7vUf4NSpIRLaggh2gub2+Rjoyoxk64odoFyJEU0DYeRkjRA5fUU8X7KTMNd5g38WkM6H84MkvzY/i8P9Gs3ZIJOrje3iMX5EmJPgIMfQkjXXrkze8f8APvUnJe729gjr8fsi6ujdWCZuIESRC56F77kPNTzTYTGhBqMmweZPJ2UiW78YveqBsDun+je3xn4NM/Ez+T+xHL8l8CzvGCf+mzH+SYdHgEiwvsuXGjvXIJCVOMNfsQiS0/A4Vfhc1Hxx/ZaERug/am1ZZ9SU7TuUWOLeQ7V5ItCGw+JxDGT1OYmEpP2ZtmD8sSwKGPv+Hn9b9VI/+34VE2v3IuSL0j1Wn/pBb8HtcnqiBbe1UQb5Zv8AX4XkMoyedXTLX9P1+Ehia2ZMH5QvyWwYLWJdlJ5UmAtCIWC/Dd+ZXiK4tzjp5a5/C/8AIdwqPKleixRqS87CVmFL/wAhaKXd5US18ipBc+Lnhj/yXnDLD8CCl8hq/wBRavqmaHx/DEbtzrlv8n//xAArEAEAAgIBAwQCAQQDAQAAAAABABEhMUFRYXEQgZGhscFQQNHh8CAw8WD/2gAIAQEAAT8Q/iA6B3aWJqTr/fzHlTwJt+ZjpzH+BHzrz/MQij8If/HnJXu5fbcXrvL/AOzLwLXGP90awVbVtfKxm6Aq9CK/BrpJk5hlO63H+OGAH+9/owwfg3xycJJY6Rsf/iTr8g5fBM231fVA1O0Ffe4jKqvK2/L6sWrcZPq8Qpywem5W1C2y44Asb/O7guY6/mvCC022vyqf/hLwYdXPxuWovX/7wSi9of8AJEu1a7Sp94osWn1Am84O/X2iqlqqu7WORv8A8BaX3MNQiBpNN0nhlFUv/Drjy0nPP3Jf/AFYUvW20DFiSvce7uPJY1zUOiSwflMNj8REzaEjZLZ0C14KnVBHa/z6CoFwzBKQomINYh6FEmYMJdOuUhuvUkJsxcKy20/z1/8ALXgx9CFdTftAmPuIVJmJ6cQjkhhPGsRaAfbEbO/vw1DZVjgazt4bRj0vxKNg+IC7CDV0gYwXCQxqJKCtdYiAy37R1lx1c0vn7iw97Ed20B7Cz+cfDFsd8JYNcS+Vxhq446ZyXfb0/YhTMwwG/h/bAlWjiVEdPH44lcBdykvhm6M3NGDc1hA5Wy6nOjk8vqC8QjbKSjGall8zxZfzmYDv7WIVKIV4mOWLf/lRQG4MELIlz+DMulEu/Bp4zmaUFV9zqInOCULhzykuMRIt4++jBlC4WXxIq0YJZLLQS4L8zgiWlMNHgC74fT+ccLSD42+5aLFcpB8xFOITVbj7eNSpAtdRK8QqOhgQc3Z4RnaSqiFeMpU4gIwgq+49QnZTUkhAuFGI0vLpiNZ8RTa+YM5XzEYz8w8V4DNdSjoMP+CX83qWV8TJVWqq93MusTcawznBrX7iMxFVABiMJCi6AGouNdk79LAPL8xBy/MO/AOIyDwQHRztonoMNnr9tR6Ss8s4n3AHOJUrdD7Y/nLMmRK7GWUEMHmVTAFItOlvTpIVOkvwRiWLsrnCsXLDrLh0/seg9InGAYVlZX0UB4/cqDumYBcbmZYtgaMHefzmrbH35MGyJUOZhMsuEh+5dQ0MflIioCeCa3XaJ0Mudk+2EuEDFCMPVw5IQAWZ3AuGSFU7G5aRTeA+rsw/mkAroit8j7a+kw7x4g4uLTL07k6SDEPqQfIjdMy+wlG/Tar5+oOp0xNy3CrXuDUAKUHUuKvEcMxbL16KrelsESNNrqFLtiGV4fxDPbb73MfY/mqgaD3MY7ohS+tR3DiVbbLralUkoOYDdU7sWSpdNQbMuCxkN3tGFlUzUroB5QlR6Px0xxLkC91/5SjGBsyNMNiGoESmJ0NhiRi8S+d4V2FhmoIhBdnTiNn+bw/mtBsZ9rCCu2GVUo+YbHSpgszpDlZuYZQ8/wARY0MyiwxQ9IhZ+krH6F6fmy2QCn+t2lXdl2Bw8DtDlf2QjxqD9QVLHo7X6YwgcgMdWkVmq0D2jtnP1Cg+squSYl5SZN9ZcGvfJ/NTANlJ7Yv3cyy94aC5bAUiV7x5VxTHiVGPO/wQNX5joMcwFSWFMLqvwlgDlSS0zDLnXVY3BTC1UwXnrsuTzKijNGxcsswtvIgvEcSzq+zcgyvMo62XYnuDiUCYHuPziVTHN0qMRm5/2VWkU+wI9RLP5i5ed8GJcZbeXreWVTRq4roCUVDbKvJK970K1L+tH5YMR3zAGiHNyzHdzLaeQh4vRlgArZd8TNkAvL7xNICIwUGsUuV103ReYizspUaeau8WRKq2PjyLwhqMVJtDI3HiYs7VDcIRrL4c/n0BenkluLNbYAb3+5x8/wAwpHY/GSK7nZirPf5gzdanBi3P3jmTNV/vWNB4JVi9UjdlW28fcFKJ3WlqPasD3oK7xWPcQS12RnOHqlyDbslwKAWB6aIacTcVzr2rAu9URwkSdHHTMUJQxYW0zpvbAcm+iVLFwP8AeYS7NIR+gNp8wRrO/QBeZ7x/MXQD78mGLI4hmKS1E0XCVuZVPuDWIFgzx8fgTSq4fsqGx1YPWCtoBwNskLghUIOmYdr1uCU1VjpcIKTnFW7hAxbs3bJ2fZKIF9s40NnIA6jDEoFBcUrnMKWcGgTNhVx0ADEyIKqm5ZIHHaf7noUuDle2Ykyka9qjuWs/lwCsTqC+2j6jjuoriFvmWhqYwyVBoneGABlLv3zUy7QxQkNIfYi3oa8tGis204hOkre3qoVq4u0YwAA+A5NeQi1UU8R8bClaMp4l0x4isYayqi95ZFpvOMU0Px5yrTiG53xPxDUOXfAV8ZlnvKb5sIhFUop6OyAHfyDH2P5azOE9y8ZVa6TKRqu8MHpttYEftCCyWXy/lZZWIjL0lrexMGVvRFmM9K8HaoebR1a1KkhTZ2YAo3O5UTiyHFD1WMSqFl9zuFgRQi4gUYflJV9ck+Hys44dXoy0SvGxlWWKkEI+F6+mWGOWTolWE4vo5grsm7hkO2f8tn6Fp31FVPX0BoIGMwoyYPXbHTEWTbZLy0L8JhQt7ZaMOXoRmah3hYHrGKzurMJKrMEOXwjW7zzkUqcwpXxMNFsVhSV5WAF1l8wB4ellouLNSHVd/f8ALJs9TbVXhjU9SaS9dv3BV6uyPZEaSpntDLX4X+W5eJFHYx/MBYthdMGCDbB69WOu7N4Ug3H+EkNg6BKmV0jxIMe8StEdU8iSrbmrWBV0g1ERB0zsqubcrS3qzN+2KRj1QgCKeOdlkFqLtWyNfmoLXE6cQkYF7QqVo2KXZRlOuwyJnHJHCrWZp9I5oMkI4+73sj7EdGxI9sj+U6HKmi3NZe7litWOqRu8EN5gUZtCYi08wIHRCY8J7oJjJAqqu0qaJZHl9OdxM2/Nk8x7bCM8s3G1ii6r+4fjKJsA/DxJlEV63WD1TseY86Wm4QqnS/AU1bmxnV5QNTSYbr+8yiHLxHF9iXdVAzmJau999fT+U6i/vUyT1g36A3S5VFShWa72wFMGul8wxXeeP77iZYw2myZOdw7ejtDpBlO0116IJJ8BPPKypcMRxpJuMEeY2NwkWzABZtQyhuPpj/DFaX1NDn2Q7T8FM54V1FkngJWGHE0MyWc1HFFiZ0pFE/Uoc4O9q/lIj7H3zfqpnniN2RtM195Zc1EOu0FLmBKt7dYQPU/QxxzU4QYesxA6EMy7lHXt8KGJp2m1C7JABUyzrLtWeexE1tBgVgu+XGUHU3Auu5rCnNQ7Mi6G4CL9N7qOacx7+37mosdBwwezMGKIvoZsgMVFcafsz/J1RXEbkHfLj6jjfEHKvSVogFhBpJyd4LMkcVB11PIX+Co0stI4qW3UEoTLk5m5WFcuT6LmnbqcqrL3myKRHSgpJzeC4Uk5m/oLuQTD8SmiAZUsdw67zBBea7KqC4y0wnvK+Y6mTFqIdV+obTOVk6y9rrZfiGJeYicKj0TU0itTvr4fyS3DVIjFh2It73Lo8xtfqCL9FMXKa9o4tjW9us5EsTy/lFSxLWRDAcs1czOJ/qfbmQwtPBpfbMEEDWZbZfSXOHcMlGMlXLQm9mplUKc4ygsocCUJrtm7XBYdHyYgQwtY3M+dpUscvj0YWWlRIkvZB5v4Fz/JX8ASO7AXMaEJZYzG4Yx3m6g2QGYkou3Uogj8MtUTInqRu8xJ2YnQfsS/9upmr6YWFdaVuwmF8KcgW9klvYvEY5XCLgB2glkUySinUft6lXA7poHUIXNXVJL+2cLvDuG3R/ykuvQVCq6lw7RQjdpiDS/EUbMEU1/JCavnBV4/vXLrh46xyx0ZhAZ7SoZHSpopgu49W5ipdug/REsMHm+0tHmBuVMQ9CLspinJkjlEB4/KKOye0M3+TE1bAUwhD7SlS/hVYKobxo7uYgVM+79pDFSomv7cB2AjkpxMrNykQjlkektMUOxzC5IGCyogOejYGn5tHKsAiaR/kCX5U7s/zffl+Y2uBg+JVOe02i7vtBKlWkW4NypfMqD0/QmNQ5ybuYXtBohmULGzs/WYICqVQWHLGwu3mAdCZ+yG/dUtigyI4kPKsVw26G8amQUwIug5sFYtkXWH5CXLiXbTHEKEtzrKFFEZ3IBhqoZgyOM33uMhWC++h9fyFOb+uSuIp7y82bUcwKpDNwH4nNkw9kIpjXmXc7/JU0SxVRq6jCVOKV1L1eRrpB0YawwhzgSwBYAKIVhVQYUK4WMbQRu4tl1B0MsubpbYiB7Vi6XklC1xL4mAL9ZJO2QWrwRKhrXxBsmUH+1OTr6iFdpg2MznYufX/Iew3W98n1D1je+sdnlDFvaDa+zmNhTKxmbXpBB+CWiwdmW05Hyo5R7qHftBtlVOFenDdI/Cg8ERrVzj1us/jB9xdpbtNbKPTAI5GLp4SfSQtu0LkNDVoHl0OPO5xjxHNrFx9y6HsKzB9F/SP5nS7iUuEypD8fx8NlwBFeWr+XHxqBYvacYtaRZZlTFqZR1jQBKZJnSZC/sEwr4PzmCUYxDupWfV4SP/AOg6kmsypZesidm3pGZoIdhfwjhLMa1GFTUa4KrwS4FAi23CS7tlVcUCEVjJKR6YBwswW3aHBKPQbvxDTA2ilHsYWl8nSUX1TNFDTzfH3Hpuy+ar7fxzM5oZGWtTWOo1jD03dEuLcSj2jphzcvnj7ioKTpNxFQWTW+/qSOZxVsvpWeZDWAI0biu21s0pRAClqw54jB53NcSatv26ObJBqHg6JjZVl96TGqraHAoPqAENTHS08DhUM4MMp4pYsE7OJO/BzMZDn0LaZT4/jo6ui+ZgXi3dy7A6sq43hZg0XAblYGK+5d7l8xTxJ8BNalwI5lqsxCJeRmly9EplfFX8UhK7QAOv3CMnFRSyvjtpQ0QYIV+HoMAoAS3dEUyPvDKjwgawTI0ahnNgrxiVE7RJYL1mG5UMcI3skQqwnFx+kj3/AI3XOgXwP2NsXVd4SsEymGCLVQYhywOO8/UqhiWwxnU/u4rcLaSvE1H1YhnMv3/DYMW+3ahOC8UTvVNMGga2NCtwoowaQSOgLKp5QEE31JllfGirfkydpcQ7rqXo5Qikw+R/adcInQK4C1LQWRlwdoLB0YYglieaZvJHCbjPus/UdGxEeo5P4webb+xGxtuothjb7s0zML9F2kRQJfPmYQ1XWLiVbEAcH0LK4MWiEFTMqBwEIm5zKgnQVSrLxcBgpzdhXtx3MMu0WEYcoW1KjMFHgSnoRIkVaKBAvKAxDysl4JFHWjl0uVGT8kJpCSmiVKrUOIfqWw8/v0h3LXAIwBFcgP8AeWfdmXfa498P4zMmb3xn9tQlE0e7Gy369OU59PTUujLlUYhxcceEPvG+CpQbgrAzPDBJVZjLu3mKzsL9zGKKCfkgkFf/ADQl0pa7sRcsuoIE5o5rai3t4GCPMrNr1VZvIYHj9sI1gvukCVguL6RNXKG2+scOIHApLwSash27uv8AxnZ6Ae7lLFfTq5gjq4OUUG4Y8Eq6JdmJX1HaeJr8szKqCOUi/bAKqaiRjA/8lhgyZ9TCWnuC4RmAETzNKzNdrFIRRURxiuBRI3SqhrVskAntVRMMPA0sqKcOBz7zOXz6COGo5jwRYJe8T4s3hOoK+LhjddkgqZTsvAK/NfxYstAx2dqD5cfU7OGKYSBZAhYiFmEUNmoYjhzEZlvR/dbB14lhY9oGgcQ7i7Jc7el2UlvdS0MhnlHz+dL0qqEABfnF85iskQFLbbVVpXBxhVG9ox5XCFGPoW8WGNXe+6VnE0t+lUxMxTDT8Rqrv9Sw0M4uvf29FjxaWsd4n6PZlhaGR6IifZBM37wmf4qsbVP5fEONTKZM4MrZFeekoPU7J1iZXOCbZVXL+yPq41q9DEbLuGdDmBXocw9AuoSMOFpQ0eAlztCVtYpr7M6aVLrbSN1Q+3GpBu5eyVxCcdGWSYay0zA6nThofGIYksfPmeN1L5IPSobuUSypYrCdvGXc4lKMshhLOVPb+K3hJXnBNgROk4NwBriGfmeIlGKd4sjBVyqlcy6XmXXs+hHV3iEZC+8ZUqL0iwaYEHqW9gDDuGaGkjPSRuCOd3co9muhItB2SkVnAso2geW2Z7wLecnzT6EBGA2GFtETZZ4RxaXSBMwcx3qBLiGh6JLkuf1lN8Qwrz/Oz+KoLJgeJEoO8cblAt8sMnATcwbluCADXxBd11lbguUo9oM+ZseTE/05zUDm85YnxTFn1XHt6GiP0qfNQmmZeC6nw/ROqQi7MKwGl7BR1lees1lqt+GarWkmjTp05yTJ2zScElS+L8h6VEil1GA7SgQwwnsFP6fSNkTrhe5dfRYAJYBE0j/EErjG8uCAm81Ly9CwwwzzM7A2FTCb8YaiVc1ldIAzCO5B+2ZZY34iPoXcD7lRiX8zupvkYYKA3Q9x9ZGgVUAxOaqqF4xpWnYX1aOCK/CBm5W0BNGCJ2fuGVqo+42SiXNxh9EWnWWI5bICUsobmMlYivWt3f8AiLOtZ3xn+YqGBzUNYDBHvmAtcDDI3Bo8ymDtBljgCPWcQmAjOm7XwLAy6lwIBz2YKV8Srgw9KjSSu9g33nSckn0IfIvPSGLrbBMpjw6vOyP7pbwkhZpvYrKcoUA1V6zh2z/xMK/3B8fkgj0k2/S+sUEN6l0LafBnNF6G/sTM/Nzg7zJ0H8R/j8fc3fqPRirJnF/9jI7e80Sq1Kwe0O0cqYRxUFQRkr/whsp4CHbZMi4vsEr1PoJCxiVvZiW4RV4pUKaWtiWLGBOAGkWgt5WCnkFYRXB29uKIbKVjcX8nMYCSJQj5M/EHWfDg0ij6tk1MelBGXS5fUN9xHTCChtfTD7Ybprcy7hPF/DtJjL7ZiucovduO7EhqzrC3iwygRyjAx2uDln2sW2K4sWjyiIC6u4LLdxI8N8rCZ5lztA36D2V+VDYsdpu/oLhkhoKit4NB4kCiCVkMQADNgFTAoXKpnE8osNYh7IQJL0bzJhLYxuo+m7cqUht6EI6NSpO1zFXSNhSid1ZNTXvyZ/hk3hD7/wBkZeYE6yql70grMDFymLgdYkW+uPR+Scrguu5NhFqzxOyw/cumOsob5gfENnzMxU7ysTCBLa5g3eD27afQUOnHwqC7zGkihALdOwDL6DyrIgX3kMwW0sYLC9dShzH9ehmkGqq+CpjCaHSZJaGoJlZWxRCOGOaGmDiIPtAy8j2fwzIN2LziQ0IYsyzUd5lLRKCJqICWXibvMH0huBTEzZ0VFh6zzqPMXNzpLtKlPrqMuPZZT9jHoKlZhNo7HWNChUdT8KOYfQQMOmzIJDAtM4s9/wBUNQpCTSZq49QQlxlWkjEaL8B7RhmoOnosbiTZmPwywJg+ie0Qa4mMIa4hrOPtV/wrMq2LXjBMmaZUXCJAzUsgrXMWjMzEJZ2Jze8TfdmGIiiIaivVv6Il3B/MVpGHB2mJuJN3H0blJb20AckBXdr7QZ5V2bSLcuFQ1K+xd9PImKKUkRsAsMCrtalgakg9lv2xvWpnA5hrzCE1BhCMCYS0ILE6VNQMQ7lJ+GKHIJYnC3wv4GEBMjp/hK22OvLggcOaJWSJfo4siMIjUsIRoQH1Bq2DDtFgqdyDXozdx/gh2nwQ7gFVAzCMesbXGZIrbyC+cZbcZiy+6rgQbnZJakbVi1arFTw4PlJZ0WV2vEwtn6IwHW/sJV7gRKzFqMENzQw0xTodc3sLlCxMNmQPtHTWb3f+Ee+d4NfuZrDb6KabjumGx4gEl7jdxAvLtm5apWDTUfT4H90WM+PuUNx21FiMfwQblXMriym0lgXkfxaLaE0bNQhzkhSGhvNWBmqaADViiLRs3itrmO2kODFhrzIWUvU6WqhBoKQrBt9uYrEH0FVV8Kht/HJ9v7j8RT/ixVrGNIktDx1mMIbzwxxwubojiGrvn9wPxCOP8Iot4A+2X7Zmbk1+kLuK0YMsznNzpZhgQxA1jxGoUV2YuWLLQv8AvLZ+0VvdjkMUD0pg1k7+lamF7wW9/fCMyw++VxRK7H7alRiAEcBzR/BBfRcXR+4uWOSrz8AQ+l3Sr81jcY+iD2Jmdpp9Fh9GA8xyEp+Fh+P8GgnDK9guOjtq++Zm5u41xKr4Y8wb9yKmOUMHdZ+EytllGNWKmXbiZWyxDdU+iOtkAbqAQSFV6XHjt6E2+omn/wAzFppZ4vLxjxKORPbYYwagvFh1WUO9RDsNfAWCv2jtuPpwP2le5dYL8SG9zRAZTluGatmMB4Jz7W+bnWIxIOJYjrGkwp9FSdYMkM2zHkONHwvZf8FXrn2C7fomMzYlrRbixHX8RVnpzDfYlFw5xOh0mMCbH7ioYYqYEuQdv6Aj4mWJgbSuZj08Qqz7+gcsqu4/AytJgIBYSzbkqVaotJ4UJVEhTfvMTm8O6uGveO/Y/Ei4J8U8xfpeNyN/LSKe9x6bpVtnAKXz/Bf8JR9P2Ema44pEeBi0rsxwD3gKt1nob/ggitir5wIqisMpNV6xSsgd5kcywsjqOYWCVudUwVBRFtn5JowKXO+f55cipyQDgUmPac35nOukbYdwQ2Y9MLAcaXDIn+92js8o7F2PglJMHJxZdjB616qr5YPK/ufpTNpNncE9NqnXj6bCR3ddYs7w1nrLy5gMcI7fcTQkwF2j68Xu/gvc2+MP4iY9mW6mhcaS4ualVqXZIYAlZphgCYGcmKO0Il1HhcQbu5H5zMoYBbmLZWiD6YbviVGIITCszss/evkZYSirvHzCXl2v0d2/sWH3MgdkIb8siwbX0wwPROuX5fou45iQ2EvISxeM/qcxSrsbPaOGIOpSXmo4543r+AoB4O/AfbBQOCMYvxLkVz4KIx1DohVTSMdXHaoGm5ohw9oM+CH/ALCGJ10Mi46U3eSyXKMRazEaLjm4xuvQ0XZPzSpSWXJj7aZRxs4RjmBAncu/Assz1L85gv0Ns2ZlHPcf36588V8y1Fc7g2hgDVj9wEtifP8AAanuh4/zjv7jDBYio5N7lqmc1Btl+hCGRxEsdZ1jzUzGL7xR5lL2oG77RBNVbABe7MoRX1CJMwcekiTY6IxSk5PsXExIgxU+f3viLmMLmoIES/PPwK1CgOgRa9a9MU0CG66iOERTYzHhJ19ZbGxPj+A33Qh9oOiWCmZNRNwXhlQhd+0W0jluY1XM5VzEtXQ9NLeGFcwKjoPH3D7+nykqoeY6Lmj2lN+sUFzaFJVb9HBupWXkVo6MVA0LhoLfwYLF9b3gV7sWyyBWFt1Dz1axLcXTptpubAbKXdMNXjaKwS7vaYq0Rv7Kohyh91YXuwYPw1monTWeL1LmoxNxIleuA0cMdPor1Cw8x4Mb1Busft/69rNZfAWxZuy099xyqMv0OlxcsoXBrqwpzFm4jmXiAvDLOdQwexFVzJTu2bBKboRmniWTDh01K0lYjE6SpWKfSkZlsYA6XZhQzjZY62V/FRhclbDsXK2xks3YGGwK7bFqIRxiHv8Agi8dp40/lLn2Z9pfEqLLv29GyCpdGoRu47neG0ylCdEOTDSp9ncTjgATwL/rqQc2nbcYrNgn5YUhwCLF9JcT+zHpVtnD1lVDHdcV+CWuorkqmGrSVn1/AjbF/wASwQIdIPSX6MMZ6y6zHmZhsDnxfdzHD0pFS4lqFAQ05M5x/CioLOkNrU6vgnWksudvpVzt+GFE6pv0Jdehu4VQVCUrMU7AJBIaHMW7E2RgCXO2iff6f11Z8t84fQRS69AhA8yriMGavOZau5iWTnMCJRdzASfql8wW3cMER679Ms3fLL3HgOuYY1k4ZuOMxImotzrEqU7iXD52/wCKWjHxgLb2hnKCUZlow0co0GBRy+Gz7PBIC4EWKhqwquoziXZqWl/j92ZqDcIVU1fotyjLDslt+SAWmL6AHaUWK8QoSdAVu9/60ZyffXjCHFZEzKqAhmcJRDp9zAHrPqvoRRFRudRuPGfSKfBD6L9kWLY44d/UuraWwehjHUYWuJUYdkydU/PF0JugPs/mzQ37rCAaaVv4dBaM8ZHF6fmsIz/0uN0X/KIaF2OPaX9DM0xLiei/E5pSSODTSei+3pcIK+IAYZdKnf7RP6yntlB3wIUHQIIrwdsR5eywOLi22y5MrgrDq4iVYgDBD25I0G3hgxTAwwEIVMld5V06Eo3/ADVYu5QlsDKViZst9pfSJmFGB+Inrwndlta+jMPo5e0zbysC7TFsLSKaFpQbGdWRCkFDTZsBT3I0ZQclFDeqDoZU+LNtGAf3L7Eqqmbnep/Y9Urmbsg3EhQiM0gl73/eJcjh2bI7dUyCql7TrVQALgpR6Vkhh8n3rP8AWcjUXjT7YrCF9KlLCFp7su17SmfqX3TqJDPeGqWarzC6t7lgLnLxKDMxGGSZtEzZZmKrgH1GBaJo4uV6WkGM3Kq4ZjMIb1us6WdJtrS1o7OBNikmK4s0ZJQJ8rR15r7AoVtDh2nEaOe4WlK3gjWnJAhswSwsfbUxIPAnZEfkIcvosSECoqSr0jE1pNHVFLTJsjSrtHUUL+GXkZsWWGHVy29pXgf1nO1gH2y/bFojVuLQdpimFUmopcqv1YbEq1Du6YCArcHGNEFm4KCoASZFsTMbqOMdZ4/W/AECuY0ckNiFDmXEo9ErUBx6C53m6lz8/AWBYSvz9m1TO7QTMqsIbr7MrLXFmS21t4wSnd/MKB/puGHoEu7lMfUMe/rePssdMGFzBHq5ilb69KiuOPszP6s29M+C4G51XyrfQH5hqNXBiCvU45OkoJLrnEzTLrXMW75glg6yq8Kmc4fmamGwNZlPc/U1KzAAM43ebLlYUbgmz/2LqHR1iXU6sSdoN3H6nPgTOLCOlqCvVsHkCkRoYysusCiotnRGsOFVMRQab7r9EE+bSYaQFY9BxF7+gS/RKgYXogaYpXdxiUD/AEiOIZHeTtdfSAgsAj5/qrIOfZNx3i5P1MwjNUgSqmQ9IxeJd9oFxikHh2qYexmemHNxOfMKeFTOqzFAbFkZPbjvasY4mKU02QzkMuZypb6NmGWZNMep7vjMvnbl8hn5pTcAVbRisKsYzZkhDWaFUXhWsUVpNY3FvqNjBUAaJmk2weMYSy49GJDNelSkiKiQyn4SpRWRkJxEKucI8S8TqQPtB7H9Uo+vt/tCaa7QTH1OVcTVNR4qUUDhjGzAWpmJMxb4g2l8Q0xLLNhicdLn4DHg3qKp5fwLHaubl7739R3iCoWIzGahxOvtDr1YxSCXfAz/AFcBMTKDdBM9D9zlw1S5a3VdqtQaYTkZcTxvtghL2fj4q94Zdw7TBCPpu2MYJcq4lwY4qggrlVD0h8CXv6r0rf8Aqul9DwYPom1zJqVUzItwZqC12jVu0vkhG4eCWHpAJfEyzBjMAVXWoXp3Z57+4GniE/1D4l3thGz5/cao95vHYgrFUBgLFvmF4EbTDNpbeZXJBc6NCVL2q0FBKXVBWmya1hGlG6XRgFS8hG21ri8SI4DL+l0VKzcEO40rziv0tTSXySNeVCzuWGy+ECprPpu306Qm4kRT2lIdZpAwwZ5gRpMtSscWD6/H9SfTKx5xSgAcRwQzg+YEOqm8s2tuobY2LBwlKrMswBHMFwKMtlZIrQ6EzC5cTy5D3gw0cY/EvgRGJyrSsRZtm/TsRbzFjNZZnQ6To2ZihWtrTIje/cSL2lurR58m44R1aw1VvsEXQvNv0I/CaFSkC3YEeC7havupcfUDSMDIue0xvRHw+oxjLgwIxMzMlb0WXovTCx0wNXwLr5llrof7c1Dt8sj9Z5l/1AgHa+1j7MVpnaONw+2Jl43C6vc4BDRerHUdXKIEmTUuLZlRKAiodcTk8kIAO2HLi2eQp+RPyPiDYqJQiYsbgolyrxO8eYFmtES24suXfvHHW/5pL3EsgspoDawfkcurJBaChbOQWxLlwhQoNvbvXs0jGf7VUkaRYzmXbL3O07y+0YyowzCM1dRFLrUegwvrqhh9pkpdw57wV8+3/wCo8nYofy+2do7Sqt6M77XMATImRiphbs6wIshcnFw6dI7rDYjqN+8xHzBjflDYOCJO9IAWtQNQXdXCu3zHJg1VzidZqib7VHi5VajZMtMTcp4PwSIbhlV+x575+KS7LXPsjK+VWCbMaVdIvspehS/S+f8AAkyW6r5ITXoyosCmvRg3KpYoLfZ/MwYMrltPcY4zAsvrL+cGfP8ATwX0qWldkq7uX0m6jCj0nROJ0Jg8w9YQVL2YygW30hvEGTUMrd0Qi+4SoohwESfMq5c1Fdlzy9+id3Mox2lDtdw42mpfWJE6zKusYoqYlX6OKiuZfSznMLVnfvD/ALym4ebaRrq9XCDFe5akv3jg9ArUF8gj0Wh+1QbzqLF5j6MqlSpxGJcN3O+lzFhKuwgXFwiltBEo/pqJ2Z7GYopuO9wLjOyWhEVys1FaWVxIdWPV9NwsAvcq5wdyK8krbd7f16K7/iXb7XFexf4IuGv9uUvsqXdukaHYl3GsSlRerCbGppuW+iWT3nb6Py4ciOXJgcsXVax0h0M/UP8A8ymIOVdCuhEXOVz+WOzfxHLI5ualwZQRz6blFRxuOVsBcVztQwuju4qYTXDn8JD5m55/YP6akHFPvm/RBQQrmLC4rjyg4WLmDljoTtMGM20jqZ4mq9MGbhT4lg09MzeYCyaxw8zf1p8y4x190ZOHkfiI/KAhbqw4JXRdTzay5BnO4z7IwuLc4z2mzBa7zpFhNNBdmsLTD18/BlR3OALLSYuQYS/UhDycx34CcW00UvKcbjbbS8HosqEYbv0tiS9tQ3GCoceJt6D1Gn29AsvCyO/zf/S8Aronc7Txo+oZozJv0rOSYr9IWRts8ym4lXLzcbadsVMXMBYPMws53DRXQmx7y5KgsuAIrp2gof8ALVjVoYlyQHOaFmuY2MX5lXuYR6GEsWJGLzGkZVoPNPpmJ+PU5Qq8EXkrxqW4JRzziWkpI1iBF/qhDGBWzELQ4FattZ9MgBQIs/aGHfbLPeR81CqX6ELuN8SjLj5m9SmC2wglJy6MSmEAPxQ/DK1mMJOGfusz+kppoKecY0BwTaDUrPQ5WDRRG3bv0PVneH1hqVLipVQvMBRc2X1Iq29ptWA1iAFhxGwcvM5SGCcA+ooKDUsr0IXaEVdmVQhdZuZAHnmHPvCXT5/4DWphHvEWFUlsVFPwV4LUxeVDSt/0QmoW60o2vo4MwLIZFIMHHbcE1R4X0LYI0Ew7FFulRca8sFOiC5BX3ToL7VLde8h+406vJJmy/K/glr+lT/yNlGfjMchXuESZfcir+5spn8ax2FHiKMrcoMyMEq1jI0OnDGna9oTnK5qQ3luOIk3q1EDBvLMov+jViQlt3EzLxmZReIcsdLUKPmNGK4X9pk5guzuS4je1x1gBmFjoILaXDoi5faNvZzHh6Q6dW2dqD9BLdMane4srRKGYUlDF1UU29oWdM/MeG1PAtxLhPhwrw/tX7jwU8lHRR/10IJV3eVj9D2bL7qdYWhlmsQv5EDAYEXq+yJb/AB60QxJrueV3OyLtuomOyE88UnF+e3Zm4lxvla1v+8r+05jfR9FhSsB11TFpfBEtfnBd0e85BLggyfAQN0r2JWLJ2VPMK6FShnZ0hU/GhMjtgI0y1iJ/lLTaa6TEx3jr5Few4fEJtgD85/on4eh9H0bS+pqhLNuJUvEOooXFVZ6SsR5OkeY7a0wlMYIPgCzYg1qJZnmZLlb4tZoHs3ud2PoalHEKbaAjArx1UxHn7sNPDytlOl5TAGjxQaT4AlmPeuPWeYb395bVN9rg2YqQfVUXnC+5LqsDzFxYfLNxPs2IZXwVFrVqZbscswIlwWpX6H4lDIPiAm4xHY8wSnuzl2iEQFPBFN27agVfmZ123B02TYuMoYbYYLNS2TVx1ZBscy0i7UwUVpjo7J8mH9CfLlr8QQ55W9VysxlWvYlaXGmJpRhlNXfWZKYDLK+jPmndmZUEO1wUYK8rgtYfJVS+QhVFRKOO8SOKtKZYP9awydLsVKQAeLYln7GoCwfaL1K9pBosX2JUhTvmLCvssBFDC4H7JQoB4CXKqc6BXWa1DLDf3McOsxRe8o2PWVCFpEYqyPTlMk4hpltPeGSOst5zBzXlhzfrN+agzwgrvvG6RXnqRpUjzFiCiRwLexDZYeZn5VR/Qx8kfxkllg7QLlVa4qciZlx7uYNPMwLMNbSd8ztvGeziVQWXO+ZHhhiKXKrdXMSHTDCD3wR51HTlwEEoo4M4ZW8UKPYjdgPSJucZ8yte8wjzE1cMwCpS3gInshjHUiXllIq+52QsK5iwpiiEWxXg5jGndtjsih3Vc0S1dTDt3IkGz2hwl4JQ3Nj1lU/nGUdZb5RMtLY8IOXSWoNtxs31iozr08oNorFcWS/2nHgVbwCH9AFHVPvkzFsqEZmxIWciUFEi94rhLQEwPaFLEzx0g6sg4fEta6jkrlmVjUxRk9S40r3IFqLr8sNuzH11/cwlDVejpcnH4vTAg5YtHQfQcdmZoY6RAExGzg/MHBC5riC0l7TF7x6piVO7BgYGkIyeLgV7FfuFeekUFxsVGsdJc4KNdIcTNYGknWGUX4lCnn0ICK1a7zCi9IlRJSIMSQ01EoeGL9sOAqK7qn3M/wCfLF/94BXRNozvnX1Dayhg4hmSqYJKzr0qb9t9IFODJ61ENXGh4Y4vEtG2dUHEHrBxDA8lbhQVuGya/UoAysVp+6lOYCOthyL0IbpjIDPvGC1EYfUxI/F+cXEQjpqaHtLsTxUbZ6EXFd5VQqPiWE6sGBe0eXeGtxeaiDTft6A2KeWXoYmUY811IyWiIuAjvtIGk7IvfGbj34IKV6sstQqmYmIs3CCK3MLVmFLzLCR13+1P/fK3TUfRmGJZhiVDV9iByYZHiBRBdxaqpuHSFYdbYLZUSjMGfaGztMt9GGG34lYWVyiv4Rrbl5l1L6MeHtGBNv5Y0DvOazI8pa/eJZUAvtFrFcmYgLvOe647v2jpesoQDVdGVdVLU9BsDqMvBxDFO6K4XmVm5ykT6SYXnFxXaVePRjHe5SPeZBUMQ91zG/tnvHfxzFF9BlDARxVRUEvN+YfvHccA/wAf98Lm6CfiHYaRJpGkDmxTOVpIGWBd7ROkxo4gZzzMtyn2ju8wNt7vEAxmOHHLuPE+dc8y0td1HKukNvhjHzlxOn6FjFDqw2zN2es0tQ5qELnMyo6M1N4SNXEz2VF8MbA8QLPBqYYwHhmx5JaPdFQJZWeZm7JcQsNzuls1HNRoDMg7y+kGzK9iSxvpC1nKRcwLVQsxVqbeOIZV3g8lRamDW5yB1jyS8Gix4/WtBsv/ALq1yYntj+bhpXWYpyIKuVnXWCmmOUSPLAvoRZSXSxOcSzcFdmWNDHbIN0HWZrPeVI7RZpI68XMr944jj8EckRU6TIR59oDm+s5C7MzKveLcUQ8yxYPWL7JDTwmre05k2IVwXLNJ3jTmdEVa5lYTImZWI26xDGovIQTWLJPMVF1Yyi32m3cjtOkzXcQCspR7kv5QWJcvaMd0dJhvUOtwuGOs5Jym7x/cj/tBnnSWoFy7iTTzceGLMI5sxUY9BeZSXr6BAwZzEupq2ZiKrZWytZjCNZa12zc9o/coUDiHWZGeWKp7MvXZf1NJ2iNu8sJhnvM4H5m0uWsWBVJeczZsfEN8+0wvxDFmZvARxvLNVALHaVgahkfaWjLw2zqeIlGYp4+hqbKrrBAubgIhZ3cSwm7jxM4imoWti7itqXcOUVFVMy1mk7f9uvN/Xkn1egwRbmNRUEGD0PoOEtySlJ0nB9zZe3mXDmFV78SzZJSToD3ga6uowo8OI45L+IL+6OqdbuDVRatq+IR6C3i19EQwgm66wmEWzBLuKaa+Xn02Ll0wB13cW/JBn0mjpAy9o8ruzanSCwwWnjuYgZJRHggEKjzDdzXwi7ebhzerMjfUiQpsYraa6RPUq5ZPaDgebjBc6TYdUmIgAuJ/axP+3SvoT8mK5h0hwdJq7mrxDqaCbxc+m5Uu5Vo4mKEpBOpNS9zF+JoHWB10M0uph3ZmBiZFxMhVvUNXlIh+hjfzKSVuGzTGOZVxgdxgwvVi3jrUvb3mI+GZDE1uFOksUgwvSVSEzBtXxMb945XgBMsQtl2iyi+4goT1YUN4JWf1K+Mza7RzQZzMjrbK15ILmuZY+CcTvBimIlPxKJWmmNcy0sg5oJewO3pJTc3jfANv1iZTEB7Cz/rIK6I6/wC8a+poO8EzLkVjfWbx3660vVmWaqYri5YqVZs7i6PkmfExCLIOZe6nbG51x/mbZl1rkFtS6A01e4DPRyy+PpE3eMyR1eOsNRSjtOiKFrxEpgqeGGfiLGJr6R1HJcW90HNMxH1lFB0gNzSLCsWRxBPRtfSVh4mxdAloE0QWHeXo94Sa9kUxcAUR5zibZgMpvDTUzQvbFb+5lbiuXTbSGIJ3vPqfX/XWnBBQwTSdoahhDUUr0n7nKP7lwNe84Fek4dd95VIuZfAlCYnvUxZ1+MQVOom5tUsFfSPNnBUGM9YhX0Y7OENXfLvMXiMZUzFiAY6SvtmdrKLb5g3Bv7iWEVAdiFdcyk+44iwViqnNRZZSh6K8NblZMOIbtxEW77QVGR7y9vbs0VBdwTF/EVoPEriohnyMaECloZPGomkVJ5m69vQGzsalTJKvtLuu03eGUr7kSyCvdVwx7X2H/X0poP4oqPMM0iu5vBaWb9FyzMVD4nUi7elxqWtSxuWIqoG3H7l8eWB3faDECKtbKqVWu5iOEJoazHZ7zC9SI8h/LFRLrccMdX3MMokeMdoXpubvyzYiGColTtcGT3hm1lqDxMrYi0xD3mReIEaBgyIV16TIbthvLqwIs4gEvCiWwMOHcRK04YlZYK0gLo1UUhpqBuCrVxazGZVMrmQ1Gp2JAzMIWzwniNf9ZmNhR9H7iksjC2egzBlGucWj2g0kAmt8x/JGtyyk4AqglFGJSw0faVuK4NCbUKDkl8E6wxl5Jjr0+H2Mauek1uZQUZhLrr9TCLB2XZB+awzKIuIbbXqxwA1mUaiaTkgshAm3dUAB3ZjmURFTykVb13iAkHVbzHNJtLkwr1hAKsix5TdS4R6/iDt3I5YjPtFnxNowCxhmKGuGGKZiV3jtZYvYiG4toQfIbJzpZ5TP/SDXOwJV3BlYmUXqdMYrHbDv4gDtjh+JQJBdE78XFlp1M1WNQd9pZVHUGDrDnHEIY6ZgtKYbdpsVtiih1mTKfep9mGhOIO1uG0l6fEKMr7zhGhfaX2d5V39CMSOrAgt56MotcdU6zCgix7R2jvEFEG6RXXSGxqClfpXWZeR6R4JsMdvmNAHSK+1iU6IMEuMxXk6kbNRfTUzE072xqiNSYVMmDjHMXPug1COrmFXLXZU75T/00Xsb8SVxgLyh5llQpvsTGkVizbAE7xaa5jWopAUHWbB0h0dmJHBFhIKKMagrPmdPaVUHEMFGqgNfBX1MPdOa5f3ukYgqsEGPvGtyqPSCUMd3SgvELBm+ImTtBc9yBT8QafBLzxqBY9YFvECkmTe8yUhqBc573BzSDknEYI1NYNMOfKF0RC7dZgHZla8TkrcExxmOqTZUETSCpnmJ+WfgMIDHQQgg++WVwv0yqEnG4mh/u/8Apx5wJ75MdL2jy0TZ3hgYqYTqRaPWdmo3ZP2Ziqi0t7IxmoU9EGDxCwj0mh+YGF6RwwcIJVZgwOK1mVZjNxZLjCBSVphrc39jKpC8RhGmODUyCN3rRgnxCA46BEVUcwzBT7RwRS+hORYFg8rLnwR9yEcdBlLKi8EMjFvvUsw6QAPSaFYE8pdsOsxQZaDoh57MoUcygbmWHeU2e2YYbi3cu8diNpjUNOiOj29AuVj3htLnHo97H9phnP8AzEK0D9R+rb2dQUGN6hKaY4OJWQmWWIplwR4g7glezLwy9sV5jXrmO/E1l0Y4CpcYeQmcVBmeJozVOusqxiDValTGFbriG5yf7xr8oWOYGEeI4gY4qcukGFmFV0Lmp/SC78S6y2kSyoqDzFapmWZW8wa8MyDDRby3MGEyTSUL7QYScsxs7SoUlUB1Wbe0aj2mTKLV0IqPMyF7zKveUQeILslb9poSOINMva9I5U0CLECy4j3ml/7zP/z6zV8kJwRNzO5hZFZmOLWAEpBCqYuYqMNi4SUL4Lxy3DSdTcu7jnUwiZ7JBp9O8qtHEzbFdeY0AhCF2Xn0rBBY1KhyK+CH8EbLzBZZSkvEUu5gX5h+SRuraqCgzU1cUHiokRZcd5vdTC2qxFpvVS3Pf69BUA29poxrfaI6m6RWvaLLxKJAsHmDJ1uUlsWRGyznNwN3MyNCAu+I4HGElcnO4FxE1n0Uq2UxhXxKocTgMMRuVnKT73/NuFosPojtLFiw5XmF7lYLi4JcYjwTIi2swXN3vHp9dYlsvEd2INjDFUUNJv4Zam3iYNdaxOHXH/krgd/U0EsYUuMR1NR09NpfvMRDKQMe8FW4Ac3uL6JhnNdTA9463LmdDvMQ7yn5MyiZtLKw4I/slb6lymn39KxrUWwzDA7TR3ZyqZDuxjHZjm6EGiNRA5IG76sWHvFsItFdGABPfEckHHtDR4mE0jC01pzGkruTMFZSEumaKUe9fYQ/5ZJwUeMfzL3BUUFzX3AwQtWyqHicJwhqBcdIuKDcweY/qCrGYK7QX7IQtTJWoM9BBYOYrBH9w2DtCYvUoWvWZUDEaPsmp6B8wbcdY4DtOMrMvGXfE1Qjyd41lgiptzMFGq5ao9LjIYo0uAI257yiW7ti5ZYr3IGCXXuygzC+Z1OsdHaLJMrGwniENrPbMyz0nGJXE2XUlUqMXpMQPSuniArEdQMwNRu5i+YC0mroT5w3djHsLP8AiCOlZdR2bvy5Z8ESLaC4rlwFEzIYzLRzhmZxdx5zL1ZMxfzAuyUzMIdq9XEN4mZtzAwSqj0ZpIbx1JVrFkt1sZWL2ZQi9Jc/b9sANuH00VLy7k2ky9kFL6SVfEwjJ9osCbiOqgcOkVC9kavkljG4vqRskaLJX1Np2hog295mQtgcTZKyHGpiMUv7M2w6UihgJyF0xW7ImC7YFkz+pdcIYPaCFolis4I0iyQKmeOsTT4Kln2X2nj6/wCNdyI9jLFGUROrUuCpnrtHT4IwLlcTQYdZl4QVrvM7EwfExTFbqUZipDxHh5lbLlLV1j6d/Q4fmL2dGOKm+wgzhzws849HKoKsjgwlzDwzEM3TcwzAu3pNkO5mU3F/BMVjpFmkHPoc5dITNvrDBKV+UvQgYvpM6MM0VhcPWbBLA94l0E3EyGDncoDttxLWiYCBZtgUEWzKs/M4DpOscvBLfNTmnrBlIjt0/MvYdWNQ5I2kD5Zz/gPGZ/MN3fVjo9O4QBXVY5VnQi6izNKhcXdr3KYILP7SpfJJZvMvt/7UH7TN5rzDKr1Fi0gVvVrNfvETlVyil6zcvXHMFKV28KcJjK8UQzuMYGutTYjQmOGPHpzrpDJfdibI1a1AWQ0k6wQWsbiq3qQg0JhjfEHkMcsthhcwFpDXdU2JkHmUD7TDDhSzjv7wdVNiuBipWV905HSZBEDZGvgwQXtOj2jgzyzhDZ2TLMC5dg9CN3vVRziDmbvaMjg7F/lV/wAGWB03gw+phI5TYRI30nQnMuoF0wZHT0mgY2YgW7rE0OsUqGOxDcGYXxlTFWXP75kFxeYXwQoVJYalCL0lfluYpKHGD9R8qc15jz3cVw692Xk8TM9yE+omztBjzjzHaSrbOC2obRjodY5yg6zK4i4gyzrdZVTmGId2bQmuId+zFbmyiYPEuZ6hwvMWO8qrdlEciTpEC+82tzWLzcAY1UoXrUtBFLaphlL4tHdnEJO6yzEZeiUW3VQC3KE8mSDU/LJb6vzw68uCVFVojkIskvIxbwh3MS+rMMwcsG9TRl6QotZHiKSrsgUK7TSm5r5/EQ35Y6VYUlnGrlUE3n1RqjYOv36VgXpCW3v5mk5rphS3/arHLEom8/aUKvSIqeJYHETcaFwnAYt+yLnlhJF5NXLlMwOuZsIYPeLR3RBfYnMhdsYNgzf2ZWg7ErJhjUwToixgtyyhxBxXWAlOLm4S3FiyLatEWHxKszFEbxDz3hLb5H03bHia52zE5ke5CgPSHdbB9vVVi6zxFh2l7neDdsLnLUrCJEqhNIR/cFVL2dCXYvmoVWPAdpesbSJjrTNJcTdfJUDA7Qxu5o95duO8KuOLlx5l6/MxDay7uiUlw/HKYe808zBZzNECO4SD9sV16SXVywrwRtI4DxKuWx1DuPCXQKQW+zBxDct2kaiF5RqxK4dT8mDs8y6J1YmPZMyMqlw7nHtGle7LR4++bhmosz3nQ1cTNXv6mt0nE19TlM/CJ2q4hezOJvtBQekwO83TVSgqK7HiFe/uv1qTQnvkzM7sqxjYXKsuDk79Kr2IOzxMBWLM2+ZQIignRg5q2pnzO9Tc6QOkHSa+137zgvUyN9o/oYDMijt6bi8fUTT0Ix4Ccxtk4MeAILSplR3lrNzi5jp9orqouJeTvKS67elzRUyG+Zx7Lnb0IlGoPhBwPBUaQe7MPiIYckNTL4QWLFvGptbEo9GDh7XApwgQ1zFExg7TIdjBOQ6M6QcA1ORHiLxOTrCqfTXzupVuNUTNjWw1mFo6fDDv0ggUb5G4vrRBV3M04uPdfT6VEjBzWSuqnFB0oPun9spm08C/hqOI81KyopRUQQLx4hUt6/cWPaI36MTM/JGuuKmJfWAYKPeW0YyTDJCFumCbx9SvtEN8oWO4TniGvSHMZrWBTsWY9yIYeLqPJUVY5I6CaeMcpzLRqZFd4KuHPpFRfdm5EY0rrMBrmGKJYrw1CZvpNPpZYV8wKtdoso27S9ncgV92FVa8vHYJYkq2D9SwO02vghoj28ywFbgtnYlykKMNX6OXvAv5PqK7Wau8qBTPMbvipeeyJZFLk4m7esqV1HPSZfz7sPyf8EwnoAiLbve+XEtLn5+nJH6Y6fgS/tKglJ1MwJFJMrBlGMJDuzEYJfeBREpiMOrSr3i9S4YqbO2UB1mWe01ijPLDe3jRmJbymDZM3uRvTG+k4Pf0q7mjBgmcJSJgoL3NNS4MMmOg7k2/MGGX2lVHW/qYyJTDh63B3DqoJV5gpOktolB4BL8N2ygj3hjLNbd5aybkmKun3KyxKXxDkJWiNlGa5CIUCBy4uUXiDN+YGSDTdYiYhxKIlqOxW5lLOmSZLOsWmC4S+/ryl/8AJCUy6Hvr9YYKvRbH/btFWjzh+8z9EPa3qdPaBklEUtqZDMh3ZYZgWmN6ocTaERh+HWZVb194rftmFpsLRFVw0DiJaK95sr0ZqPeVLPEuN6fsnMNEW1iceJqd4NZqbTP3pkqmcvH1zTLNS9BkqUC3xOb9eYcjxmC07L9yz2JFU6WQonmVmWySJ3lVOJhrrG73QVPeIIX3nLpdToXiAXiOFSpF6kQ+6NkTTXzEJc7YXpmmK5XmfvCVseT9xB+ScJ0grCYgxD2Q7vrAgIalwvVlgHWAWOp2lbYE93T/AKysRGq18jMNLqdf4sS/ou3W91THFeuL91TTKLXRir3jQVHVM3Hj/SA1GdyqTvB+Kj1mDnrBpLgZjoe0RdOkKyZslMHX0EF9LCBoqDVDNUqVS7Ed3BZKYSHQbmEzUI5gwIFUe0OTxLbYM+YSw7ys1KF2qLPmZcbUdpVQsMMtMa5Ii5eq3GrozBVHeUGG96SGqmh2YyNvG24YRqo1YYjqy+m2UV2iVcyDc3CKNJePiZ0iUPW/aYOIt5dOjaKxK/7XfRohKbZvN7lZFkb7/thWu/2fBZLCVOpmXYqYBv8A0xF6RZaxN+wlg44isDMGu7DaOXXO9RZh1ZDBVlf9yxN+Qgz5QjMk8xLipZiulE2CD23UdK4m0BRcsEUnchyQYTyyqo3ZMvNEyVsZg9sEpLF0yZl6e1xzXeOSdabHvFx9UiF55uYVCimDZ1I/tNB1lkDOncqCrdCYlWJcXhYAoCQdWRyrtmApqdoik6w3+8K4oAWsMqtNBCvv5cfPe/LMkh2oSnq3dU0NaJRM/wBAglMsEvzP1TVo6H6QS3AbKfGISqi2RwezmY4YNJkyu7LjYvHL0jghYuCDSh1mVQ4PKy1TwnypepVt6seItEcM5Jn7Uyy5gU13jWWYKYlNepBges0HWACPZgaeYdGJRtGF7jNvECvCXK9aixVRN8P0qaA3Fx7xFnd1HcFV3SQafqUoHphmdgyig0ERZHzCtI+EwT8dKl4nNf3L/TzI/OXrD/iCANp7RnLchTd0JfK4HNyluMO0MuECBCI6/Pn/AMlf0lPQastPDsmf7Lf0xY0CaUr7Nn3LOx94Nd4GtkTjMJSuuplLZO9yy5fiYLbIzrv5qZ0nE6JlftBRCG2JKiPLBiYK8zSoKuGwmtqp7AfcGrmE3jnLHY8RWPiOXklLb0lRlJViuzMFobbs/AmSzzJRMuKSWPuv7YZv3uOcD538wbPZ4lBflRhld7DCt7sOKDpIMQB2K/416Ub3vGHpVDXm9SDKUMb9k+P60JQCdHMtsly3v8S+S7fP+3aNpAu/12YYpUdc/G5YclXcvDCwYh5r1fhjtQRWu8NLcyglWiVX5l44mf2lDgPedmX0SjMvI/EZW73py7zVTF7H+hYUY/72oVL91/gJt+F/YJh/EP2pb+3v44Yt9iOvv5kEonesGA04Ia0PBX9EdXn2Rk+45lTAJY1LrqdYxfMeN/QhBUAA6B/A/Jvh8tx+enL8LX2lkicivhudOY0o4um5iDWB0FMzuWkgnQk4Tdxuvp6xW6MeARRWKIapd27gwTMgYK4k71h1AeBDNADoFetf1hEYKnjD+ZUFJ6hBxXpUPXaj+FxBZH4xje/ZlpWvWvW/QE9F8DfwCAQaAD2/g6YKorx6Khuoleg/8mhvsXX8LLlKHZ2PzGlXiuIu0wOx/wAX0b7cPr+EKHPYWRgOd0PZ0kdDO6C6T5Jku3rL4+wIhMEAaAwH8N0uuHbOOkp66H1CKDK9tH8LV/FuC0785E5ExPzD13JAeUD8zFP8OA/+Q3sIQy9X1ApWC9EvuCV6K6Lu+j9v/kk1uuA+WPexrmsb4zin3UrLvpA+cwY2N2vlL/J//8QAGBEBAAMBAAAAAAAAAAAAAAAAASBwkKD/2gAIAQIBCT8A6+GBokWN/8QAHhEBAQACAQUBAAAAAAAAAAAAAQAQQGAgMVBwkKD/2gAIAQMBCT8A5P3/AE4kbpEZZnJEbhEfFUnxrwlnJHQzrs5IwzO+zPp3/9k='),
('Instruments', '88-key digital pianos with graded hammer action.', NULL, '/9j/4AAQSkZJRgABAQEASABIAAD/4gHYSUNDX1BST0ZJTEUAAQEAAAHIAAAAAAQwAABtbnRyUkdCIFhZWiAH4AABAAEAAAAAAABhY3NwAAAAAAAAAAAAAAAAAAAAAAAAAAAAAAAAAAAAAQAA9tYAAQAAAADTLQAAAAAAAAAAAAAAAAAAAAAAAAAAAAAAAAAAAAAAAAAAAAAAAAAAAAAAAAAAAAAAAAAAAAlkZXNjAAAA8AAAACRyWFlaAAABFAAAABRnWFlaAAABKAAAABRiWFlaAAABPAAAABR3dHB0AAABUAAAABRyVFJDAAABZAAAAChnVFJDAAABZAAAAChiVFJDAAABZAAAAChjcHJ0AAABjAAAADxtbHVjAAAAAAAAAAEAAAAMZW5VUwAAAAgAAAAcAHMAUgBHAEJYWVogAAAAAAAAb6IAADj1AAADkFhZWiAAAAAAAABimQAAt4UAABjaWFlaIAAAAAAAACSgAAAPhAAAts9YWVogAAAAAAAA9tYAAQAAAADTLXBhcmEAAAAAAAQAAAACZmYAAPKnAAANWQAAE9AAAApbAAAAAAAAAABtbHVjAAAAAAAAAAEAAAAMZW5VUwAAACAAAAAcAEcAbwBvAGcAbABlACAASQBuAGMALgAgADIAMAAxADb/2wBDAAoHBwgHBgoICAgLCgoLDhgQDg0NDh0VFhEYIx8lJCIfIiEmKzcvJik0KSEiMEExNDk7Pj4+JS5ESUM8SDc9Pjv/2wBDAQoLCw4NDhwQEBw7KCIoOzs7Ozs7Ozs7Ozs7Ozs7Ozs7Ozs7Ozs7Ozs7Ozs7Ozs7Ozs7Ozs7Ozs7Ozs7Ozs7Ozv/wAARCAINAhsDASIAAhEBAxEB/8QAHAAAAQUBAQEAAAAAAAAAAAAAAgEDBAUGAAcI/8QAUhAAAQMCBAIGBgYFCAcIAwEBAQACAwQRBRIhMQZBEyJRYXGBBxQykaGxFSNCUsHRFjNicuEkQ1OCkpOi8CU0VGNzlLIXNTZEVXTC0kVW8SZk/8QAGgEAAwEBAQEAAAAAAAAAAAAAAAECAwQFBv/EAC0RAAICAgEEAQQBAwUBAAAAAAABAhEDMSEEEkFRExQiMlJxM0JhBSOBkaHw/9oADAMBAAIRAxEAPwClLdEzI1SCUxIV6Fn0rdkV4Td7FOvITTiFDMWOsm0sUjy1wUYldmIQkLuEljDlCkaWlTwbpioju26sxnG0Mx6uCnD2VChHXCmjZWtEYVVgE6pQ5NuNim3S2CLNO6h18oCZdK5x0Tdy4p5jLoObJmaAawuOqkRRWRsYLKRHHcgAKkjjlJyOhiufBSXaBOsiDGd6ZkKtF41yMndOZupZNE6pCU7OjuoGTdMPc1qdfdRXg3Usn5KEdKfspA555ldlTscdxsoIc2xyme7OGnW6lSkMYSmII/rh3Iqt93BgVrhF45OXA1EzO/MVKaLIImhrQEbnhqSO1KlRIjYALndI99z3KO6sa1trqM+vaOalyNu+MVRYtF051Gi5IVN9ISvNmKZR0NZWuvfTtJTTvRn9TBOh6WVuzdVHLnFyuocCAb9Y9zj3aIZ8IytvGTccin2SK71LyQaax0KefayjtcYpLO0I3T7jdtwlFmydoEIkLSiQ1ZSBITbgQnUhCntExgpt8P2m+5PuYlbogmiLG+xsU+11jdBLFfrN3QCQjQhJE8omsfdOtKiQXcdFYxRDS6uzWLsAXS3UkRN7FzoRbRO0O0MB1inmPTT2FpSMdZAia1yLOo7Xoi7vSJaHxIiEtlFzpQboozbomslBRmVRGkrnvICntCh98+iYfLruosk5CZM+qXaUoksvuuDlEEycbJfmgbJISppr04CkI5clulQFgpbpbJLJAJdclypcqfAFQ52iiyuN1efozihGrYv7aE8K4m7lD/bWSkYPqcP7IzrroCCtGeEcTPKH+2k/Q/Ez9mH+2qtGbz4f2RnLIStJ+huKfdh/vP4JP0LxXsh/vP4ItC+fF+yM6N0Tm5mkLQfoXio5Q/3n8Ev6F4v2Qf3n8FSkg+fF+yMs1lnp8FaA8E4sTcCD+8/gk/QjGOyD+8/gqUl7JWfEv7kZmZRnFax/AuNO2FP/AHn8E230eY/KbRxwu8JL/gocl7M5Zsb1IzDCpDHK+Ho+x1psW04I/wB7/BOjgLGxyp/7z+CpSXs5Zzg/JSsN1PpWj2ip7OBsaadRB/efwU6HhDFWNs4Q3/4itTj7Me6Psq3bKHLutKeFMUI2h/tph/B2LOOgh/vE++PspZIryZwi67KtD+heL9kH95/Bd+heL9kH95/BPvj7K+WPsz2S6Zlh0uFqP0Mxfsg/vP4JHcF4uRa0H95/BLvj7D5I+zIhuqlxRWYr9vAuLB4LhBb/AIn8F1Vw7WUDR0wjsdsrroUo+xPJGtlJC3rnwUepa5s9yNFf0XDmIVj4nU3R2lNm5nWVrJ6PMclk6PJTF25+s2+Cn5cbVWbQn2UzHseC1MVD8vNaWt4HxaikySCEHtD9B3bKDLwliOaxMR/r/wAFLyR9nTLqYNGYkkc46XQNhkcdQVt8P9HWL17C+AUxtuDLY/JLWcCYthxAqBADyAkv+Cnuh7OSWVMytPFl5LQ4TUBlmdqOHhWvlcWtMLbc3O/grKL0e4+7M6F1K4t3DZ/4LSOSC8mcZU7RIZI5ouBcJTJHKLEWKGlwnGaWKQ1UTWsjdldndbX3KXPw1iroI54REBILt660WbG3VnSssKtmU4gpuiInj56FV9FWh/1ch15LU1nCWPVbMrhT2/4n8FTn0ecQNkzNFNb/AIv8FnOcbtBj6xKXL4GXC2o2SB6uKfg/HGNyzNgNuYk/gifwdip1aIf7xHejv+rwVfcinDgU4G3Vm3g3GQdof7z+CdHCeLt3EP8AefwT70NdXg/ZFOY0PRFXn6L4qN2w/wBv+C48M4mASWxaC/6xHfH2X9V07/vRRdCU2+EE6rQu4XxXK05Yes0OH1nIpl3CeLE7Q/3iXdD2TLqcGu5FTA1rNlLY8KdHwnig3EX9tSW8LYgB/Nf2kNx9jXVYK/JFc2ROB11OHDOI8hF/bTjeGsRA1EX9tR3IX1WD9kVj25gorm5StB+jmIdkX9tA/hfEHC4EX9tWpoF1WD90UbHo73CszwriQ2EX9tcOGcSG4i/tp98fY/qsH7oq76pxjlYHh6vG4j/tIPoWsYdej/tI74+yX1OD9kMtIslfYpaqmfQljZZYSX3sGvvyuo1NUwVODSYu6oigpY5ehLpTYl9r2AF1PfH2L6jC9SQzUx8woJcQbFSaXE6Kumlh9ajgfG0m0125+5u9yjraVtNUuhc9j3N5sNx70/lh7G+oxRX5IjNJIRtJuuLMrM3JdGM8gY3cprJj9oh9Xj/ZD7Hp5rlAqaltDP0U7Xtdve2hHanGVgcwyNgmcwal4Z1feoeTH7F9b07470TwUV1VNxyjva7/AOypEWK0chAEoaSbAFT8mP2H1eD90TrpboskYZmdVU7e4yC6bM9KGPIq4nuYL5GklzvAc1PyY/YfV9P+6/7DXJanJRQ08tQ9rRUeyL3LdOfYlD4HAEVEdj+0j5IexPrOnTpzX/Zql3NduNQlWZ86KiCFEgBVy6xG6gY1VOo8IqJ2Gz2s6vigC2ipKiUZmQvI7baJ9mFVLhc5G+JVrgs7KvCIZm6tka148CAfxUqeINaS3S6xc2brGjPvojHoX38AnosOErXZXElvb2KQ9tnG7dL6J+iNpCA24cNUu5ldkUJR4ZGxrXStDnDe6sIoY4nkxtDQ7cAJWg2N9wkjdckdimx0UGJRdFXyC2jjmHmoitccjtLHJ94Ee5Va3i+DmkqZy5dbRcqIE3XLu1IgAro+SaujGyAFS7pEoCAFVDxJ7DFfKh4l9hnihbBicM/+Q/eHzWxxDERRSPbG2znNGeQ7Df3lY7hka0Ov2h81q8QiiFd00jw94AMUR2afvFcUds75aRCqaxuUiVhEjBdrsuYMPae9Z+WKRjGyuBLXbPOxWiZ0U8r4y7OBd0hBv8e1R8Xgvh0kjh0YY5rYo7bdvzVtGT5DwGcUsYlI0z2J7lO4qpM9KysaL9Fo4doPNZykqPqjA6+UjSx2K2NBPHiOERCXUSR5HjvGhQgWqMo+hkpIRK6RjmyRhzcp7eSiU9bVHGJKiKZ4qHFrWhg0OnMe5XmK0IosPpqUNzSBzusPtC6cwrCayjlaJ4h0Ujw9zw4aAC4BHimFcmd4nxbEMNkNOC0CpqGCRjutlzWvZagH/RFF+5f4LEcYx1E9bRvLHF01d0hFtmjb4LbO0wuiH7A+SmH9QqX9JjV0l110JK7DiBcbmyRc4oC5AhwFI4pGnRISgBLpuc2p5j2Ru+SImyblI6CW4uMtj5m34qXouK5RLnGR7W9jQPgmk/W/624diYRHQS2xQbJcyBEEyQwlvfRADqivZMQY0S8t0AOqUlAHO2TbinDsmigBmTZQpzoVNlUCoNgUkD0V+JcOw4nhrpJqw08m7Ba7T4rH8L4fR4rPW8PYlWvpYDM2drmWu5zbg5b9oPuVzjNFiuLuFLQRTTtaLua11mhZ/BcYqOGeMqasxCnkcacdBLEWgOyEW0v5LKad8s2wteEXdfwPR4bxbhdB9IzM9YjdI500YucuwFtyQrDiHh12EUlLUuqHyvkOSUOZlym2lh4La49hTMbbDV0ZgGI0Dg6OOYAtf2sd2X7RsVTcRcP1NbRNqKLp3OllMslNJJmyuy2dlJ3GiyaNZcoxEzvqh2IqLWqaTsmpSbBpG3JQKvEDEHRwHruGUkfZCRhKSirLGsxfCsPmkkpqVtdWE/rZzmYw9wVBWYlWYhJmqqh8nY3ZrfADRMuapuH0frE2V5ZGxou97zYMCzcjieVvSCwfAqzGqjo4RkjB68rh1W/mV6FhnD+H4VB0cMIkefalkALnfkq5nFGAYU2KjhlLmxtAvDGSL+PajfxrhRiLoXTPeAcrTGRcqjrhFRXJfCKFoDOhYBb7oT8NJBJF+ojve4OQXus5T8URyUjJ5qaUOOjujGYBSoeMaQxOENPNmAsMwtqkV3w2VPpEmpP5CymyCoa5xka3cCw3WPFS+wu0+9W2M0kTW0+UzS1k7i+WR40dfa3ndMswmsLQRSzEduQqHNI83NNOXKPTgiAUyDB62doIiyg7FxspzOHnNGaaoA7mi673JI9RRbKYJb2V/Jg9HS07pnMkmyi9s1r+5UkWNP6ZxjoaekpwOrI/VzvALKeaMdlxxNiCORzS8McWjc20CoOKpLUHRfeuSrnDOLosTxv6NL3SslDm5hazTY20G2xWZ4olPTyRHeMFtleHIsnJGaHYjX+jasNXwVTgm7oC6E/1TYfCy1tQPqSvLPRDiuSpxPB3E2c7p4+wHY/IL1W/SReIWb2dEXaKt2oJKcp5DE9gc0Xty7EEjXNe7fTfuQxyua+x1bzCRRYtdd1+3TRIAWzAjY7roniVlxuCouOYkzCMIqK9zbmFtwO08gk3SsSVugcedFHh/SyPYwMde7jZZygqTWYfT1JDQ6WNr3BuwJGy81xTGq/Gap1RWVDpDfRt9B3AcloOEqyTMIy82GwWH1Xa9G76RST55Nmu5pyVgaGuGzk2u+MlJWjzZRcXTBJ1XLua46FUSJySt2XJRogAxtquCS90qAFVBxL+rZ4q+5qh4l/Vs8ULYM7hf2qDT7Q+ausdZJUYu6ENJDIw4BouSqXhb2qEdjh81s6ySOCZ2Q2mmADiNwNgB3lcUds756RSUUIo8kk0li42DgD5m3dt4p7GpY/U3MY0vfpmBP6sX0He481OawyyEXHRiwc4ajT7Le4KNiUL5IgIoAGNN8o1JWhmZ1rH08oztLSLEharhyCop8Of0zQ1khzxA77apyjwmGaRtRNF7OwOt1ZyuDTy6rT5JUJIj00zJAwTtBkLnNBPvUmdwZA9xvo0nRUmZ0kD6ljgTHNy8FdxuE8DXEaPGoTKRg8XilkpKesqY3Na6UMiaedze60E2lBSD9j8Al4qYXYfDlG0zdLckNUbUtKP2PyUwX+4E/6RGukJXEoV2HEC46oCUTigQAYOiRxSA6IXFIBCVzjaIi18z42+94Q31TkbblmtrStPuufwUy0XD8iRUvDql5HMpq90jjdxKS9k1oT2ElQgokyQglCEIkALfVKhSpiFcmyjcgKAGZVXVJ0KsJdlXVR6pQtilozmI8S12DEw0gjGY3zOBuFhsYxGXFJTPVXfUlxzS33byFu78Vf8SOvWHuCzlHGJsTY0i4vqssiSdmuBtrk0WHcY4ji1XTU1UIGGNpvLEzI+U2tdx8LbLUcIcVCixD6ExNosGvdTTc7i7i0lYWnoaeg4hj9ZqHU8A68bmxl+Y/d/itViWH0dfNSVGHuvUxSfW3JAykWI2WOjp3ogVkvrFTNMAAHvLgBsLm6q6+nyQCcWDb2sBzVhK0xucx2habEKTSRsrGtgYGlv2nkXA8O9JqzlyQ7lRmYWvkc2NjC57jZrQLklaWk4GrZojLX1HqzDb6lhu4+PIK5wDhynpMSNWHZ2sb9W1w1B7VoZhma1pFwXi4UJUZ4cNfdIxsPAMQqXGWsLYsxsxg61uXWKrOJsHwjAYmsZJUTVM2rGueLMHabDVb5zmQtfLI7LG0ZiTyAXk+M4i/GMUmrXXyuNmA/ZaNgqRuL9K1dPTtgikLGkbNNtF1PitY2SV7Kl0bnN2B9o7e9WVHw3LjOFtqaS7ZYQRKx7SL21Fu1Us+QANYLAaEc79/ejgz4aqjY4D6Q6eCOCLF6R0xgGUSMYCS3vvzWhk9LnDDHlseC1D2jZ2Rov5XXlEUD6idojLc55E2utKz0YcVyxtkjoI3Me0OaembqChGseNHtXBtf9J8J4bVl2Zz4Gtcf2m9U/EK5f7BN7Lzz0Q4g+bhySizAikqXAg75XDMPjdehSm0ZKtm60N1RaKV5ebNy6ry/jKtopxBHFUSsbC7NI4R/ZB3F+wlepTZXU7ri4I5ryHjen9UlYG3fG8vaHMFxlIsb22IICymrNYVZb8OR0OC0jqmkjc7M5xlnkFnSEW2H3fgq3jNrRics0ZvFUxtlYRsQR+azgxB7MJopBPIyZzXNdGWjIQ3S479t+9XuI1Rxfg2hr3Aiane6mluLHtb8LJdK3HI70yeqjeOzL8OV/0dxW19yGy5mGxtqdR8QvdeHcSbXUDWE9eMWPeF85VchgxDpG+01wcLbr2zhHp6d0cz2PbE9upcCNCtp8SM4cxNZVtLJA4DdRntB6zdLe0OxOVVax4yxtJPaVGhY97w95LiNhyU9xpRIhk6N4PI7qDxnQy4rwtVQ04Lnizw0bmxuQpRaHDOy+XmDu09hRxPqI7tY243F0PlUCdOzwI/VEtcTdp1Cfw7EqnD6iWWkHSSvILWkX1tZajjThllVxdK2lp5JJqmL1l5bIGAciN7X0UThvA46PFslVhspe1hk+teCMt7X3XBKHg7oz8mw4fxCtxHBI5MQhdFUB5Bu21wNjZWBCZ9chzD6h8bRoAwAgfJEKmBx/W5f3mkL1MSUIJM8nNc5uSQR3SFE0tf7D2O8HBKWuG7SPELVNGLTQNly4LiExBJQhCK+iAFVDxL+rZ4q9vqqLiT9WzxQgB4VPXoh2PHzWsxSGWafMGlsTCAXDm4rI8KfraP8AeHzWzr5nmfornK2xAHMrijtnfPSAhAj6OK5DWDUdimRU3TOEmY5BsNrpulpXPf1hZtrucftE8lIqqptOzoovbI0trZaGYc9S2naWixd9kdirauo9Xo55ZDYlp+OydZA97gXi+XXXmUkuGetRhkzuqHhxtztyQHLIdFT9FhbYpAS4nO43tqVJw6aWOQx6lh7Tsp4p2AaqNNVUVLoZGA9jdSlfodVsbxinlqqdsUIDnZgTrYAKLXNLI6dh3DbH4I3Yu17rRxOt2u0TVTH67FJFNP0UmUgZRyPZbVEU1LuYSalHtRDD2OnMIe0ygXLAesB4LO4jxM/BeIKulxGIiiZSNqIXxsu462cD5lXnCXC1JgENS4v6aeR4c+WV13uNtBlB05766qm9IvDs00VBXh/QwtnFLO5+pEUtmlxtyBsVr3tmXxpF6z66nFTGQ6Ihpvft1CzuEV1VFxLiWEVs75ibVFM53OM/ZHh+CseAqp8uAto6prTLRPNLPca3jNhfysoPHsZwjG6PH6ZgHqUzWStA3id/H5p91g4KP/Jdg6IHFMVlayKro4oLPZUuzDvZa/4/BOu3RHJGUnFeBZMMscIyl5OGp0Wfw/H6jF+ODg9IxrqOmDnSSjfM0Eb9lzZP8UYyMEwOaoaQJnjo4R+0efkNVnvR9hElLxPRzzvDXmATyF/2c5OUHxAv5om+KFjXNnotRA+mkySCzrXt2Jncp7EJxPXTSA3BdYeA0TA0VrRD2GESAIkyQgUQQhKCgQW6UIQiCYjnJs7JxybcgBiU6Ksq3aFWMx0VVWOs0oWxS0YPH35q2TuVTgzM+JF33VNxqS9XMb80xgLbPkk77LLK+TTAqhZZ4sAYoJrawTNd5X1W7pDHckDdt7fFYStN6Cc2BytzW5aG62uHVznMhk6CDK+MH9X2tXNLR24dGZxVgZitQ0bF5Pv1UzCoxGB1QNzog4hObHnOLGMzMabMFh7lIot79ytaOeX5Giw1tmEqQ+5LAO8/BNYd/q90/wAyQLkMKlgZniaqldRMwulDn1VZoGj7vMqNhPBtNQdHPWvM87XBwA0YD+KuIoIKWomxCqmZ0j+qHvNgxg2aFCq+KMNikAbP0v8AwgXJWZX5ZetfHDEZHkMaNSToF5vxlhkdLiPr9GWyUVZ1mvYbtD+Y/FbFvFEOlqCsdHzJht80/JTYJilO+SSlDMzL2c3KD420v3oQd6bpM8oikMczXtvmG1u1e94FU43T4JSRVdC8TNjAcC8eXwssJwRwZR4lxIzEo5mz4ZAc7Y3HriQbMcO7e/PReyF1ja3wVG0Y3yea+jLAscwKurn4hR9DSVMTSx3SNJLwdNAewlejzSh8RYwEkiyzPA0wPDMMDpnSmkcYcx1uBqNeehC0LnWF7XS7rOhRrghyRV80PRPnDW9rRc2USmwR0EsrjKxzZGgEZOsbdpvr7lb9I23sfFJ0zB9kWSfI9GS4i4FgxiN9RDII6tsdoxlGV1uR99rqk4RoaWbDp8KrwGS1D+k9Xd1TZhte3mF6I6cAdVoBXl1ZWtpfSlTthzExVZje4uuMr23tbz+Cyappo0TuLTNzS4JhWFkyU2HwRvtfOIwXe86qXFK6Zt+jI56j/Nlz6k3sHFRzONs2Vt9lTZKSJRe1gzOIFt+5A/HaOnGSNrpD4WUGqpfWnBzK6eIN2DCAPO+6iyxxUrQanFaY/wDEa0k+7VCklsbi3omTcRyuuYYmsvubXuq2rxmsc0l0kzv2WiyaOJ0hmyRsErbavaCweV08JqaQaGRh7wCqWWD8kvFNIz1Hjb24nJUVNBU9I6PohZulg691LqpcXpcWMlNTxVsToQGyuIaQDqWkXGx5q7pMLdX1OWKeM2FzcEK6g4bhYbzTPeRyboFKxp+Svka8FDG5z6aJ8rOjlLeu0HQHuT0VPPMfqoXv8AtVDhlJD7MDL9rhcqS1obsLBdCdKjncbdmZiwCqm1kYyMftalT6fh2KMgyTyE/sOLVcLuaTdjSojsw+ma0N6IOtzcblUE7Q2eRgFgHED3rTOc1gu9waO0myzVQ4GolLTcF5sfNaYzLLQ2NOSW9gkXXWpgKSqLiT9UzxV0XKj4hOZjQEIGDwofraLvcPmt56uH1LpHmw0svOOGa+lbUQR9M0PhcM7dbhbSTGozpExz+86BcUVK3wd8nGlbL3pmNFmBNkR3L35R3lUTsRqX7ODP3U3mdIbve5x7zdarHJ7MXlitF3JiVLFo1+c9jBdQ5cXldpFE1ne43Kg2Fk7Stjkqo2Tew42Otlp2RWzP5ZN0hieqqJjaWZ7r/ZGgSw4bUzuGSLKDsX6XTdc3E6cVjqJrBJQytkyBmssdwba87XCtK/ETBNHOB1WNzN03aRzSUr4SG41zJmXxfG4cFmdBLBK+RjrOA0A7781rGCCOLpwWax36Q/lsFT8VYXTcQYOa+na58sbMr2xi7iOzxBWJm4orocHNFXUdVHLTRNic4yNaGk2I0Jte3cSnNxcVWxY1NSd68G94YqBUNrbWdlqHfXWvdp2tyKmY/RR4lw5imHykMElO7JI532gNHE9xAXkXCfFVfRTYnNUSMhonxAO6wYYiCcuRoGp1tsmOJOLJMY4Uwyis8Ohmfmmtl6UAW1APfqskdDNN6P8UgrcUxV8Ugc+pZBUStH2ZC0tk/xC/ml9JPFYwuo9QNKyV1ZRt1cdG3Lmm452svNcNxWuwepNTh87oJSLOLbdYdh7VJxviGt4hlhlxEROkhZka+NgaSL3196pcOyXT4ZpafHPoenpauvL6o00LImgOtckciewK0puP8AAqgDpJZac9kkZI94usPNihxClNG9xjDnNcyw0L9te6xPgtbh/o0p2hr8SxCSV1rmOnaGj3nX4LHpoSxxfdtuzq6/JjzTXZpKkR6yro+LeL6ShE8b8Oo29K4l1hM7TQfAe9W/DlSyt4hxepcA0xVLYmtIOUtaLAe8XVtQ8P4RhgDqXD4WvbtI9ud/vKTBMMMU2LVkhs6SqdM2x9oaNF/iuiRxRVMua2OGKqc2AkssCPco/NI6RzzdxuVw3Wi0YPYYRDdCESYggiGiEaIggTFCIIUQ2QI5ybdsjKbdsgCNOdFT17rRu8Fa1BVJib7RP7gqiRkfB53iz7zSnvT+DDJTXt7RULEn3c7vKsaIdHTMH7K58j5OmCqCJsgD6SZthrG4fBanABTTYTRuM82sDdRGPzWVYerbtWq4GqJ6fBoXR+rG4cy0pabWd37LGS4OjC9kXieKFtfTSRPe/NHZ2ZoGx8UNFYB/krDiiB7+gqnmAkyFpETgRrrsPBV1H7Dz3prRlk/I0NPURU1CHTStZfa51Ph2qvrcZrrSDDsNmk6uUyyDI1t+djup1NSwvijqXxtdLG3KxxHs37Ezi+K02F4fLJUSAF1g1nN57kmS7K6HBIaholxNxqpTyLjlb3AKdBS0sEzGw08bBbk1ZmPijF6lp9VwkPHJ1nEKJXHi3E5GdHSugLdgxwZ+KRCRs8Unw9rRHVVjYJbdTW7j5c1kanGJaZ2SGnkFhs8Fod32KgQnizh6eSulo3yE6vkmjEgt47hWVbj2GcT4W58xbQ4nTi4Dj1ZBzAKKJljTdldgeNYtg2KGup45TC5+aeOLZwXq9Hx9h09JHJ6/AMzb2lcGuHcQvE4XTMhdNHUGN7XDKGuIce1WDcRxXKLxQSG3tPiaSfEplfJ2cHonozrOg4YcZniz53Flz9kAD3aLUS8Q4bD+ur6WP96Zo+ZWSio2V0OSSGFkX9FFGGM9wUynwagg/V0VO3wiCXazu7kW0vF+EeyytbKeyFpk/wCkFNnieOYfU0tW6/Mwlv8A1WTTYGNHVaB4BFlA5I7Q7hTjVS4fV0Dz3vka35XWSq8PxWp4jGJSzQgtlzNjyXAHZfRaywA2UeRoMoKfYhd7Qy9+LSN6tXFF3thzH4kqBNheIVDrzY1WnXaPLGPgFdAiy7RPtQu5kBlC4QCGVzaho5TNzH33uh+iqIXPqeQn7UUp+Trq2jpp5v1cTnd9lMhwKpk1eWsB8ypeOPkpZJeDPNw2FjrsqJGd0kd/iFKjpn3AZLDJ3B1j7itNDw/TMsZXPefcFOioqWD9XAwEc8uqzeGHgtZp+SlwCGSGvd0kT2XjOpGm4WjuEzUTerUr5subIL2va6ppMaqX+wGRjuFytscGlSMsmRXbL+9tdAO9R5a+li9udpPY3VZ59RNNrJK9/idE2VssfsweX0XcmNMGkURd3uNl59Lx5jddjgpYp46em6QttGwXIv2m/wAFoqucU9DUTnaKJz/cF57wz0NVibZXkB19j2qMiSqiVKTPRo5ZZQXSuc7XQk3R3sAjFLLFB0rmENJ3KacdFrDRMlyLmSF2ijVlXFRUk1VMbRwsL3HnYC6q/wBJaN/DxxoFzafoy7K4jNcaZdOd9FVk0Wcs1juoU7WTOu8XsqDhfEcSxHD5q7EHXbPMXQD7rOzwvsrgyd6a5FLh0SIY44/YY0X3sFKa/kq5sp7VJidcoBE9hUhhUSPkpLdkDHLpC4t1GhCQbIXHRAirpMdkh4xxHB8Rq7trWx1FG55Gl+qWd2vyWvlwqOamjjqTmyNLbNO4PJeSekGD1TEcPxyLSzuglI97T8/cF6rw/ipxjh+mq3G8uXJLb740P5+a5n9szsX3Q5DaI6aMxxRtY3m1oXk3pMoZKbHaXEI3mMSMu0X3e0jbsO3uXq0xyuPL4lYv0mYYMQ4TkmDfrKJ4mBtd2XZ3wN/JSxo8jE0TzMZ5HPE3WJGnWve+u+5QSxCKGE9IC6RpcWD7HYPFcySmqKpoqDN0Tm3eYmtzk+em/wAE3JIxxsxhY1ump1PiqQMULkIS3VEsdp256qFva9o+K91JtovEsHZ0uNULORqGD/EF7USM2qpaJexSdNFJpaaV9FVGMB2bLpfU68lFDru02VlhkU9LRNgkuXNeSXn4e5KUkthFN3RVdycarDEMOd628wva4HU3FtVENNLGbOb7tVayRfkyeOS8CDQLhukNxuCFzVRA4EXJCEQ2TExQiCAIggk4pt6Mpt6GBDqCqHF3ZaeQ/slX1QD2LOY67LSS/uqomeTR5zWm8gHa5XFOOqL9llTTdaqYP2ldUxuzwXLLZ2Jfah4m1lecHxyyUM8ccTnhlS8XAvvqqFxv4K94Le0VdfDI97YxKx5yHUAjWyzejTC6Zf4xRzDCXSPge3o3h1y0ju/FUtJ+qHeVqMZZC/DJ20z53sEd/rBrosxS6Rs7ymhZfyJWNVuJUmEgYfA4DTPPp1R2Adqcw3CYm4IyrrYxPWydZ8snWO+gF9vJWToWTYd0UgzMda4TeLGdmB5KRobK42ZcaDvSZhTttkepqYKSLPPKyFg5uNgqw8S4RTvdK6rDwBYBoJJVFjdNFRNY7E8QmrqstuyIGzW+PYFlpC6Ql2ngOSSVjimzcVvpGiYDHQ0JkFvamdYHyCy2LY3UYzMyWeGniLBYdDEG38TzVcGganbvT1FTuxCuhpIXMD5nhgLzYC5tcnsVUaUC2VzdglNY8aZ/ivUcMw/hbhL6tjZcdxcauFPFnyaagcmj4pMOocYjoWNpuFcK6G7iz1mQGSxJPW70myXTLKlrKJotkli8w4KfHNTyC8dTGe5xyn4rMtcO0+BTzCdNPcsVlfk9F4o+DSZH2uG5h2t1HwQF1tDoqRs0kfsOc09rTZWGF1tRLiVNDJL0jHyAODxfRWspm8TJjI5ZjaONz/AKRFgdZMQXZYx37rRsjYzRrQEditO4z7Soh4fib+tlc/uGinRYdSw+xC2/adSpISjsSsdI4AC1gl5JqWeGD9dK1niVX1PENLCPq2PlPcLD4ppNicktlsFxNhfYd6xeJcWYjlIpWRwX0vbMfiqZ2I1tW8GqqpZe4u092y1WJsweeK4RvcSrqU0csLZ2Okc2wa03+SomjRQ6VwsCpoWkY0Zyl3Chcd1wXc1RJTcY1Pq3Cdc4GxewRj+sQPldeb8PVj6TEIaiV7Y4M4DnuOi2vpHnDMAgp76zVAPk0H8wvNYAx7hDKLxucDvaxWOTl0aY1aaPomtlj9RiJeD0liyx9oEXVHiNfT4bRS1lU/LDELuIFz4AcyqvD8VNXg2EvY1oZTONLKB9l1rtPmPkqb0hVT5JsJwqE9eeo6Qgd2jfiT7k4ukOa/3HF+B/0gYkIOFjEwEurXNY0bHL7R+QHms5iERxGroOEqMltLRNa6rcDex3cL91yPEruPsS6PG6SmZ124fEHWdqC866+QarThfCnYZhhqKm5rKs9JK524G4H4nxVLl0J/bGy6aI4Y2RRNDI42hrWjkBskz3Tbn6oDIBzWpztkgO1AU+lFxdVDJ257b3VpBKA0JSaWyoW3wWUelk6ZAOahslZfVxPcAnhMxvJYPNFaOhYZPY+3pJNGNPinRSX/Wv8mqL68WjRC6vd2LGWWT0bRwxWxviLBosU4eraKJgEj4iYzzzjUfKyrfRXjMc2Higkfad7SC0n7bND72lvuTmN41PQ4NWVELw2WOJxYbXs7kvLcGx+pwfG4MTYC58c/TPaDYP3Dh5gkKYXJWy5ccI+gqka6D3KFPFHU08tPKA6OVpY8DmCLFZqm9LHD1YR61FVURO+Zmdo826/BWtHxFguJWFHilNJfYF+U/2TYrRog8QxSkGFYjPh5aQ6klcx+f7eu7bDa1ioLw5sr2vGoPbf4r1TivhpmP8VUlNBXQxwTtLqzI5hka5osCBvqCBbbRVtf6K5MOglqoqmoxVrB1YIIwyQnvuTp4XKED0eegpQVKfhtYxxbJQ1MZG46M6IaeOKKqYamF8kbTd8dywkeNtFaFZM4b63EuHD/ftK9Zr6+nw+lfVVcoiiYLku59wHMrH4dxNw5hlN/J8NZRzGwFiJHHxfvzVHxBif0pigjqql0jWuysji2GvzVWkjOm2aut47wtlC6ShkM85FmxkFpB77rEUfF3EmHXFPitUxpN8rnZ2+511f4j6NMTjpI6mgYDnGboZp2CQDlp2+aLDPRvWvs7FKttK3myLrO9+yn8il9oFJ6V8fiAFXFS1TRzLOjJ8x+S1eAekA41II28P1xP2pILPYPEm1kVNwhw/Sxsb9HMncw3zz9Yk9/5bK8ja1rAxjQxg2a0ZQPIJfFEr5JFxFEJI2usSHC9iiNHE4daNo8AnaVgNLELfZCfEei5bafBvSa5K84dGToSPAoHYa63UkB8QrOzRyum55ooITLNIyKNu7nGwCtZZryZvFB+CsdQzsHsg+BTbo3xNLpGlgG5doB5qtxTj2hps0eHxmrkGmd12s/MrHYpxBiGLEipqXFnKNujB5LeGSb2jCWKHhmkxLiugoyWQE1Ug+4eqPP8AJZTEOJMSribzmKPkyLqj37lQHGx5Jpzu1U5NiUEgxW1Qdf1mYH98rpK6rmjMck7pGncON0ybIo8wf1QC46Dq317kraG4p7RCdQQmUSXe0qdBH7McTXvcdAGi5Pkryn4Xkjg+kMeqm4bSbkym8j/BvLz9y1WAVHDVHJDBTvFBJOwujdO0ieZo53O19wNEmVRhcRwevwuCGWti6HpycrHEZhbtHLzUjhGrkgxiriZIWCWFrtDuRcLRccYngtVSMpGBwnicXMe3Uk879yyWBVZw7Gm1PS5InRGN5tc73ChrgIcSPRRPPNTSxmokIcwt9orLUjbOjb3rR02N0kkDDHi4kkNrxkZbeZVHAy9eQNbOJ+KSHl5pouScsDB2lReJK5mG4EKh2pbbKDzPIKq4mx1tAY6KOcRPcwue/KXFo7h2rGYjidNKyGOipZCYnlxnqpS90ni3YBMy3wRJ6h888lTUtfK+Q3J2F0tDhUlfUCIVNLTk/wBLMAmKupq65wNRIXgbMAs0eAGij+r2GtgmM0keAcPRPLa7iJj3DdsDbi/jqreuwDg2gwhtVFK6pkkGVhbUXu7tIG1ln+HuHTiEvT1bJ20LQc0sdtx+Hgmsekws1zY8JL3U0TMpkefbdzPgpE70bfhniqWgjOGYPCOkld1A2PpC4/57VOmwLjF8zn5YW5zmtny2vrsBosx6PqnGK3FI8Hwro4InP6WqqAwZxGLXGbex2A71uMd9KNJgWNVOFvp2zOpnBpf0lr6A9nek0KMOOWZqCWosMzQVNYX3v0fuKcZEByCeDOVl0SwY3oI9TkW3YxfW9nN8VMwp3+laUh20rfmuY0bJ9kbGvbIGgOaQQ4DUELF9NT4Z0LqrXKN45zWAlzg0dpNlDlxihh3mDyOUYustJLLO7NLI6Q/tG65oWqxezJ5vReS8QOdpBBYdshv8AokuJVc460xaOxmgUNoRjUK1FIzc5MQ3JuTqmJtlIIUeZUQVVdbQd6itdZ4UmtPXAUBz7SgLVaMnsv6J92NHYrJpuFS4fJcBXEZuAs3s0WhxcuXJDPPvSdU/yiipr+zG558zb8Fk8Lwuorop6xlmwUtjI4m1ydgO06K19IdT0/FErBtDGxnwv+KoqbEKqCndSxTlsMjg5zNLE9qxls2gvtNXgeItbUjDZpAIKuRgkMZ9gB2lr7G+g8RZVmMcUNk42+lJKR7oqJ5iihJyuIaTqew3N1RYh1auSLp+lja89cHR/eo0cjrOLnm7mkHvSbN21Lk0mDt/SbimbEKqJwhzmZzSCWi3sMJ2/Oy2lRUb66rL8B0s9dWztMz+hbGHkE3DnbNNu0C/vW7Zg8Q5F570LPCC52ZSwSm1WihDpZT1WkpwQHeR1u4LQfRYtr1R2BK3Co2nS91zz6vI/wAVRtj6THH8uSkjjDTdkf8AWcpsQJ3ufgFY/Rrb7X8UbaMN5X8lzXOTuTOpdkVUURWXOmw7AnQAn/VjyCX1bRaKyGRySBoEy8PdexsphhAQuYeTSU7BIznEMEs+CVcMTM8j2WDRudV5fJHJDIY5WOjeN2uFiF7FiLZBTuy9UnsWJrsDbUyF8gIcefMpRzxg6Y5YXNWjIrlbzcNzNuYnOHduob8IrohpGHj3LojmhLTMXimvAwyWSN4cx5DhqDfVXlDxxxDh+URYjI9rfsy9cfFUD2TRH6yF7fJAHtPNaJpmbTRsK7jt2NQhuL4bBLK0dWeFzonjxIOo7lUUz219dDGa2CiDtXzPZ7J7jqfeVUXS8k1RPJ6LhnBWC9E2VscuI5tppnhkR8AN/eVbT8KYbXCFtYwPhpyTHTwDo47nck7u2TvDVOIOG8PYBb6kO9+v4q0DhcNF3u+60XWjaSISbYNLTQUUIgpII4IgNGxiycNgN7KRBQzzC5tE0dupVhBh9NEM7wXEfaesJZ4rRssTeysjhlm0iic79o6BWVLhYb16g5u4GwT5qbDLE0eJVfiGNU2GNzV1W1h5M3cfABYvLKWjRY4ouula1oDBoNABso9ZiFNQwmasqGQRjm91r+A5rA4nx/UvzR4bD0Lf6WTrOPgNh8VlKqsqa2YzVU8k0h+083Kaxt7Jc0tG5xb0jRsvHhNPnP8ATTiw8m8/NYvEMYr8Um6WtqZJjyBNmt8BsFBLkNyVrGKRm5N7JAkulzaphrrFOZtFZIZsmyDtbdXeHcM11a1stQRRU7tRJKOs4fst3PwCsZsU4a4TkbE2Rj6wi+eQZ3j3CzPmgKIGF8IV1aGy1RFFTnW8o67h+y387BDWcS4fw9JNR8N0HrFdCcj6uoINjzyi/wAreJVXiHG2KYj08bDRiKW46lTleB+8eazRoWuNxRTeLKhj/wAEiqLKfGsUmxFuJT1FYapuoMlOHsb4C9h7lBxPEp8UqOnrXwyzbZ3ROYfgo7qYR7Crj8YvyKbLi3T1p4/eaQmATamRvsze6U/ipEeKVTObXjvsU1RUtTiVbDRUjmTTzvEcbLgXcdhqrLCaKHC+Lqak4lw+1PHP0VTE8ZQL6XuOQJB07EgodpcRne2GSeieynlmEPrBaRG1x7TtoNbL0KXgLG6WQ+rywStHsubLlJHgVMwjgl1JS41w5VRtqsCqpRLSyMmGeJ2mncRpr3d62VFSmio4aXp5ZmwxhjXSEF1gLakDUoCjzKu4Kxeqfnq8PdO4C2ZrwTbyKrjwTNA4udh9U020zMLgD22XsqNjXO2QLtR4JV8JV2YuE4ueUkZb8lHpOE659ZEypMbYC7rva+9gva+NK04VwhiVVHbpmQOyEi9jtf4rx7hjiaqrccpKOthZPDM/K7L1HbdqKF2FvxfVR4NwzHRUdoxP9UwN5N3P+e9YKjpajEKiKipIXzTSOysYwXJK9L404bxTiF9C+gow6lp2uDmxOaCLnkCdVf8ADOBVsEdLFFRNw+igaQ6Mub08ju0uA0HgotaI7WvBI4F4ci4UwIukt9Iz2NXrmynk3TkL/NToeDeH3x556I1Er3F75X6l7iSSfeVdiHooXOjiYwga66OHevFKrj7HmVkzaeuLIRI4Rtyg5W30GyGwnNQ2agDuTgAQgJxrSu45jmhPNB2QgAJxikaDAsnGhAE406IKDCIIBvojSAQlRZjqVJcoc53TBlXWH6xVcj/rlPqnDpSqt7/rSStEYNl1h8lnBX0DuqsnS1GVzbLQU9SLAlwGimSNIPwWRK7MLgdqgurWdq5tX0gc2CnknlDTlF7C9li8kUbrHJnkXEVT67jtdPe4fO63gDYfJVzgzJGS3XUnsOquca4UxvBWGetpC6E6maE52tJ7SNvNUbndRvYbrOzXtOc4vqQQwvBdcNI9ruRxspHRyNfBM6d5HROZKA1p7wQb+8LnW6DUqHlc91gL3SLRt+H8cwbC8ONHWdPFLDK91y/MTmyjYDcZR8V6LgdQKsVEQqWVIgcB0jHZhqL2vzIXhlDTPqK2KmY3ryPDBbvK9h4Eijbh9S+MWEkpd4kk6rHLL7aNIR57jTZGXtuVwG4y5beaMNaDfTRKLBc1GwDYy7fXxTnRNtbkPilDidAEQ8ExAGEHw7EhhHcnsh3RNZc7KgIpgGwHwTToOy6kPraOOUwiTpJR7TI9S3x5DzRMqIZHlvTQsIFy0yBzh5D81axyfNEOcV5K6WjzNN2+9V0uFRuJOW/gnMU4hjhrDRxubE4MziWQAtI2FgDv4rNVWM1MrgXYjJNGfaN+gY09gygE+9afRTybM31sIFpU4XHG3M9zY29riAPiqWsqcKhvmq4n9uTrfJVlTXUT3EvLZDfexeT5uuoc+KNI+oibpsX6W8lrH/SY7lI55f6tLUIlg59JO3NHTzyNOzhCbKnniwmdxu7KeV2WTgrqye4bM1rQOsRZgHiSmhVsgd0VPTU9SD7TzESPe5bLoMUdNk/X5ZflFB03CMuJEnDXGUDfI4G3j2K0o/RdjM5+tmhgaTu7U28AmMEpZ8UxWKDDBTUFa4lwlbUOa5oG+g0t5L2OhE4pI21Tg+drbPe0aOI5rlzY5YnxKzqxZI5V+JBw/Am09LBBLIXiKNrLN0BsLK0ipooBZjGtHcEZeGi5sAFQ4nxlhmH5mRSetSj7MRuAe923zXP90/8AJrxEu5JHM0aAL9m6psUx+gw5x9YqeklH8zH1nfkPNYzE+LMSxK7RIKaI/Yi0J8XblUrn2B13WkcPsh5vRoMU4zrqs5KRoo49szTd58+Xks3JI+R5fI8ve7Uucbk+aF0iDMe5bqKjoxcm9nEoc11xKQkKhCXXGyuMN4YxDEGiZ7RSUx/np7i/7o3d8leRMwDh1j3MjNZWRNuC6z33/ZZs3z96B0UmGcLYjiLWzPApKc6iWYWLh+y3c/JXU0mBcJ0xliifWVTftFgkkv3N2b4/FZvF+NMQr2StbR11E5+hlDc7reOllkhBTMdcYjLG479JC4H4EpDNRi3HFdXVAfBVGjYBq2amcSfF2vwVBLLHVSulkdhk73G7nF0kZKFj52i0ONxEdhlc35hHfE3bT01R/Wif89UAD6rA/wD8nGf+BWt+Rugdh8Y1FLXN8Mr/AJWRmCud+swmKX92D/6pljqVlS2OooehAeBJke9rmi+uhO6AAdFHH/PVEf78RHyKt3cK48cEpsYpmPrKSpLg0wZnuYQbdZttNlvcI4Yl4Y4xEUdPUYrw7i1KYzOWGQRtdr1iO/n2HuWs4S4am4Yop6ODEDPQyzmWKOWHK+IHle/h/kpgYfAuG4+JeFMP6BgwnH8KqdJnwOaZRfMCdLnlryse1epsjklY01sVO+TKA7I24Jtrun7m1rn3pEhnAACzQAOwCwSgEnTVGyIu30CeDWsGgsgBtkPN3uRySMhYXPcGtHMqJVYnHETHEOlk7BsFSVNa6V93u6V/Jo9kIAjcXMm4hw2fDqdzIYZhkfLJ2Xvp7lmMO4NwzAhBNTNknqGyXfUynW2UizWjQDXvK0UtSM3XPSOH2RsFFfK+QguO2w5BAi/w1tqKM9typW3L4pihAbRRa/ZUkEAcvNcT2dK0cZHGNzCSWuFiDzCqBwxgNv8Auek84gVbaFKQy/tJ2xOEXtGNICUabpChLtF6x5Qd7lOtOyjNKeB2QxoeaU4DoEw0pwP6ulrpDHmo02HiyQy2SGE4qBUygAqS/pH+y0+J0Ud1AJP10mnYDZRLLCG2WsU56Rnaqo+tcB26BRGUlVO+7IXm/ctpSYTEXWpaTMebrfMq4gwGRwvNI1g+6wXKxl1U5cY0aR6SEeZswVPhdYCLsDfE3VzS4RWyDqsce87LawYVSwatjzO7XaqT0LdrLOskuZs2+yPEEZSn4fIIdUy3/YYdPMqzjpmQsDI2NY0cgFb9A3sUGtxHC8PlbFWV9PBI7ZjpBmPfbe3eqpIV2MmK4LSAQRYgjdZDiD0Z4Zi2aegth1SbmzG/VOPe3l5e5bwtDgHMILCLgtN7jtCTL3J0I+d+IOFsb4bFsQpD6vezaiPrRnz5eBsqSIXdZptdfT8jWua5jgHNcLFpFwR2FYrGvRngWJSOno2uw2d39DrGT+4dvKyLGeWYAxwx+hDdT07fmvWuD4ugw6VgOnSAfBYGo4XruFOJ6COvfFLHJIDG+J3ti/3TqF6Zg4jtVmNwy9ORoeYAusci5RrBll4og1cG27kQAG6xNAmi3enBtqga7sCO2bkmhDck2TYaqsxasrG4dUPgk6J7YnEOAuQbK46IO3Gq40THtLXDQjVWiWeEN4lqmt9XlleYA4l0D3HfnqNfelZjhi6ToYzZ+xMhJA7L816rifo9wivJe6LK49nJUzvRPhAdrLU27GusuhdW1uJzvpY+JGIkxzEZaYyNhOX2XTZPhm3+KiRSzVVpJJISBoOkmay3gLhelwejPAobCSGaYDZskziPcFdUXC2EUFjT4bTxkc8lz7yr+ua1Ej6KL3I8hjpqqodkpqN1V3xNe5vv2VtQ8H8QTSB5oBCzkHSCP5XK9cZCxgs1tgOxHla3a11jLq80vNGselwx8WeawejCqnldJVV0cDXG+WMF5HmVc0fo1weAtNQ6oqjz6R9gfILV1NZTUbOkqJmRjtcd/BZrE+NAwFlBBmP9JLt5BZ92WflmlY4eC9pcOwvBadxgp4KWJo6xADR5lU2J8c0VNeOhYal+2b2WDz3Kx1fiVXiL89VO6U7gHQDwGwUFxWkcPsiWV+CxxPiDEsUNqmpcIz/NM6rPdz81WhCXIc11tSS4Mm2w81khdcILm64u01QALrICbalWtBgFdiDRKWtpqc7TT9UO/dG7vJWzGYJgcgAMVRVt16SocCR+7HsPO6AoqcO4dr8RjbOQ2lpjtNNoD+6N3eSuYjgPD0wbkbW1bRmvMWl1+WVmzfO5Wbx3ijiCsnLqWinbC06ymEuLvPkFmJKiJ0pdWYYxz3G7iXPYSfekOjZ4pxhidcyVv0XX04OgkYc5HftZYySCiLy+asqo5HG7jNTE6+IKVtRhoN2U1XAf91U3+YUhuIsAtHiuIx9z2h4+aBjEcbR/q+NxDuzSM/BSG/S+zMQjmHZ6y13wJXGpdJ/+SpZb8p6XX/pKfo8MrMVMrKLDaHEHwxGV7aa4cGDc2BCAGHMxU/rcPim7/VmO+ICiySta4smw2BrhuMrmH5rS4HwhTcT8J4hXYU2RmLUMgvSMcSJIyOV9b+1bwsvScFw7D+JeH8OZxFgL/pGmh6CT1imcwhrdAc2mh3HmgDAQcGzT8N4TxPwsyaoqmSfyqlBvkka7Qju027wvT5OHOH+JQ3EK/h5rKmWNrpjLDkcH21BOhJHapuE8M4TgoLMNpjTxvfnMYlcW5tr2J3VuRYGw+KBkSgw+nw2mjp6VrmxRNyMa57nZW9gudlJXWudAnWQ83e5ADbWOfsPNPMia3fU9qVzmRsu4hrR28lV1eMaFtNYAbyO2CALCpq4aVmaR2vIDcqmrcUklFnOMUZ2aPacq2WsdI9xYS9x3e7/PzUKWra1xyHpHnd52/igRKlqTku49HGeQ3d+fyUOSpLgWs6jfifFR3Pc9xc4kk8ykugAsyMHRJFG+V4ZG0uceQVzQ4SyEh9RaR/ID2R+aiUlHZSi2WFMQKWIAbMCc9oAaJB2W2KMCwuuU6DrmyRONjdIbDbmexOCGMCxzE9oToVmFdom3OSSSgXVTiGO0tFKIXF8s7hcQwtzv93LzXr/yeRvRbB9uaIz7arOjFsTeMzMBqizlme0H3XXDiDov9bwnE4O8QZx7wVDyQW2XHFkekaRs26cbIVm28WYU3nUtPfTvB+SX9LMNt1W1jz2MpXFcs+of9sTqh0q/uZp+laB1nW7gl9Ya0dVvmVlv0soG+1DWxD70lM4BSabGaLENKSsild93NY+46rmlkm9nVHFCOi7fWFvtP8gokmKtYwuFyB2KJKMzes+11W1AaxpDXEhYt2bVRosN43nonhk8Jmpr7DRzR3H8CtvhuK0OK0/T0dQ2Ro9obOb4jkvE5KkGTKBra+rtABzU2uinwvhOn4lwnE80skvR2iFui3uHX391l04nP/g58iiexy11LEB0lQ0XvYC5J8gozsXZr0cRDR9uU5QvNuFvSNFiLDRYg9lHWyDK2Qj6pzuRHYe0bHl2LMcRT419Ky02KPe6eN1wC45bHm3taVrbM6R6tV8RVctW6noqWorLC+aGzIW32vJf81kuI6esfJIGyU5nroS2aaFgJjaD+radzpud91Q4bxNBhlI5jmTTuI0hdJeIO3JsLAapms4xrauExMggiad7Am3hfZHaxWjR8E8V12EPZhVVHLX0V8sZjGaSA32tzavS6erpq6AT0szZY72u3kewjcFfPwmxKskdOJZiXWzSZsg8zoFaYfU1OHVAqpsbfS1N+s8Zi7IBsb+2ewWIHam0xLk9rfqbLF8T8auppn4Tw9G2txL2ZJLjoqbvLjpfzsOfYqSu41xPGYBQ4dT1Do8tpJX9R0vjl2HcCPFDhfB9VWMjdicwhpmHM2mhblbfwGnnuspZYxNI42yVw9whFiMXruM1rsRqDMX9K2Q5S7S9nbkC3Kw7Ft4aeGljEUEbWMbs1o0TFNEyCJkUTAyOMBrWjQAKSN73WDk5cm1VwHr4JbWSNCUOaO9MQbWk7BPsjHMppj9fyUiMX8FSQmxwAC1gjAcTeyVjQEdgtEiLByXXFoA2R3sN029xOybQkxiSwOgso7pADuouIY1RUhLTJ0jx9iPU+Z2CzlbxBUzktitAw/d9o+alY2xuaRoqzFaWiH18oaeTRq4+SztfxTO/q0kYib992rvyCppHlxJJuTue1RZHFaRxpbM5ZGw56mWokMk0jpHn7TjcqJIRZc6TU6Jl5LlqZjT3Jkm/b5J+MQ9J/KOkyf7u1/ipD8WMMRioYWUjOb2i8jvFxTArj4oSQN1Z0mCVla0TyltNA436aoJGb90bu8lLdU4LgTw2NramptcSVBBP9Vmw87pMZEocBrq5jZi0U9Mf56bQH90bu8grKMYRgwLmRipmZqZahoNj+zHr8brO4jxDjVdNI5uH1nRO+2y7n28dQFSsGGxvLqmXGaOUm5d0bXfiCgdFpjPHOIVVSTHF0cY0zyA5nefJUbKzDZZDJV4fLK5xuXx1RBPvBVxT4k5rctNxi9jeTKyndb/5BO9LXzA/yvhqv/faxrj7w1ICrjqMJbrBVYvRnsa9rx8C1PCvda0fE05HJtRA4j/5KS+hqntJk4WpZR96jnP/AMXkKDUQ0EI/lOEYnSd+e4/xNCADMk8o0qsIqv342sPxaFzaOqma8twOnqBG0veaWQnK0bmzXHTyVng/Ak3E2CVOJYFUdI+mm6N9NUWa8iwOYEac/gVccF4DxPwnxRBW1GC1D6V4MVQYgJOo7c2B1sbFAUVvCfB9JxpQYh6nOaLEKUsMcTnZ2PadydL8rLQ8K8DcV8KcSU+JRR01TC0lk7I5w0ujO+jgNdj5LWYRwRhdDic2L4YcSwyWfO10fSNtlcbkZSDl7uYWqYwRsDQSQBa7jc+9Ayhw3hLC6Ksnr6akkoJ6onpo4al2VwJvY209yvxoLJUoaXbBACA2ITgYTe9rFEyMNN9yhnqYaZmeV4b2DmUAONaGjQKLV4nDTEsb9ZJ90clU1+NuexwDugi2v9pypJa18ocWERRjQvcdT5/gEAWFdirpHfWvzOH8202A8VXT1ViDO+3ZG3/Onmq6WvDerTi3+8I18uxRc5Lrk3J1KBE+WqdKLDqs+6Nv4psON0wxxO6dYC91gLpNgOKbRYe+qIc45I+Z5nwCCmpwHXeMx7BsrOIlo1XPLMtRN1ie2TIqaGnjyQMAPMnc+aeaLDU69iYbJfdOxFz3ANBJPYouy6pDwOoF1IZFcXebDkOZXRwiMgus53wCp8Z4op6Gp+j6JravES3M5mazIG/fld9kDs3TJbLHFsZw/AsPdWYhUMp4G7X3cewDcleZ1fpnnFVJ6phULoL9QyynMR2m2io+I+NBJiL2xxU2JVDAY31k7M8ZN/5thNmgbX5rLTyTV076mXow+Q3IYwNHkBstVD2Y978HqXQVMpBNoxzG6jYdhkFBJOWEyTSyF75HC7nX7+xW4F+SExBzr2JK5cnUZJ7Z14+nxw0hi5HZ5JAZHHqMv33U1sLCNRdKWNaO7sWOzUhFrxq9x8AuIcWaHIFKdpqGgDt3TTwx24Lj3pgQrkEhpLh2nZV9fhdBXC89K3pBtLH1XtPaHBXL2aaWCiTPZHckhx70KVaHV7KB8eNYeLRzNxCHkyY5ZAP3ufmq+qxlo6s8E1K88pG6e9aCaaWX2GZR2qsqWZrtdE5xPaLrRSTfKIcWtFBUztmjd0Ul3bggqFS4tU0dPNSNcRBN7cfK9rXA7bKxqsMiLiWtyHstZVc1DIz2W3XZCUa4OWcXfJDLATcO08Fe0/EVRJhww7EiKuKJpFPK79bB3B1jdv7J8rKndBI1tywt+SnYdgWJ4nY0tHLI07PAs33nRU5JK2Sou6I8Mrm6PIcAOQ3VjBWXytpsPjz/AH33e4+Ww9y1OFejnIQ/Eprnfo4j8ytXQ4DQUDbQ07ARzI1XPLqa/E1jg9mCo+HccxZ2eRzomHm420Wlw3gSipiJKpxnfuRbmtU1gA0CcDCeSwc5z2zZRjHRHp6OnpGBkEDWAdgUlgcToEeVreS7OeQsEkgscY3tKczNHshMXLjonA3a59y0RDCLydALpQ0u3Ngu0HYEQeB2lWSOxNAspsQ8lCjeTsE7LVw0kXSVEzYm9rjYfxVxJZNLg3vSOlDWl7yGtG5JsAszWcYRC7aGHpD/AEkmg8huqOrxKqrnZqmdzxuG7NHktVFmTkkamv4poqa7acGpk/ZNm+9Zyux6vr7tfJkjP83HoPPtVaXIXEq1FIzcmwyRZNOcOxC57uQumnOcQSGGwNibbKhBOso8m+pTrZiGuFgCdiBc/wAFHmk0Iyhrb3t2ee6BDTt0042BvoFNZh8pYJal7KSFwuHS7uH7Ldz8u9NVOL4Zg78sHRmW1+lqLOf/AFW7N87nvTHR0OEVM7BNMW0tOdpZQet+63d3lp3rpsTwbBIi+JhlmG087A51/wBlmw87qor67GsWuaAvmz+1IJAXfO6ojTY3QPLpKerYRzdGSPklZVFtV8XfSDnZ55I3u06WQF59wVS7DqeodnbjVK97tSJczD8Ql+m6odWeCkm7pqZt/wAFwxKjkv0+C0h74nPj/GyQD0WC4qwg0c8Uh5Gnq23+YKlZuMKMf/ksve0yD8Qq8PwKT26OuhP+7na4fEJ6L6NjN6XG6+lPIPiOnm1yYCvx3EWEtrKWklPPp6Jl/fYFB9KYfL+uwCid3wvkj+RKuoYOJ3YLVYth2MOxGiozac6uLOd8rxqAN1o+AsLwTjrB66mxiBhxGmkDxNEBE7oyNPZA0uDe45hIDKcN4TgvE2NwYVHHUYXJOHZZRUdI3MASBYgHXxWg4Nil4a4vreH+JYXPo6uN1M+SYEx6aggnQAj5haSH0S4XTVcNbh2K11PNDI2SM3ZIAQbjkFuoIZmtcaqpNRI83JLA1o7mjkPEk96BmO4R4LqeG6upq8GxxstJVty5KilcC2x0cOsLkajkDdbZrbAAm5HPtRBcgBea4XKNsZJ1uE4GgNsgAGxa9bVOEtY25IACiVmJU9GCHHM+3sDfzWbxPGnPsJ325iFm/n/FAF3WY01maOmAe4DV52CzdXipkk6rjPKftHYeHb8lWVFa+VmeeQQw8mjn/wDY/wCdFWzYi54LIAY2Hn9p3ifwCBFhU1rI35pnmab7oO3ifwCgS1Us7rvOg2aNAPBRAUbTdADrXbWTjSb3KbijfI7IwXJ5BXFNhobrLq62w2CynkjDZpCDloj0sDpjr1W9pVpDRWIyWAHMpyCmN7lSwWxgBckpyyb0dMYqGtiRwBo1A7dkTjzQFz3G1t9gOan0mG3IfU69kf5/kkueEN+2BS00lRqOqzm8jTy7VaMbFTxENs1oGrjzTNTVQ0cRc82sNGhYvHMfxmrqKSjwuKIz1RJGe+WJo+0e1awVukYZJ9vLLHi7j6i4YDIGwuqayVueOK+Vob2k8vBeUYxiWO0lNVU9ZRijdi7vWJZD7crDs3fRvcvUqnhvDsNwWqfWEVVZPHeesnsXHw+6ByAXnxr3cZ8e0Uk0I9Xa9rI4rfzbddfFbpJGFuRUVuD/AENwxTVFTGz1nEn5ow72o4287d91BiwjFZ42yw4bVvjcLtcyBxBHdovbsW4fpcbxPDJ6q7mULy5sAAyu2tcdmmynVXG2CYbUvo6qsZDNFYOjA9nS/wAlaZKRTZWt3KRxA5LspuDfUouj79V5R6o2QTzskyk7DzKcLS3+KbN3G17WU6GA4tbubn3pt0mlmN1UoQgj53XdC0DknyHBXSROebOcB4Jp1AxwvkLladHqSGhGA62lh4JUOypOFEi5u3TYIPoOVwOV2W/JXQY8FGGuA0CqkLuZSN4bjIs9wPhzRR8LYeDmewuPedFdDMfspcshPsoaCyFBhFFDbLTRjwaFAk4dloZ3VnD1Q2ilcbyUsgJgm8R9k94V51xpkvbsS53c4SfNOPBMuSnpuJ4I5xS41TvwmpJsOm1ief2ZNver9jWvYHtcHNOocDcHzUSdgqIXQ1FEJonbxvDXNPkVRPwF9E90mB1Ffhrt+hYRJAf6jj8lp9n8EfcasAN22XF4Hksgce4qoNKrBYq5n9JA4xO8wbqXS8VVdSwObwzXnW1mvYbfEKkvTJ/k0QJcdB5ow23ee9UI4ww+GQR4nT1eFvcbNNVCQw/1hcK5jqIp4WzQStljds9hBB80OLQXZICLMBzCjg5joFVYjxVhWGZmOn6aYfzcPWN+87BXFN6JlS2Xl9dLBRq3FqLDxeqqWtdyYNXHyWDr+M8RrSWU5FJEf6M3efF35WVXHIXOzOJc46kk3JXRHC/Jg8q8G0quMZ5CWUMQhb/SP6zj5bD4qpkqJqqTpJpXyvP2nG6rY3kWKlRyG9lsoqOjJyb2Sm3Tg7yo/SWGpRiaBhzS1cDWN9u8liOwdpPgCgQ8Bc2AJPYFznRtjEkk0UTXGwdI4NBtvqdL926hPxKWaF7KWmdAZOqZ5Hm1u1rN7/ve5NPaXvbLVTPqJG6NdKb5e5o2b5BAEp2IRmR4paYvA0ZM6RzWHvto4/AKOTK4MNTUyT9H7GYhob4NFhf4p2drKRoNbKKYHZhGaR3gzl52VbXcSU9BEHUg6F5JDZHEPm8exnkPNA0i0dTdG0PqpW0rCLjpB13DuZv77DvUOvx2hwmTJRvhMtr9NIc8nkLWb8+9Zk4yyvkLX1Qpy/eWbM7zNrp0cH+uASUfEWEVUjjqx1T0bv8AEAkOh+on4gxudz6CkM7TqSHNc93eTe6iGgnpHE4vwpWSHm8OkYfeAQik4H4mp+vHhr5h9+llbJ/0m6jmp4mwglrp8VpLbhzpGj46IAR54YcbdBilC/8AfZIB7wCnIjSR/wCo8U1EHdNE9vxaSEI4txiQZZqqOq7RUQskPxF0Dsail/1jBMNf2mOIxH3tKYE0S4w8WhxzD6xvZI9hv5PCQxYq4HpsAoqoc3RMHzYVXvqMGlHWwuaI/wC5qL/9QKueJeCKnAcJw/F6KofVUNdE1xcwaxOIvY23FufcUAVMs+HMk6OqwOSmk55ah7bd9nArb13ocqi2OowrFoJoJow9nSsIOovuLgjyVtLh+A+kjhrBZ31zaPFWRmEthYHOOXQhzfu6XB71ruHsHxPCKClw+pxZtTTUbMkYbDlc8csxJOw0FrJDMjwLw3xNwlWVkNXQQ1lBWxZHsjnbbMNic1tLEg6LXUvB2CQAVBwalgme20ghLg13aCBYOHiFdgJ14vGLA6boAaADQABYDQAckq4NJNgnWR2PWsUAAGlwvbROtY1tiBr2pdA0nYKqrseihcYqYdLJ2/ZH5oAsp6iGmjMk0gY0cyqDEeISWHonCCIbyO3P+fes/iOPZ3uLpPWJT39Rvd//AD3qlq6k5ulrpje3VjG9u4bNHf8ANAFpPiss73MpA4X1MjvaP5eKq5a6KAuyETy7l27Qf/l8vFVk+ISTjI0COL7jTv4nmmmPKBEmSd87zJI8uceZStKjtJUmFjnuDWgknkEroKsca3zUylopJiD7LO081KosOa2xmbndybyHirmKFrfaA05DkuSfUXxD/s6YYa5kR6WjbC0Bjcv7R3U5jGt7yk2F7e9dmF9Rdc+uWb+OBwuvsfciigkmdljbtu47BPU9G94EkvUjOzRu5T5pYKKlMs72QwsFzc2A/MrRc7IbrR1LSxwC7es/m8/h2IJ65sYyQ2c773ILP13FuF19FNT0NY98rgMgia4km/crA7JytCjTGarPMCNXvfoNdyUtHh/q9cC9gDwACfDko9ZK+LI5ntZxZael6KsgZPlGe1itcC4bMM/LSMP6S8S6DAfV2Os6peGeQ1PyUD0d8MOpb41WQPZK9uWna7SzDu63etPiXDlHjWMmeuhMlNSDLFGT1XPOriR3aBXURbky2AA0t2LauTFPiivxWWpw6hqa2GDppYYHPYwfaIC8ZHCHFOO/6VdRulNWTKXve1pdfnY7L1nF+JqWnrnUAkPSRs6zQ29weWixWMY3irsVmNM4Rw9XI1wcCBlCzeWMXRaxSaslwVNRTXf09gdT0h0PvUwcQQBnWY9zxyZqD5lVopqGJ5bPUuqpx/M0o6R3m7YeZVZidVRuqAxszqawt6tTu6eVx7SRo1bw6bp4fnJv+DHJ1XV5f6cFH+eX/wCGgZjxlqWM6EBrnAEXu63crnJY6AWHxWXwDGJ6CjqoIMPZD0oGSWdwkkHae7lopsOIYlNbK8OH3iwALk6l4W0sSqjr6TH1EU3mlbf/AIX3KxXEW2YT4KBTzVQe0SytddwFgyytABbZcp2NNbADXEbW7t1wYd7py1t/cuFk6JsENKMMtqfiu1AvcBLmsO0qkhWJqRoLLgLb3XZiuBJ2/wA+aAOudBz7EoHmlDbDYeSIAKkibEDbjU37kYsNggL7afAJM19NlSEJL19FHLWN0Ase0Lq2vpMPh6atqI4I+1538BuVkcV9IEIvFhVN0n++mFh5N399k1Bz0JzUdmsklibA8VBj6G3XMlstu++iwuLV2B0E7peHpaimqzu+kfaB3i06HyCz9dilbicmesqXy9jdmjwA0UYLox4e3bMJ5r0i4r+JMWxOMRVNWejtYsjAYHd5tuq5mg0TY3TjV0JJaMJNvY/HYlTIR3KLDG51nAWaTbM7QX8VNaI425nVLDyawC73u7A0a78zZMlEqMaX1sNSpD5IaUR+tSGn6W+TMwkuHcBr/ndVwnne1sbYjRkWJkz55Qe46BvzTkEQEpy5pZpTq43e95+ZSGTfpCokkPq8UUUQFo5JYryDtIbfL4XuUgjja9shbnmtlEhF3uQSvgohatn6N4/mIrPk8+TfM37lXVvEop2AU/8AJWP0vE7NK4X5u3HgLBFjouZ+jpResl6EjXomjNL/AGdm/wBYjwVdUcRdAD6kwU2n6wuzSn+ty/qgLNev+tkRetMpmudq94PxI5K2peDaupAlw3iPB6iTcM9ayO9zgpKorKrHa4vL6XNCGts+S1yTzNzsotFij6eYSSU1NVjm2oZmB+K3sMXpMwiAN+iqevgAtpFDMCP6puq6s4gLXEY/6O6In7T44H07veAgfBWDiHh6dlq3g2kvzfS1MkJ92oSOdwJVX/k+N0BPY+OZo99inHV/AdbfPhWK4c7/AP56lso9ztUJwjhCpt6rxZLTk/YrKB2n9ZuiAG2YNw+XZsO4t9XceVTTPi+LSQp8EHE0DQMM4uo6to2bHiA/6XqCeD5Z3tZhmMYXiMjzZkUM5Ejz2BpAUOs4S4goC71vBatmXciPOB5tugC0r6/iqljdJidBTVcLLZ5H00cjRfa7m7easuBMJwTjfEaugxGkiopmQdJCaQlhcb2J1JGlxpbmpHorxehoavEsBxkRxUuIQ5j0/VF2g3Bv2gn3LT4L6OcOoa+HGcBxiup3MJ6MywhwcDcG4cGmxH5oFRW1XoYgLyKXFporcpog/wCIstZwtguO4FhMOE1GI0ktLA8lr443GRzSb5NdAL311/FXtHTOpoBG+pmqX3u6WZ13OPloB3DRSnCwGgQMaZFHGXOZGxpf7Ra0Anx7Ua7TsRMYXHewQAidAdksTvyStbZv4oZ6iGmj6SZ4Y0cygBwADlZRK3FKagaekfmf9xu6o8S4nJa8UxEMbR1pXGx/gsdWcQGRxjpAXvcf1rgSSe4fn7kAaLGeIyWgVEvRxnUQs1c7/PfosxUYnUV7X2tBT/aubD+s7n4fBVdRVRwvc6oeZ5zuwO5/tO/Aa+CgS1ktS4dI6zW+yxujW+AQBZyYkyLq0ou4fzrht+6PxPwVeXue5znOLnHUkm90yHDVGwEoAdHLuTrB1UEUbnvDWtLnHYDmr7D8EcWh9QAf2L/NZZMsYLkuGOU9EXD8NmrCC1uWMbvI08u1aCkw6ODqRj953MqZGxkcQAAAaLABELgaBcU8ksm9HXCChrYUcbIm9XdK2VocdNRsgvYWvdPU9E6pOb2IwbF5/DtUf4RX+WdETO8MY0uceQVlT0TIrONpJP8AC3805HTRQR5Wtyt+0SdT4lYjiz0lQ0YdQYC5k046r6q12R9zfvHv28VrCDbM5zo0XEfFmGcMUoNVJ09Y4XZTMPXd3nsHeVRYTjlRxNS0FdWNYHPqJoujaOq0ZdB/FeUVM81VPJPUSvllebue83Lj3lb3gSYjBItP1WIt/wATbLTNj7YGWObchPR1IYsSxKmOhAGngSFvr6Lz3hv+R+kPEqfYPMoA/rA/it/m0Wc39xrD8SHXAkMcPsvBV9h0hiIjNxdUdbNBBTyS1DwyJou4k2sneGsbpseo88TrPhdlkHM9h8wtsD2jnzrlM0cga0FsTb31J5AqHHCXPcHkusduSsnBvRaCwCjlrYnukJ6pGviuhmB5dxfL9EcW1U9GG5nxMMod7tFWHHJHnM6MEntAS8d1PS8WVLmBwaWsGvOwWfN3nNnOq5MmOMnbO7DllCNItejq6tnRVFQ4xnaCAdHH7hqfNWVHgj2NDWsZAzsaAD7lYsdBTjLTwi1tSNB709H0sg9sZSNGxi38VzSyyls7I4oxG4qGCmsdM33pNVJ6VpuGlzwOwH+Ccgw8l+ZwDPHUqdHTRRuvbM7tOpWd2U5JEClglkla8x9GwG+Z2/kFc5jyCbuBt8F2fRWmYydjlyTqlB8PFAHc7FKLnc2VkBm19dSiA019wQgNF9NfiluqJCy6W0SbbfFCZNND5oS+1z2bkotAOGQAfmUmcu5rO4nxnhOHXayX1uYfYh1A8XbD4rH4pxri2I3ZFIKOE/ZhPWI73b+6y1hjnIzlOMT0DE8fwzB2n1upaH7iJnWefL81j8U9INZUZo8NhFKw/wA5JZz/ACGw+Kx5JJLiSSdSTuVy6Y4YrfJhLK3oeqKmermM1TM+aR27nuuU3dIlWxiKEYTbntjbmcbBO0c9HNmbOXRga9Kw5iO7Lz96AHY48zS4uaxo3c42CeIjhIcJGuPJpFyfLkPFRG6g5rHkO8J+kpZah/Q0sDpHfdY3b8gmKh+OrqhIT09gdAQ0ZgOwHl5KTSmR7ugpojmk9oRNLnv7bnc/JLFSUdPK1tXVMklJt0MLxlH70moHkCo2IY0I89NS1EUVPoDHA0tz+JPWd5nySbGkWDxTUR/ltRd/9BTkOf8A1ney3yue5RKrHZWQvbTZKOI9UtjJzvH7Tjqfl3KmaMQrZWtoYiTsAx2qN2D8QULs82E1BA1OaEvHwSK4ItRiE7yTECyPbt+KSkrmwTCSejp6tvNkwNj7itFRccjD4hBW8MYbKy1nAxlhPvBUkcQ8AYj/AK7wtUUTju+kmv8AAEfJLkp14ITMd4SqGBtdwh0Z5vo6tzT7joj9X9HdaTkqscw1x5SxMlaPMaqQcJ9HteL0nE1Zhzzs2qpy8DzAHzQn0fesn/RPEuD4gDsOm6Nx8jdAhIOHcNBzYLx/SQuvo2cyUx96uIKL0k0oBw/H4cRZbToa5kwPk9Zqu4B4noIzJLhL5Ih9uGRsg+BVLPQ1dA/6+lnpnD78bmFAGyxLHOLqCMv4h4XoamEGxkqMPFv7TUHDg4e4zxyHCKnAqXC3TtcRPSyvBuBezQTa/jdSvRPjbBxO/D8QkNRFXQOij6VxeA4a5deRF/grr/sugix44hw7xBFG6kqA9kRjziJwNw3MHcttRsgDI1HD2O8B8YR1UNDU1MVFOHxTxwuc2VniBoSCQe9e20uL0ONTF9C2WRgaC6cxlrL/AHbnd3bbZOUUOJB75sQrI5XvAyxQx5GRdwJ1d4n3BTfNADLqaKVzTLDG8tNwXNDiPenSlt3LrX0BKAEsjtmAsdUrY7EZjfuTlut5IABsYB118keguSodfi1JhzT0zwX8o27n8ljsa4pfIwmom9XgPsxt1LvxPyQBpMR4jgpm9FS2mltuPZH5rFYzxKOld00hqJhsxp6rPE8vAa+CoKrGamuLoaRjoY7a2PWI73cgqt9TBTdWLLUS/ePsN8PvfLxQBYVVVPV2nrJhHED1RbT+q3n4+8qDLiLspipmmJh0Lieu7xPLwHxUCSaWeQyTPL3HmV10AHexRNuSgGqkQwvkkayNpc46AAJN0FCtbqrHD8Plq3Xb1Ixu9w08u1WGH8PDR9X1ncoxsPErRQ00cbAzLoOQXFk6nxA6seDzMjYbhcNOzK1oLnbu52VkI2NAAGyWNoY2wAAK4loG1yub/L2dH+EcXsad9eSAvLzb4BOw0rql1mjbc8grSlo4qc3YLuH84R8uxCTl/AOSiR6TDr2dU77iO+3735KRiWJ0WD0LqyvmbDDGNO/uaOfgmsWxSDB8JqcQlt0UDC6x+0eQHeSvDcXx7EcckdVYhO6R8jrsZs2NvJoC6seJs5p5C84r9IFdxBnpKUOpMPOnRg9eX98jl3D4rKXQtO5St62y7ElFUjmbbBdKGTNa5twewr03gaioRw02oZJUPM8jZHss0Br2nSx3svL6hpjnjcQNxoV6f6O6qmfgU/rL2xBk5OVpAAG/PZTNJrkataLChqcCnxB1UMLtiD29I90kxvvlNrW7FbT1dPQ001TM4Q07OsC43AFhtffVUVfX8J4TiDanoWzTm4LmzZg087i/aVlOOcbp8XxVrcOrL0PRtOQXawPHispY+9UPHNxbsicT8VT45UlkeaOkYeozm7vKb4Y4gqOHMZhq3tkFPL1ZWkEZmE7jtsokGBVNVhc+IMlgbHFezXvs6S2+XTWyiz1VVXU8frFUZRSsEUTHnVrOwdwWsYqKpEybk7Z76OM8CbEw+vwkPaDcvACiS8XYC4/W4tBbsDtFmfRlU0WI4LJRy0sJqaN9i4xi7mu1B+YW4FLTDamiH9QKqJPI+L66lxLiSaakkEkBa0Ne3Y2Cog9zOqHkAK946aI+K6kxsawaCwFuQWd6Nx1BWLOhaPUocOzN+tIt91ug8ypjI44W5WMA7mhLmuElzzNl5KR6LlYettTbuC4HuSAE+y3TtKIWbqRcqkiGzmtc49gRizbDcobm3YFwIAvew71aJY4Cd12ceJ7FHkl+6dPDdQ67F6PDY81ZUsiHJt9XeA3KalzSBryyyMjR3+CaqKuOnhdLPIyKNu7nuAHvWIxLj55uzDKfL/vZvwb+aytZX1eIS9LWVD5n8sx0HgNgumGCcvy4MJ5orXJucR4/pKYuZQQmqeNnuu1n5lZHE+IcTxYkVVS7oz/NR9Vnu5+arLpV1wxRjo5ZZJSOulSLlqQKlQk2F/knHdFYdHKXm2vUIsgQl+9SaeoghYS6kbLLplL3HKO27efLnbxTAkeIzGHWYTcjtKdpaOorCegiLg32nnRrfFx0CAGKgPq5jJUO7g1osAOzRSaWknq3dDSwFwbqQwWaO9x28ypGTD6M/XPNdL92MlkQ8Xbu8reKi12MyyxCF7g2EezDEMrB5DfxNylY6JogoKP/AFmb1uUfzVO6zB4v5/1R5piqxt74zT5o4IP6GnGVp8ebj4kqmdWZ9HXA7krIqOT2qh8fi26Nj0SyZ6mzacb9+qlDgzF5oGTQNgnLt42ztD2+RIUGPC2yG9PiEBPIF2UqXFQ8RU+tLJI8f7uUO+BT7Rd6IlVg2LYac1Th9XT2+2Y3Ae8aI6TH8Yoj/JsVqmW5dKSPcVaQcUcV4T+sZKG8+kgIB8xZSRx5TVfVxfh6jq7+04AB3vIv8Uh2R4uPsea0MqDSVzPu1VM19/dZO/pXg1Uf9I8H4e483UrnQlOeucAV2smH1+GvPOJ5c0eRJ+Sl4dwHhnEkkjOHcdkmMQBkE9MQGA7Am418khlfn9H9WPrKXGsOcecT2StHv1T8PAdNj1HVVXClfNXikAMkdTD0biSLhrTzOnZbvRVfow4kpr9DHTVQH9HLlJ8nWVx6Pvpzg7HZY8TwbEI6KrjyyGOndIA8XLSMt78x5oAynBWM/QvFmH1NU9zqZk2SRriSGZurmt2i6+gan1KetNKJo5Ji3O6EEOIHaR2FVTcBwvG43z4nw3TwukcSGStaXkdpLdj3XVvh2F4fhdOYaKmjp2uN3ZQbuPaSdT5oAr5uFMBqZA+XB6QyA3EjYgxwPi2xVpT0tPSQMgp6dkMTBZrI2gNHkE74FdqgDtO2yWyVrSSLjQpzI0EWaBqgAWsNxf3XR5RcaLiQCL6AKixXimmo3dFTWnl1FweqPzQBdT1ENKzpJ5GxsA3cVl8U4scS9lHaOMN60r9Dbt7lksc4nvOXVU7p5xoIWG2Xx5N+azFTXVeJ3fPII6dh29mNv5n3lAFziXEoL3ilPTSH2ppBceQO/n7lTTv65nxCZ5kfrkveQ+/2R4+5QnVzIerSA5tjM8dbyH2fHfwUQkucSSSSbknmgCZPWyTt6MARRA6Rs28zzPimAdUDUbQkAo1KdDdkkMT5XhkbS5x2a0XJWlw3h0C0tYMx3EYOg8SssmaONcmkMcpvgrcOwiorjma3LEN3n8O1anDcLipRlhb1vtPOpPmpcMLrAGzGDS1rDyUmwaLDRq83Jmnl3wjuhjjD+Qo2dXK1u/MlH1WC17lNmS3NDHnleGMaXuOzWqO5LhF03scLjmJJUylojOBJISyM7drvDu71IpMPZHZ0rWveOW7W/n8lKa8BvW3vzWsINvkzlP0ExjImBoaGMGzR+PaoGIzYxLIIsMghZH9qadxHkGj5lTC8uN1X8QY3FgOCVGIS2cY22jZ9950aPeu6GGuZHHPJ4R5dx/i+JOxE4NU17J2QZXSNiaWtDyL2PbYfNZaUgSZBs0AK04jw99BXUMVU4vxCoi9ZrHH77ySB5BUpOaRxPM3W/ky8D2S0d769icZJlYAE0H6LsyYjpWtlNzyWo4O4elrq6cVVHL0D6V4D3Ahoc4dU371knvdfTktpwjxTVunbg4oo5jUzdIJXOsWkNvbbbRRP8WVHZaY1wUcRdRPpX01K5tOxk4IJu/YnQa7bqnxjgaHD8Cqa5uKGWanY1zoxEA03NtDe/PsVhj2PYxhtLS1EMdNTvnzNdZhkLC07XcTzPYshiOMYligYK6rfMGey2waB5ABTi5jxoc98gQYpPDhxozq3WxJ2vuoTT1gHXDb65dyEq6y0ok0/o8xM4bxhTMzEQ1V4XX7/AGfjZe35F830U7qWvp6hps6KVrx5EL6XZZ7Gv+8AQmI8U47YW8UVh5Zmn/CFn87m6AlaLjq54qr9bguFvcFQtY3KM2/iuds6EuD1gBx2s35ogxrdXalDmzDqi6Qua3Um5P8AnRebo7Qy4kWtYLuqBc/FNOmOUnRjRqXErP4nxlhlDmbFIa2YaAQnqg97vyuqjFydRVkyajs0TpLmzQqrE+I8Mwq7amozzDaGPrO/h52WFxLivFcRDo+m9Xhd/Nw6X8TuVSrrh0r3NnPPqEuImmxPjevrCWUbG0cXIjV58+Xks5JI+aQySvdI927nm5PmhXLrjCMPxRyynKWxUi5crJFXLlyYCrkilU9BPPH01mwwf00xys8jzPcLosCOpFLQVFW0viYBE02dK8hrG+LjoifVYbQewz1yYfblGWMeDNz5+5Q6zFKuuymWR3V0a22jR3NGgSsdFjnwuhIDj69MdBe7Igf+p3wCZrcSnmaGyvtG32YWANY3waNFTZnNObLqTu7dOMqQLZ4g7zSGLLPM8FwBDdroWTPbu1rvEK+w7itlJTerSYfRzwk3LZ6ZryfPdSvpDhGu/wBYwQUzj9qjqXM/wuuE0mEnHwZ1s8B/WUjD+6bIw3DJNHdNEe7UK+dgPDdWL0eM1VMTs2ppxIB/WYfwUeTg6rcf5FiWG1nYGVIjcfJ9k+fRH2vTKxuG0kx+pxGMHskFk/HgWLs69HKJO+Gax/BDVcOY1RjNUYTVtZ99sRe33i4VcCY3aOLHdxsUWh0/ZdsruK8O0JqyByezpB+KIcYTyXbX4ThtZbQ9JBZ3vUXC8YqKbEKV1TVTvpWytMsfSHVlxce5eq8Wejii4kkhxDDJ4qGUsAdljvHKPsnTY2589EmxpGcbwJScTcERY9g0LIcQdmd6rAbRus4gs1PtaXvp2KP6P34pwfxKfpXD6umoqphjme6Fxa0jVrrgHnp5rW8IcNcVcLUtTh0c+HSwTvD453OeehNrE5LDNfTS42W3pWSxQsZJMZZA0B8lg3MeZsNAkMYw+rGJMdUCkmp4ifq3TtyukH3su4HjY9ymWLTa/uR6220Qm10hhNFl1u1c0E7XRtjObVMQLWgutp5pzowCLX80oADh4JupqoKSPpaiVsbBzcbIAdO4UDE8ao8LA6eS8h9mNurjp8FmsY4zke/ocOHRsF80zt7dvYB3lYLE+JWF59XPrEvOV2rQf/l8vFAGsx3iuWdueaYU1NrZjSbu/F3yWKrseqa2ToKJjomu0Bb+sd5jby96rZXSTP8AWq6ZwzbOdq54/ZHZ7go0laSx0ULeiido6xu5/ifw2QBIc6ClvnIml/o2nqj94jfwHvUWeolqHB0jrhujWgWa0dw5JjmlQAYKIaoRyT0ML5pBHGxz3u0DWi5KTdAuTmgqzwvCJ8RkGX6uLnI4aeXarHDOHW3D6vrO3EYOg8StHBTnL7Iaxu2lreS4M3V1xjOzH098zI1DhUNKQyCMjTrSE9Z3n2KzDAwgW07EcbMreq21+Z5o7W038AuLlu3s61S4Q0S48vBLYkWLrJXtcCDc66KbSYdqHVA8I+fn2fNJRcnSBtRXJHp6GSpJIIbGN3nbw7yrelpoqdlogQD7Tj7TvHu7kpyxNBflAAsBawaFWYvNPPg9bDRTOhndC8RyN3BtpZdWLDzwc+TLxyMY1xvhWDYjBhrn9NUyytY9rDpCCQLuP4K6e6ztV84uLi4kk5ibk87r3fh/E/pfhyirr3c+IB/7w0PxC9CGNQOKc3Itw66yFU48U8bR0Xt4dgpEk3MPn5Dy/NT+JseGB4LLUsN6h/1dOzm552926ThTCzgmBxwy61Mx6aodzL3b+5aEHnPHM5n4/ryTcRhrB5MCzQOq0XFLG/p5iAeT13XHmwLObGxS8jehwFEmgUd7piCAbfrOyi+p7Fv+D8Cwehxs1dVxDTx9B+q6SMsEgI7Sd9bWXnjmlynUmI1sUsTG1GVtw2+UGwv3qZK0UtnreI0PBNXTsp67G+nEcz5W+rguILjcjqg6Kqrx6NaejtFE972B/XdC4ufcba21HK6z3ENBJBheIudWVEj6asjY27zbo3NBtYd5WPAAWWCUZR+3ReSLT5FOUO55b6XT9NURBxc6mjkyahrr2Nu3XZRXC65jcuvPtW5kOyvEkz5GxtjDnXDGbN7h3L6YotaKnvv0TfkvmeMZpmA83AfFfQMWPU0cbG5xo0BAHl3GTieKsQB/pLN79As/kJ3tdWHEdaKvHq2aMmxmda6itjzNDm2IIXMzpWj1AyOIsBp8EzUTspoJJ33d0bS4gc7BA+btNu5QsSmH0dUgneJ3jsV5qfJ3VSMBiuPV+MSE1EzmxX6sDTZjfLn4lVyi53N2KITkbhe1FJKkeU227ZISppszT3Iw4HYqiQlyRcgQS66RSoqCV8Ylmc2niOz5dM3gNygCNdSoaCWSMTSFtPAf52U2B8Bu7yCMVFLSj+SQmR4/np2g28G7Dzuq+tqpqiUvkmc4nck3KQ6Jr62hoh/JofWZB/Ozt0B7mf8A2v4KFU1lZWP6WoleewuNyB2AcgomYtFmgi6cjmy7xByB6BLHuDpGs6o1LuxIx7hq1y0WEcZ1mDxmKnZEI3HrNkha6/id1YnirAsRP+k+HcPkcd3w3hd8EJMHKPizJtqpGixa1w7wj6end+spR4tK07sP4JrgTDLimGvO18szB+KZfwVFOb4ZxHhtRfZlQ4wP+IIVcon7WZ7JQP8AtSRnvFwu9Qif+qqmO7jorSq4M4ipGl5wuWdgHt0xErf8N1SywyQPyTxPicPsyNLT7ilaDtfhjhw6qZqwX72uSGauprBz5G32zag+9A1zm+w8jwK9c4Pw/CuJ/R83Dp4QLPcyZzLZ2yA3Dwe2xHyRfoKfkxnAuKS1PFdDR1dXLFBK4j6pxZmdlOUEjkSvY6rA8OxEWqsPpqjt6WJriPMrCO9EJZMypwrHcj43B0ZmjDrEG+7e/uW+w3DcTFT65imINleG2bT0zTHC08yb6uPjp3JN2UlWijqvRhwxV3PqT6Zx508hb8DcfBXGGcMUlDHAyaqqq5tKA2mbUyAtiA2s0AAnvNyrvxaluDv8QkMHKAF2l0pAtp8ErWF3cO0oAMG42v5rg3Mey26Jgs0bXRN2PigBGtAJslJANydLKtxPHqHCQ7p5M0ltImauP5LAY7xfVV2czStpaQaBoNs3d2uPcExGvxjjCkoXmGltUTAG5+w3z5rAY9xI59R0ldUOlmHswMOo/Bvz7lnK3H5ZnFlE10QOnSH9YfD7vlr3qucyODWpJL/6Jp639Y8vmgCZVYhW4q5zCQyFupjabMb3uJ38T5KKaiGDSECaQfzjh1R4A7+J9yjy1MkwDTZsYPVjZo0fme8pvZABvkdI8vkcXvdu5xuSkQ80TRdAHBEAjhgknkEcbC9x2AWmwrhuOMCWttI/kweyPHtKwy54Ylya48Up6KnDcGqK8h9uig5yOG/gOa1tDhdPQRWhaQXaF51c78lMigb1XPvp7LRunwRGcwAzcudl5eXPPL/hHoY8Ucf8gxwZLZurbZgPzTucyMNjre1uxCx+W7iM5KXPc6NHkLrC6NasdD321GvbdHDFPUydHE3X5d5PJHR0EtTaR56OLttq7wH4q7igbG3I0BjByHPxPNbQg5csznNR0R6Sk9XcAHdJJa5eRt4fmjnqYKKMOkcMx2HMqNiOLMpS5kAD5LWudgs7NPJO8vlcXOPMrvx4bXOjiyZa/ktJsRdO4k6N5NCaFSRzVXnIJ70nTHa4XWklwjlbbds844lohQY/VRNFo3v6Rng7Vbn0V4l0uHVmFvdcwv6Vg/ZdofiPiqDjemztp60DVt43n4j8VC4FxL6M4qpXF1mVF4H/ANbb4gKgNJVySYxxu9lS1wpMHdZrT9p/b/nsWk+k7HQlMY5AymrnTNYAagBzyB7TgLa+VlVOmN0CbM3xsMvEcVcBpMxt/Fuh+FlnJm2ke3sOi2HENKa/DTlF5ITnb+IWPc7PG1/MdV34JeSk7Q0CjBSFvMbLgmIMIr2IPZqgBRFAHoOPfX4Zi9h+spaWoHy/BefL0B59Ywvt6fAh72O/ivP1w9FqSOnqNpnLly5dxzFhgNG6uxmnhAuM2Z3cBqttiNZNSgkt05FYWhxCowh8VXTSMzSEtc3Qmw5d116DHUU+LUDKiJt45B7LtSDzCQUYOtqRPVSPIyl5vdNiUtFs2y0GJcMtmJdTnI7sOyo3YJijHFvQk25hS42aKVG5knldzsFEqyTSzcyY3a37kYeNSWkeaYq5x0EjeWQ6DwXkRXJ6r0edu3SJXbpF7J5By4EjYrlyYBtmeO9Pwyskka17sgJ1da9vJRUcLmtmY54JaHAkDmECouad15RDhtI6WblI9uZ3k3YfFWrcBZAfWsercjjr0Qdme7xPJMTcTsp4OgwmmZSxkauA658SqKermqHl0j3OJ3JN0AXeJ45RuoX4fQUMcMDrXcdXEjY3UjhXBOHsTIdiWMMhmvb1d/UcfBx0+aywF0WUJONlRm48o9om4B4brKdg+j22aLNljlcCfMHVUdZ6JaKS5ocSngPJsrBIPeLFYCgxXEcMcHUNfUU/dHIQPdstNQek7HqSzaltPWsHORmV3vH5IqtC77fIzW+i7H6e5pzS1g/YkyH3O/NZ+u4axnD7+uYTVRAfa6Mub7xcL0zD/SnhFQA2upZ6R3aBnb+a01Bj2D4m0GjxCJ9+Wax9yOQ4PnrLldYEtd2bFONnqWbSkjsOq+havBMLxNh9aoKWpB5via4+/dUFZ6MeHau5jgnpHHnBKbDydcIsHFHlOFYnVtxCni9afTMfI1rpIyWloJ7l7jQQxV9N6rVRipLBb68B5cO++6xFX6HZiSaDFgRyFRHY+9v5LW4LgPEMb6cV9ZT08cDQHupXF8k5He4WaDz0J8E7vZKjT4Oq/R3w1XEmTCoonH7UBMZ+Bsgwv0d4dhT5Y6bEcQbSz26am6UBsltruADranY6rX6bEJRblZKirGaWipqKnZTUsLYIYxZsbBYAJ+xA0PwSWSi/JMR1z2fFKDrba6JrSTYj3I7WICABLBlN9SnALFBIQ2NzibAC5JWbxzjWkw5ro6MNqJh9r7DfzSGX9RWU9FS9PUzNijA9pxWLxbjmSo6SDCmmNtz9cfaI7R2BZDGeIpJDnxOoe+Ujqwt3Hls0ePxWYqcRqcQPQtHRxE/qmbHvcefnp4IEW9fxAyOWQxv9bnedXkksHn9r5eKpZZJ6x/rFVMcu2d+3g0fgEyXwwjlLJ2D2B+fy8Uy+V8r8z3Fx28PyTAfdVCMFtMCzkZD7R/Ly96jrrpQgBQlSWTsMEk8jY4WOe92waEm0uQXOgAFa4XgVViPXt0UPN7ufgFa4Xw4KfLLVsbLJ9lh9kfmr9jHezoe4DRedm6z+2B24um8zI1BhNPSxhkUYB+04nU+JU+NgZuLAd2p8ETYQ0ZidRyGyAAuJvYncAjdee25O2dqVKkSo2AjTREWho0smQZXaZcvan6ailqnlrLi3tO5DzT3wkD45Y1YyODGAucdmhXFDhYYQ+pALuUfIePb4KTS0cNI3qC7iNXnc/kF1RVx07Tc6kaAbldGPDzzswnl440SXvjiBc4gW5qsrK90vVjcWt7RzUSaplndd7tOQ5Jsm69HHhS5kcM8l8IZkYCmJGAbhSiEBbdbmJAksL/mmXOAGuqmy097lQpaQ2NkxFZjUMVVhVRG9zR1MwJOgI1C89Y90b2yMNnMIcD2ELWcVvmioRHYgPfZyyZFrag6ckDR7FVVLcW4cpMSaR12NefPQ/FUZdrp8EvANWMQ4aq8KebugJyj9l1yPiCs1U48IZHRxxuc5pLTm0FwgTRoHvPasfjNPHRYk4M9mVuYt7Lrp8brJRYyiMdjVXTSunkD3vLyNLkoGuA7ZTvdp2KG1ndyBri1pNxbsXdJc6BAx0Ik7TyluHzsc1rg4ixI1ae4pm6BG/wAGPTYdhV9RJR1MB8tQsERbTsWy4bnAwvCiT+rr5Iz4OYss2gqqutkp6WB8rg8izBfmuHpuMk1/9tnTm5hFkNzrK04dwOXHa0svlp49ZXje3YFf4JwC58rZcXcWt3EMZ38StHVcEUcjxU4XLJhlU0dV8B6p8Qu45jK41wKKCilraOeSURjM6N7dbc9UHBFdeofhz3aSdaPx7FpzjGL4EDDxJh/rFIRl9dpG5hb9pvJefTSxYZjhnw2cSwxS54Xjm3cD8EhnqBoJCdL+5J9HSfd+CvMNkjxHD6etiN2TsDhZTBTdyVAeYOke7ckDuTctuidf7p3XZ7C+gtzTcjs0bncrc15iR6jfBiXbpErvaKFeoeYKkXLkAKuXJEAEHEI2yjmE2uQBIbI080YsdlEShzhsU7FRLXKO2dw31TrZmnfRAqDsubdrg5pLXDYg2KUEO2KWyYi2oOK8cw2whrnvaPsy9Ye/danDfSrUR5W11M4jm+J1/gfzXn9l1kh2e2Yb6QcJr7NFVG15+xJ1D8VooMYp5Gg2NjzBuvnEC6mUmKYjh5BpK2aID7Iecvu2RQ7PoxlZTybSjwOieBa4aEHwXh9B6RcUpyG1cMdS3tHVd+S1/D/H+D11dDFUSuoyTr02jffsjkfB6G2O++iNgsF0Usc0YlhkZJG7ZzHAg+YTVTW01BSmeqmbFG3dzikA+PaPkqrGeIsPwZo6eUOlOohZq4/ksjjXpAmqZX02ENdGw6dKR13eA5LAV+NMbM5xkNVOTqcxLQe8/aPh70CNZxDxfWYkxwfKKWjB1bewPcTu49wWNreIJHEsorxgadM72j4D7Pz8FWzTVFdJ0k0mbLzdo1g7AOXgE10rIzaIXP33D5BMA8mXrzuIJ1tu53+e0oXzlzcjRkZ90c/E80ySSbkkk7kpQgDkoXAJUAdZG0XRQwSVEgjiYXvdsAtRhfDccOWWstI8aiMatH5rHLmhiXJrjxSm+Cpw7BKivIfboof6Rw38BzWsoKCChj6KljFzu87u8SpjILb7Dl2JwSsa2wtdeRl6ieV86PRx4Y49bBbEG9aR1vxUiANdHcNIby7UyGmR1r303KkANDcrdgLDmsFwbMbnI9hg0XRMLNT7yn4aZ8rwyNpLjsArWmw6OnHSPs+QczqG/me9XGEpPgmU1FEejwx0lnz5mtOw+078latayONsbGBrRs0bIHzNiYXOdYDdxVXVYl0hLI7tYdzfUruxYb4Rx5Mvlkurr2xno4iHPHMbBVjnue4uJJJ5lN9J3LjMu+EFBcHHKblsPXsSEu7EPT9iTpiVZAV3dqSzj9pAZDqgc93amAZaTu4hR5WNDTZ/xSl7iN007UaoAo8awyTEad0bnHQ6WWLrMKq6AF0zPq72DwvTHXtpoqzFqD1zD54rXc5pLfEahAGe4DxH1HiSOJzrMqmmI+O4+PzTXF2Fy0XEFWY2Ximd0rQOWb+N1SQzPpqiOZhIfE8OHiCt9xQ011BRYnAzOyRgzW3AOo/FAGHp46UjrAl43DipDmwluUtbbssukpWzajQ9o3CFhkpCDUR9JF98bhAwHU8B2BB7io08bY3ANvr2rT0dNR1kYkgc1459oVHjDWtxOSJosGWagCRhlL00OXo893LTUPClLUNBlg8gSF3CuHA4eyYjVzithSw5AECKvh7hhuHwPiqhFMDL0sYaD1Da3PmtDFh0UQ+pY1l9SGiyKPQJ3pC3kkkkO2IyNzNHC4TzI2j2TZMmpf8Acum31E/2YkxE8AbOFwd+9eecfcG09PTS43hrRG0EdPTtbZoH3h2crhbP1ysaNKcuUHE34vW0U9KyhjyzMLDm10ISsZS+izGulpp8Imf1ovrIQfunce/5r0NeVcKcF8QYVxJTVUjGxQROJfJnHWba1rL1O6APGjMHeyc3Z2BcdWm+unNIGgnqhHlFu/4Lzz0PBjH+0fFCjk9s+KFegjhezki5cgRy7klSIA5dyXLkAKuXLkAcuXLkAcCRsnGzPbzTa5AEhtQDuE4HtdsVDXJionhEoLZHt2KMVDwgVEuylwUDuiFRUyNpqc7PeNX9zG7u+Xeqr1l99LD4p10skxD5ZHPda13G+iAo1XDHFr+H8T/0dTgQPY4OErrukdbQnkLdgT2L8Q1Fa/p8SqXOcdWxjfybyHefishFK+KUSMdlc3Y9iOznEySOPW1LnakoGSqnEZ6oGJg6OJ3823Uu8Tz+Sj9SP2zmd90HbxKAy6ZYxlHM8ym0AOPkc+1zoNgNghSBFZAHBKFwTsEElRKI4mF7zsAk2krY0mwAFaYbgk1cQ994ofvEau8FaUPDzKZolqSJZdxGPZH5q8ib0YsGtv2di8/N1iXGM7cXTeZkejoKejZ0dNGRfd3MqzhjdG0W2HM6JI3GMezqe3dE3M49Y3HcvMbcnbO5JJUgsznHU890JaB1rafNOZb7EBEGZgAN9gEhoKENLAAR3kKfSUbqjVoyxjd528B2ldTYW4FrqrRu/Rcz49nh8lb3yNA00GgA0C3x4r5kYzyegIomU7OjboDv2u8U1V1kcLbuN3cmDdMVNXYlsZu47u7FXlhc4ueSSeZXo48FrnRw5MtaEqKmWpdd+gGzRsE0RdPiMdyXoQuxJJUjmbb2Rdwkvc6aKX0AKT1cJiImoHauupRpknqyAI10NypRpkJp0ARtyktdSfVuxJ6sewoAi5exA5gPJThSu+6UQoZD9hAHlHEFF6jjM8YFmPOdngf4rXcJ1IxDhh9K/V9K8tHhuPxQ+kDBntoafEWtH1Tujkt2Hb4/NUfBVb6vi76ZzrMqYyP6w1H4oAv6rAWT9ZoyP+8FXOwqspZLPiL2HmBcFb+khikia4gbbqcymhIsQ0hAzzSXhWobTuxDCi+KeNuYxN1zdwWSfJJUVbpJTeRzruuOa90q2xUFDU1AAHRxOePIErxTCYHV+MU8VrmaYA+Z1QB7DgmENpcIpYy3rCJpPidVaNp2t5KU1gY0NGwFglsgBkRW5JeiunrJbIENCIdiMRNHJElQAmQdiXKByXLkAcl8kiVIDx42GjRf5IsnN507EUjXsbcWa3sG6ZkLiNivNXJ6b4KiuwaOSVz6eTITqWuGiq5sPqYdXREjtbqFpXaDXRMvksdF1RnJHPKCZmEitq+nZNZ4cGPHduqtzSw2OveFunaOdqmIkXXSpiEXJUiAFXLlyAOXLlyAOXLlyAOXLlyAOXLua4pgKN1Ib7IUcbqQ32QgQTXFjg5uhGoXFxc4lxJJ5lIuQAq5KAlsgDgEqcgppamQRwsL3d3LxWkw/AqelAlqfrpd7W6rfzWGXPDGudmuPDLI+Crw3BZ6wh8gdHF226x8AtTQ0EFK1rYI8ttzbU+JRsa54sBlHYpbWvjYLkNHaF5ObqJ5Hzo9LHhjBcCiEOOaQ7J6NrDcsbYDmd000Ok0Ow2CfgdkuCN91gbUEIwXZiD42QgG1rG4Toc4kjdqnUeHvqAJJBkj5O5nw/NCTk6Qm1FckamppJ3dGxtzz7B4q6paKKkFx1pPvnl4Dl4pyNkcTAyFoaAie4DvPYuvFh545ZzZMozNI0Sxgutc3tzKbnmklBY3qs+adczMbneyTo16OPCo8vZwzyuXCIfRHku6E9im9H2hd0XcugxIXQm6UQuU3ou5KItUARBCSEXQXUwRWRCNAEMU4S+qjmpvRhLkAQBB9VHYuFMOxTsoXWHYgCEKbuSim7lNy3KXJpsgCIKdL0BUsRpQwIAp8YwluK4PVUJH66Mtb3O3B94C8NgkloK5kli2SCTUdhB1C+ig0XXi3pCwn6L4sqC1toqtoqGW2udHfEH3oGejYFlrKM5HXAIcLdhF1ZHD3O+2R4FY/wBG+J54ooHu1ymIjvGo+C9DsgRRVXDwrIXRSTvLHixBO4VZg3o7w7CMWZiHrEsrozmjjOjWnt71sLJLIAGy6yKy6yABtYpUqSyAOSpOS5ACpFy66AOS3SLrpAeWZLkGS1+zsTU4c4dUADwT7tt02RvqvHTPZaVFfLASN7lQp2mMXsrh5GXS2ihTRh5Itc9q6IZPZjOHooah7nHVQ3C6uZ6Elxt7goUlK5ull1xmno5XBrZALdUNrKS6EhNlluStMzcRq5XXRFqQhVZNHLkll1ygQq5JdKgDly5cgDly5cgDglKQJUAIN1IZq0JgbqRGOqmIIBKAlCdggknfkjYXHu5JNpcsaTehuyt8NwGestJNeKH/ABO8OxTsMwiKCVskobLIBpm9lv5q9yvk1B09y8/P1dfbA7cXTeZjNPSQUcIjp42tHO257+9SYoC83XMYGnVtvFPFxIysNhztuV5jk27Z3pJcIWzI9GgOePcE25r5HtJJzXtZPNaGsOnLdcWEFrjbRIYTRlJu7TwTsYJlGUZi7SwGrkcFG+pdaHYbk7BXtJQRUrB0Y6xGsh3P5K4wciJTURijoAwB0zczt+j3DfHt8FY5SQS52nNC58cEZc42aO5YLjar4hxIOpqCN0dAR1ms0fJ4ns7h5rvxYb0cWTLWyZjnG5fXx4Jw3knrZniI1BF2MPO3aR27eK11HRtpKSOmEj5Mgs57zdzzzJPaSvHuGsBr6jExC/DKgtGpcQYw3+tyHhqvZKWN8VLFFI7M9jQ0uHMr0IQUFSOOU3LY5kC7KEj3EBWFDhbKykbMZnNzE6AdhVkEGwS6XVr9AM/2h/uCX6BZ/tDv7IQBU6Fda/JWj8B5sqDf9pqg1FFUUZvI27PvN1CAGbaLrFEDfvRW00QAOyXRdyXIA7Kly9tl1w3+K4B8jwyNpc47AIAW1kuimxYPM8XklazuAunfoRn9O73BAFcCL6pVLkweZgvFKH9xFlCdmjeWSNLXDcFACkarDelXCvWsChxFjbyUclnfuO0+dvetxmAGqZq8JfjuG1NDl+qnjdGXu2FxofJAHinB2IOocVAvYEh48QfyXuDJGyRtkabte0OHmsjhXoTFLJHPVY450rDe0MNh4XJW7peHRS0kVO2qc/o2hoc5o1CBkO6VPVGHVNM0usJGjm3l5KKH3CBBlddHS08lYXCIt6u9yn/omr7Y/egCJou5KWcIq/vR+9J9EVf3o/egCKuUl+F1MbHPc5lmi51URrrhABc0ltEq5ACWXJVyQHlbtOaakfuLaI3G/kgy814x7Qw65da9u4ICQw2Gidkb22TRJOitMkaffU2CjvZcai6kuaed/BCYzbZUnRLVkF1KHnRuvYmJKEgm6thT5mkPcbHcDQJp0TGjK0X7FosrIeNMpJKUtOyYfC4K9fFca7KO+lafs+C3jl9mDx+imLShyqzfSWGqYfTEC61U0zNwZCISWUh0LhpbZNlhBV2Q4jdyuuiISEJ2TRy5JZdcoEEuSAhKgDhupMfsoqPDqqtd9RESPvHQLR4fgUVKBJUHpZBrt1W/mscmeGPezWGGUytocJlqSJJbxxb97vBaGno4aeLJE0Mv8fPmU+1odoG9VSY4yBdjNORPJeXlzyns9DHhjDQMUTYgMwFu9S4iSdtt02IS4gu1JUyJgDSLa9y5WzegDDsXb2112XBpDhbcnZPG5uAL6J2nhJdo0udtbmUtj0MBhynlrclTaTDHTFrpnFrDqAN3fkFOpaBkRD5C17hqNNB+amNcDrrdbQxezKWT0dDEyFgaxga1uwA0To1235omxkjXQdnajtpp7l6eLB5kcGTN4Q30ebVwBPaiEYH2QiAHguyncLsSS4Ryt2d5LraIvNJZMRGnJaFoeHzfCIz+075lZ6pHVNloeHv+54v3nfMoGWSrJeIsLgmfDJUlr2OyuHRu0PuVmvPcTizYrVn/AHzvmgDfU9RDVRCWCRsjDs5pRuY17S1wBB3B5rLcIyPjqp6cnqOYHAd4NvxWrQBmayD1KsdEPYOrfBIOWil8RANfTP5nMPkoMTrt1QIctdIRZKkJsEAMyvsFoMMoxTU7S4DpXi7j+CzrbSVkLDs6QA+9a5AxUxHW00spijqI3PH2Q4EqFxFM+DBpjGSHOs247CdVh4w6KRsjCWvYbgjkUAelqvxenElI6Zo68QvftHMKbA8yQRvO7mg/BJUAOppWnYsIPuQBm6FhrqpkQPV3cewLTsY2NgYxoDRoAFnOEvrHVMn3Q0Dzv+S0qAGKytpaCAz1lTFTxA2L5Xho95SUddS4hB09HUxVEV7Z4nhwv4heX+minlrKSN7SctDZ9htZ2hPyVF6FMQmh4pnoA89DUQOcW8szbWPxKAPdFmsZhFHVgs0ZKLgdh5rTKg4rsKandzzkfBAB8NuLxUHvCvFQcKa01Q7teB8Fc1TiyllcDYhhIPkgB5cvPG4hiLv/ADk39so/XcRP/nJv7ZQBua3SinP+7PyWVp33CiMqq54LX1UrmkWILjqpdOwhqBEoLlwSoARLZckSA8rdksdE2Rmdpf8ABE6MlvchJ1AA07l4p7RGka++6RrMu2p59ikusO3wCbc5rd9B8VVioDJuTv2ri4N5G6UuLthlHZzQusPHuSAFwcdShIjFwTr3I73OhQGNoINvAdqoBpzb7aDvQnKG2At2ntT7hra1z2dibDbXJsTdUmS0MlnaNtgmzGJNXKWIgRd17fNKGtB28Aq7xdtkB9K0iwFlGkozyF1amJ51Ja3xQ9GO1zu3SwWiyNGbgmUUlI4bgpl0JB2WgdEHcr37AmnUTD3k8mrVZvZk8XooTGexKIXE7K+ZhD5D7IaFYU2CMaQXC6JdTCPkFgkzO02EyznawV1RcOU7SHTNDz2HZXkNKyIZQ23inBAbG5t3LhydXKWuDph08VsBkEcDGtiDWgDQDQImwk6kkpWwODtNPJTIqQ2BeTbs7VyOR0JDcMFyLABTWhrG2y7c0rIstsmneU41oA011U2MbZFzIsU6WfZb8EoGYgDVWFPQMaA6Qd+Xt8U4xctCbS2R6ejfIM1so5uP4dqsoYGxRkNba+5OpKI3a1ug7LbWTzGOktbTvXVjxW6RzTyccjZJe9kYBvbYKSyMM10ujYxrBoN9yisO1eniwKHL2cOTM5cLQBcRuEua/cUjhlsb6fNK0XGot2LoMBfJFodkmUpNhqEAEAlskvokzGyAI9SNCr/h7/ueL953zKz9Q4WIWg4f/wC6Iv3nfMoGWSxFawHE6n/iu+a26xlZDMcRqSIZCDK61mnXVAEvhptsSkt/RH5halU3D+Hy0zJJ52ljpLBrTuArhAFFxN/5Xxd+CgwG7Qn+I5w+uihB/VtufP8A/iYhtYIEPbJHajRJe5XEjdAER0ohqY5SCQxwcQOdlcN4rw8mz2zM/q3VTLHmUR9Jc3sgC6xjFqHEMMdFTzZnlwOUtI+YVA6G4AA1OidbTBpU7C6P1rEYxa7Iznd5IA1ULckDGfdaB8EFZIIqKeQ7NjcfgnlTcTVXQ4aYGnrznLbu5/570DKLAMYhwoTNmje7pSCC3la/5q/j4owx/tPkj/eYfwWUjpiQnBS2OyAJHEbKbGJp42uEkM8PRk27QRzWC9D+HTQcfVbZG2NFBIx/c7MG/mt0I8jVZ8JcPw4dVYhiwFpcRc0+AaPxNygDTrOcXSAQ00fMuLvh/FaJYviKq9bxRzWm7YRkHjzQBccKN/0bK7tlPyCs8Sdlw2pd2RO+SgcLNy4Rf70jj8lazRMnidFILscLEdoQBjsOwiqq4w9kQaw7OcbAqwPDtSG3D4yey5WjGVjQ0AADQBKgDIyUktK/JNGWnl2FOsAAWjq6ZtVA6Nw1+yewrMscQ4scLFpsQgQ8u5LvDRIgBV2vauSapAeSmse4atak9YJHstTASrf6TD+p9D2od6YkeyEG7rnVIEqPpcP6j7ULquAA5LlyPpcP6j7Inc0DhZOIHBL6XD+onCIHdYAdiUAXvZdZEAj6bF6EoIUMudbo+gDz7RA7lzBqnmJ/TYv1LWOL8DbaKMDc37TqiFBGT1nOI7OSfanGo+mxfqV8cPRH+jo3H2nDwT0dDEza6eCcASfTYv1J+OK8AsiY0aBOAAbBcAlss30mD9QpA7G/NcHW+yClIQlT9Jg/UKQbagsdmyNJ5X5IxWv+6FGKS9kfR4P1DtRLOISAWyNTbsTkA1jafemHFR5XWBR9Hg/UaiieOJJaU5208RdyJvomzxzVtJtTQH3/AJqiqX3UJ26tdNhWomeSMb0alvHNXcH1SA69rvzT44/rhtR02n735rHDRG0q44oR0jF4oS2jX/8AaBX/AOyU/wDi/NEOP6//AGSn/wAX5rIgpQVfagWDF6Nd+ntcf/KU/wDi/NKOO63/AGWD/F+ayQKIFHajRdPh/U1v6dVvKkg+P5rv06rf9kp/8X5rKByK6O1FfTYf1NT+nVb/ALJT/wCL80n6c1v+ywf4vzWYukujtQvpsP6mgqOOK0g/yWD4/mvR+BK9+JcK01VIxrHPfILN20cQvEZ9l7J6Mv8AwPR/vy/9ZWc0kcPV4oQj9qNYuXFeL8R+kHiag4kxCjpq5rYYZ3MY3ommwB8FCVnDCDm6R7QqHifi/DOF6N0lTK2SpI+qpmu67z+A7143V8fcV1rMj8WlY0ix6IBnxAVC/pqiV0s8j5ZHG7nvcST5lUoG8end8mnf6RMSnqHzy0tOXvNz7X5r2Ojwmmmo4ZSXgyRtcQD2i6+c3MyhfS+HSx/RtL12/qWc+4Ikkic8FGqQ39DU33pPeu+hqb70nvU3pY/6RvvXdLH/AEjfeoOc8r4n4uqcD4hqcNp6aF8cVrOeTc3APaqr/tBr7f6lTf4vzUH0guB45r7G4u3/AKQs+XWauuEItco9HHixuKbRqx6QcTllbFFh9O97zZrWhxJPYNV63gFFUUmGxmsaxtXIM0oZs09g8Fg/RlwcczeIcQj3H8ljcP8AGfw969PWOTtuonHl7VKogyyMijdJI4NY0EucTYALxzGvSFPiGMyvpqeJ1Mw5YS+9y0c/PdW3pR4yDGu4dw+S73D+Vvb9kcmD8V5xTs02V4safLN+nwqXMjYRcaVZGtJB/i/NOnjOsGvq0Hx/NZhpAATtLT1GIVkdHSxmSaV2VrQun4oJco7vgwpW0bXhrFcR4jxZtK2miZAzrTyAHqt7N9yvTWNaxga0Wa0WA7FU8NcPwcPYUylZZ0p600lvbd+XYrCsq4KGklqqmQRQxNLnvOwC4ZtN8Hk5HGUvsXBTcZcTR8MYG+psHVMvUp4yd3dvgN15OzjaueSXUsBJ1J635qNxXxFNxTjT6twLKdnUgjP2W9viVVtjsF0Y8Srk6Y4Eo3I9e4R42wb6DiZiFfBS1WZ2eN1wBrpqe6y0P6U4G6B8seK0kgY0us2ZtzZeCMpJ5zaGCSQ9jGEqU3h7FnROl+jqhrGtzOc6MiwHiiWCN7MpYlezfDiCgxiRk0uLtZNKARF0lshP2R4Lc4JK+SgDZXmR0Zy5juRyXzwY9F7P6MqySs4WHSuLnxSGMuO5A2+Bt5LPJi7FaMpQo2K85x3G58P4iq6VsUZa1wIJvzAP4r0ZeR8YOtxlXDvZ/wBAR08YynUh40m+SxbxJUOGsEXxRjiGo/oY/iqGI3AT7SvS+nxejpWOHoufp+c/zMfxS/Ts/wDRR/FVIRJfT4vQ/jh6McNkqQLguc9QIbJUiUJDFCVIEqBnJHIkhSACyIBclARQIJoT7AmmjVPNCZcQwnGoAnGhIphtCcagCcaEmQwgEtlwXKSQSgKMoCpAEpslOFNuTGCSo0pT7io0hQUiFPqVGIUmXdMkIOeWxqyUIi1JZBIQSpAEVkFHBLdIlQOxQUQcgShBSY5dddAlQOxqY6L2b0Zf+BqP9+X/AKyvGJtivZ/Rl/4Go/35f+srLJo8/rH9prF888VsB4wxX/3T/mvoZfPvFH/i/Ff/AHT/AJqYbObpfyZVthFtkfRAJ1o0XFbpHqdqIksdwor4TdWZbdAYgeSKszlCyqMJSCI32Vk6EdiAxgclSiZ/GMxNyracA8HO4irRW1jCMOp3a306Z33R3dqzeEULMRxmjoZHOYyomaxzm7gE8l9EUFDT4dRxUdJE2KGJuVrWjZRkl2qkYZ8nYu1D7GNjYGMaGtaLADYBY70g8bx8M0HqlI4OxKob9W3foh98/gFslhMQ9E+FYpiEtdW4ric08zsznOkj93sbLCNXycUavk8ZiL553SyvL5HuLnOcbkk7kqxjAAXqLPQ9gTNq/EP7bP8A6opfRTg8cL3iur7taSLuZ/8AVdUc0Ed+PqMcVR5fcucGMaXOcbADUkr17gThAYHR+vVrAa+duo/om/d8e1Zb0VYPSYjV1OJ1LekfRua2JhFwCQet46aL1gbKM2W/tRn1Odv7EI5wY0ucQGgXJPJeMekHjT6eqzhdBJ/o+B3WcP55wO/gOS9YxzCG45hklA+rqKWOXR7qdwDnDsuQdCsg30PYGzavxD+2z/6rLG4p2zDFKEXcjyuFgARSENXq49E2Cj/z1f8A2mf/AFWZ474Kw/hnCIqylqamV75QwiVzSLWPYB2LqWaL4R2/UQlwj07B4IZMFongXa6njItp9kJ6tpITQVDeiBvE4WOt9FT8AYozFOEKJ4cC+BvQyDsLdPlZaMgEWK4ns818M+bnHVw71636KGkcMzOI0dUut7gqXFfRTWyYpLJh1XA2lleXBslw6O520Gq3/D2DRYBg0GHROziIEueR7Tibkroy5IyjSNJyTRZrx3jF4dxrXWN7Fg/wBevySMijdJI4NYwEucdgBzXhNXX/AEpjVXXa2nlc5t+y+nwT6ZfdYseywhOikNUWE2FlJaV6qOtMeaUSBqNMoxyVIClG6889FBBKEgShAwglSJUFHBcUqRIBLIgEiIIANo1TrU2wJ1qDRBtTjUDQnAgGGE4E21OBSyGEFy4LikSCUBRlAdlIAlNuTjk05A0NPUeU6KQ9RZSgp6Iz902QnXIbJmDGyENk4QkskKgbJQEtktkBQNkqWy6yBgpUtkiAFC5cuQMZm2XrHo8x/BqDg6lp6zFqKnma+TNHLUNa4XeSNCV5TI26iSQ3KiSs5c+PvVH0P+lnDh//AD2G/wDNM/NeIcRTRVPFOJTwSMlikqHOY9jrtcL7gqkbBrspcMeVKMaZlhw9jsfb7KVcNly2R3CWXJVyYAOCadsnjsmnhUiGSOHp4qfifDpp5GxRMqGFz3mwaL7kr3X9LeGxvj+G/wDNs/NfPMrLqK6HXZZTh3Oziy4u92fSH6XcNf8A7Bhn/Nx/mk/S7hr/APYMM/5uP8183GFD0Kj4TB4D6U/S7hr/APYMM/5tn5pufivhx1PIG49hpJYbAVTOzxXziIU62G6fwjXTnpXojxnDMNosSbiGI0tI58kZYJ5mszaHa51Xof6WcOf+v4b/AM2z8186dAexd0B7FTxW7Llgt2fRn6WcOf8Ar+G/82z8136V8Of+v4b/AM0z8186dB3IhAexT8Jn8B9E/pXw5/69hv8AzTPzWK9KWNYViXD9PDQ4lSVUgqA4thma8gWOtgV5WID2J5kHcrjhp2VHDTsu+DOLqjhOvcSwzUc1hNEDr+8O9ez4RxTguNwh9FiELnEaxOcGvb4tOq8BdBomHQOa64uCOYVTw3yE8Vn04CCLg3UasxKhw+Iy1lZBTsbuZJA35r5wFRWjQVc4HZ0h/NJllmcHSvfIe1ziVmunfsw+M9C419ILMWhfhWDl3q7tJpyLdIOwd3esrRssAodPBY7K0gblC7MWNR0aRjROjOgUhhUWM7J9hXSjVElicTTCnbqikY0IkIRBeeekggiCAIwgoUJVwSoKOSLlyAFRAIQjaEDQbQnWhAEbUGiHGpwIAjCQMMIghCIKWQwkl1y5Ik4oCiKEpAAU25OOTTjokNDL1FebkqRIVHKaCQ0QksjsksgzoCySycSWSCgMq6yKyWyBUBZdZFZdZAA2SWRWSIARclXWQANroTGCnLLrIFQ2IwjDbJUqaChLLkq5UMGyVKkQIQpp4TqB41VCYwWoMidISKjNoaMYQdGnygTJaBbGFMw+iNdiFPSNcGGolbGHEbZiBf4qMFZ8Pf8AiPDP/eRf9YQ+EJ8Js2DvRLVNIb9L02dw6rSwi6ymOcP1nD9f6nWtbmLczXsN2vHaF6dxdQ11Vxbw9LSQyObFIS+RrdGDM29zy0uqH0tPZ9I4cwEZ2xPJHOxIt8iscc5NpPyc2PJJtW7sqOGuAajHqI18tSykpLkNc4XLrbnwTnEfAE+B0H0hBVMq6UWzENsWg7HvC1nCogx/0dnCIagRziN8T+ZYS4kEjsOipsYxDFcF4bj4XqsLJzt6NlV0l2v61xlFvmUKcnOie+TnRgxEEQjAXozOBMCw/wBSo8Uq6h1bWktYY9G5gLlV8HA8LeMn4NUzyGnMBmikbYOIvbX4rdZoGnzQMrhuHuxPEYKKN7WOneGBzthdS+I+GZuHayOmnmZM6RmcFgIG9ua1lbwZh+DT0YixCUVc1axjcrwHMYb6gdum6axnhWWt4wpcL+kKiZr4OkfNO7O5jQTeyXypy3wZvIm98Hn/AEIvsjZEAvSRwNgFZLV4fQ1dS2tpQM7n6tuRp4qBgfBlEcGnxXGp5WRxOeCyLkGkgn3gp/NCrIc40Y6NoCksK0PFXC9Hg1NT11BUOkgnsMkm4uLgrONW0JqStAmnySoypLNlEYdQpMZWiGiUxODZMsTwVItGPCJCES4D1BQjCEIkDQS5IlQUcuXJQgBQEbQhCcagpBhG1AEbUFocCcCbanAkAQRIUqlkMVcuXJCOKEpULjokIByaeU44pl5SLQxIdU0QnHboCFRLASWR2SWSJBsksisuskAFktkVklkCBskRJLIARJZEkQIGy5EksgBFyWy5AhLJbLlyYHJEtlyoYi5cVyYhCgcE4hcmJjBCFOOCEqjNgISjKEhMTBG6s+HT/wD6PDP/AHkX/WFWp+iqn0NdT1cYBfBK2RoOxLTcfJD5RLVpo9a9IPFOKcOzUUeHvjYJ2PLy9mY6EWt715biGI1eKVj6utndNM/dzuzsHYp3EnFVZxPLTyVcMUZgDg3o763t2+CprqcUO1c7MsWNQirXJ6FhnDbaDgv9JsOrKsYgIukaI3jKLOsdLa6X3WpmqXYtwLTV2IxtZMeilNxazg8WI7L/AIrzrhvjnEuHaY0jI46imuSI5NMpO9iEfEXHeJcQ03qjo46amJBcyO5LrbXJWbxzcjnljm5cnpXEla2lxPCY24ZHV1E0rmwvkcWiJ2mtwD/kKBTS1svpHiNdTxQSDD3ACOTOCM297BZSi9J2L01IyGanp6l7BYSvBDvOyrqfjLE4uIH41J0ctQ9hjyuFmtb2ADwRHDOmiFikkW2JOc70pszEm1XGBfkNFsZCB6R4gTqaA/8AUvLpsdqJ+IBjTo2CcStlyi+W4/8A4plbxfiVZjcGLt6OGogblbkGhGu4PitJYpOv4HKDdfwehQ10/wCkuJwYdg1OJ48plnklLDKDtyKr8IxLE6LCq+XEMLZPhgllc4tkBIGYhzcp3F79io5/SXi0tM6OOnp4ZHC3StBJ8dVBwTjTEcGpXUoZHUwOJdklvoTvr3qFhlWjPsdF1xtgWHU2F02K0DHQiZzQY7mxDhcG3IrGsKs8e4pr+IOjZUCOKGM3bHGNL9qqmFdOKMoxqRSTS5JLCpMZUVhUiMrdFImRp4HRR2HZPjZUikZEIkgSrhPWFCJCN0aBo5cuXJDF5pQhRBAwgnAmwjCCkOBG1NhONSLQ41OBNgogUAw0V0F0qRIS5JdJdIRxKFxXEoCUgoRxTD3Jx7kyUFAHdDZGUKZINklkS5IQNklkdklkhCWSEI7ISEABZclXWQIGySyJIkIRclXEIAFdZKkTEcuXJU0AiREhKYHJFxSKiTkhSpCqBjbkCcKAhBLBskKJIQmSAQkREIUyWLdKChXXQAYKJpTV0YcqRmx4HRGCmQU4CrRDHAiCbBRgqjNjgRDZAEYQQwgnGIAjamQyQw7KRGozFIjVICUw7KQDoozCnwdFRSMqlSJVxHrhNRIW7IkikcuSpEhihKEgSoAJu6MIAiGyRSDCcam2o2oLQ4CiBTYRAoGOApboAUQKQgrpLpLoSUhHEoHFKSm3FAAuKAlKd0KAZyRKkQSIuSrkhCLgEqVAxCEBThQFITAXJUiBCJEvNcgQK5KkQAllyVcgQi6y5cmhCJClSFUgYhSLiuVCESFKkVCBKFEkQSIhIRoSgQBCQhEkKBALkSRBNArgUpCFMloca5OtcowKdaSqTM2h8FOAplpunGlaIzY6CjCbG6NqZmxwJxqbajaghj7FIjUZm6fjVIRKYU+DoozCngTZUUj/2Q==');

INSERT INTO products(productCode, productName, productLine, productVendor, productDescription, quantityInStock, buyPrice, MSRP) VALUES 
('SM-001', 'Chopin: Études Complete (Op. 10 & 25)', 'Sheet Music', 'Henle Verlag', 'Beautiful Urtext edition with the traditional blue cover.', 50, 25.00, 35.00),
('SM-002', 'Beethoven: Sonata No. 14 "Moonlight"', 'Sheet Music', 'Bärenreiter', 'Accurate sheet music from Beethoven''s original manuscript.', 100, 15.00, 20.00),
('SM-003', 'Rachmaninoff: Études-Tableaux Op. 39', 'Sheet Music', 'Boosey & Hawkes', 'Includes Étude-Tableau No. 5 with complex arpeggiated passages.', 30, 28.00, 40.00),
('ACC-001', 'Wittner Mechanical Metronome', 'Accessories', 'Wittner', 'Oak wood mechanical metronome with a crisp clicking sound.', 20, 45.00, 60.00),
('INS-001', 'Yamaha P-225 Digital Piano', 'Instruments', 'Yamaha', '88-key digital piano featuring GHC (Graded Hammer Compact) standard.', 10, 500.00, 650.00);

INSERT INTO orders(orderNumber, orderDate, requiredDate, shippedDate, status, comments, customerNumber) VALUES 
(101, '2026-05-20', '2026-05-25', '2026-05-22', 'SHIPPED', 'Express delivery requested.', 1),
(102, '2026-05-21', '2026-05-26', NULL, 'PENDING', 'Customer requested weekend delivery.', 2),
(103, '2026-05-22', '2026-05-27', '2026-05-24', 'SHIPPED', NULL, 3),
(104, '2026-05-23', '2026-05-28', NULL, 'PENDING', 'Please include birthday gift wrapping.', 1),
(105, '2026-05-25', '2026-05-30', NULL, 'PENDING', NULL, 4);

INSERT INTO orderdetails(orderNumber, productCode, quantityOrdered, priceEach) VALUES 
(101, 'SM-001', 1, 35.00),   -- Chopin Études
(101, 'ACC-001', 1, 60.00),  -- Metronome
(102, 'INS-001', 1, 650.00), -- Yamaha Piano
(103, 'SM-002', 2, 20.00),   -- Beethoven Sonata x2
(104, 'SM-003', 1, 40.00),   -- Rachmaninoff
(104, 'SM-001', 1, 35.00),   -- Additional Chopin
(105, 'ACC-001', 2, 60.00);  -- Metronome x2

INSERT INTO payments(customerNumber, checkNumber, paymentDate, amount) VALUES 
(1, 'CHK-2026-001', '2026-05-20', 95.00),   -- Order 101: 35 + 60
(2, 'CHK-2026-002', '2026-05-21', 650.00),  -- Order 102
(3, 'CHK-2026-003', '2026-05-22', 40.00),   -- Order 103: 20 * 2
(1, 'CHK-2026-004', '2026-05-23', 75.00);   -- Order 104: 40 + 35

ALTER TABLE users AUTO_INCREMENT = 16;
ALTER TABLE employees AUTO_INCREMENT = 6;
ALTER TABLE customers AUTO_INCREMENT = 11;
ALTER TABLE orders AUTO_INCREMENT = 106;